From https://github.com/VCVRack/library
 * branch            v2         -> FETCH_HEAD
In file included from /Users/miu/Code/peach-cat/.tmp/surge-reverb-debug/adapter.cpp:15:
In file included from /Users/miu/Code/peach-cat/.cache/vcv-library-sources/SurgeXTRack/640153d4e70896a707bc3a7cbff1d375c44581b6/src/TemposyncSupport.h:23:
In file included from /Users/miu/Code/peach-cat/.cache/vcv-library-sources/SurgeXTRack/640153d4e70896a707bc3a7cbff1d375c44581b6/surge/src/common/Parameter.h:25:
In file included from /Users/miu/Code/peach-cat/.cache/vcv-library-sources/SurgeXTRack/640153d4e70896a707bc3a7cbff1d375c44581b6/surge/src/common/globals.h:62:
In file included from /Users/miu/Code/peach-cat/.cache/vcv-library-sources/SurgeXTRack/640153d4e70896a707bc3a7cbff1d375c44581b6/surge/libs/simde/simde/x86/sse2.h:35:
In file included from /Users/miu/Code/peach-cat/.cache/vcv-library-sources/SurgeXTRack/640153d4e70896a707bc3a7cbff1d375c44581b6/surge/libs/simde/simde/x86/sse.h:33:
In file included from /Users/miu/Code/peach-cat/.cache/vcv-library-sources/SurgeXTRack/640153d4e70896a707bc3a7cbff1d375c44581b6/surge/libs/simde/simde/x86/mmx.h:30:
In file included from /Users/miu/Code/peach-cat/.cache/vcv-library-sources/SurgeXTRack/640153d4e70896a707bc3a7cbff1d375c44581b6/surge/libs/simde/simde/x86/../simde-common.h:47:
/Users/miu/Code/peach-cat/.cache/vcv-library-sources/SurgeXTRack/640153d4e70896a707bc3a7cbff1d375c44581b6/surge/libs/simde/simde/x86/../simde-math.h:1269:47: warning: macro '__EMSCRIPTEN_major__' has been marked as deprecated: Use __EMSCRIPTEN_MAJOR__ instead [-Wdeprecated-pragma]
 1269 |      ((!defined(HEDLEY_EMSCRIPTEN_VERSION) || HEDLEY_EMSCRIPTEN_VERSION_CHECK(3, 1, 43)) && HEDLEY_HAS_BUILTIN(__builtin_roundeven)) || \
      |                                               ^
/Users/miu/Code/peach-cat/.cache/vcv-library-sources/SurgeXTRack/640153d4e70896a707bc3a7cbff1d375c44581b6/surge/libs/simde/simde/x86/../hedley.h:195:63: note: expanded from macro 'HEDLEY_EMSCRIPTEN_VERSION_CHECK'
  195 | #  define HEDLEY_EMSCRIPTEN_VERSION_CHECK(major,minor,patch) (HEDLEY_EMSCRIPTEN_VERSION >= HEDLEY_VERSION_ENCODE(major, minor, patch))
      |                                                               ^
/Users/miu/Code/peach-cat/.cache/vcv-library-sources/SurgeXTRack/640153d4e70896a707bc3a7cbff1d375c44581b6/surge/libs/simde/simde/x86/../hedley.h:188:59: note: expanded from macro 'HEDLEY_EMSCRIPTEN_VERSION'
  188 | #  define HEDLEY_EMSCRIPTEN_VERSION HEDLEY_VERSION_ENCODE(__EMSCRIPTEN_major__, __EMSCRIPTEN_minor__, __EMSCRIPTEN_tiny__)
      |                                                           ^
/opt/homebrew/Cellar/emscripten/6.0.3/libexec/cache/sysroot/include/emscripten/version.h:10:82: note: macro marked 'deprecated' here
   10 | #pragma clang deprecated(__EMSCRIPTEN_major__, "Use __EMSCRIPTEN_MAJOR__ instead")
      |                                                                                  ^
In file included from /Users/miu/Code/peach-cat/.tmp/surge-reverb-debug/adapter.cpp:15:
In file included from /Users/miu/Code/peach-cat/.cache/vcv-library-sources/SurgeXTRack/640153d4e70896a707bc3a7cbff1d375c44581b6/src/TemposyncSupport.h:23:
In file included from /Users/miu/Code/peach-cat/.cache/vcv-library-sources/SurgeXTRack/640153d4e70896a707bc3a7cbff1d375c44581b6/surge/src/common/Parameter.h:25:
In file included from /Users/miu/Code/peach-cat/.cache/vcv-library-sources/SurgeXTRack/640153d4e70896a707bc3a7cbff1d375c44581b6/surge/src/common/globals.h:62:
In file included from /Users/miu/Code/peach-cat/.cache/vcv-library-sources/SurgeXTRack/640153d4e70896a707bc3a7cbff1d375c44581b6/surge/libs/simde/simde/x86/sse2.h:35:
In file included from /Users/miu/Code/peach-cat/.cache/vcv-library-sources/SurgeXTRack/640153d4e70896a707bc3a7cbff1d375c44581b6/surge/libs/simde/simde/x86/sse.h:33:
In file included from /Users/miu/Code/peach-cat/.cache/vcv-library-sources/SurgeXTRack/640153d4e70896a707bc3a7cbff1d375c44581b6/surge/libs/simde/simde/x86/mmx.h:30:
In file included from /Users/miu/Code/peach-cat/.cache/vcv-library-sources/SurgeXTRack/640153d4e70896a707bc3a7cbff1d375c44581b6/surge/libs/simde/simde/x86/../simde-common.h:47:
/Users/miu/Code/peach-cat/.cache/vcv-library-sources/SurgeXTRack/640153d4e70896a707bc3a7cbff1d375c44581b6/surge/libs/simde/simde/x86/../simde-math.h:1269:47: warning: macro '__EMSCRIPTEN_minor__' has been marked as deprecated: Use __EMSCRIPTEN_MINOR__ instead [-Wdeprecated-pragma]
 1269 |      ((!defined(HEDLEY_EMSCRIPTEN_VERSION) || HEDLEY_EMSCRIPTEN_VERSION_CHECK(3, 1, 43)) && HEDLEY_HAS_BUILTIN(__builtin_roundeven)) || \
      |                                               ^
/Users/miu/Code/peach-cat/.cache/vcv-library-sources/SurgeXTRack/640153d4e70896a707bc3a7cbff1d375c44581b6/surge/libs/simde/simde/x86/../hedley.h:195:63: note: expanded from macro 'HEDLEY_EMSCRIPTEN_VERSION_CHECK'
  195 | #  define HEDLEY_EMSCRIPTEN_VERSION_CHECK(major,minor,patch) (HEDLEY_EMSCRIPTEN_VERSION >= HEDLEY_VERSION_ENCODE(major, minor, patch))
      |                                                               ^
/Users/miu/Code/peach-cat/.cache/vcv-library-sources/SurgeXTRack/640153d4e70896a707bc3a7cbff1d375c44581b6/surge/libs/simde/simde/x86/../hedley.h:188:81: note: expanded from macro 'HEDLEY_EMSCRIPTEN_VERSION'
  188 | #  define HEDLEY_EMSCRIPTEN_VERSION HEDLEY_VERSION_ENCODE(__EMSCRIPTEN_major__, __EMSCRIPTEN_minor__, __EMSCRIPTEN_tiny__)
      |                                                                                 ^
/opt/homebrew/Cellar/emscripten/6.0.3/libexec/cache/sysroot/include/emscripten/version.h:11:82: note: macro marked 'deprecated' here
   11 | #pragma clang deprecated(__EMSCRIPTEN_minor__, "Use __EMSCRIPTEN_MINOR__ instead")
      |                                                                                  ^
In file included from /Users/miu/Code/peach-cat/.tmp/surge-reverb-debug/adapter.cpp:15:
In file included from /Users/miu/Code/peach-cat/.cache/vcv-library-sources/SurgeXTRack/640153d4e70896a707bc3a7cbff1d375c44581b6/src/TemposyncSupport.h:23:
In file included from /Users/miu/Code/peach-cat/.cache/vcv-library-sources/SurgeXTRack/640153d4e70896a707bc3a7cbff1d375c44581b6/surge/src/common/Parameter.h:25:
In file included from /Users/miu/Code/peach-cat/.cache/vcv-library-sources/SurgeXTRack/640153d4e70896a707bc3a7cbff1d375c44581b6/surge/src/common/globals.h:62:
In file included from /Users/miu/Code/peach-cat/.cache/vcv-library-sources/SurgeXTRack/640153d4e70896a707bc3a7cbff1d375c44581b6/surge/libs/simde/simde/x86/sse2.h:35:
In file included from /Users/miu/Code/peach-cat/.cache/vcv-library-sources/SurgeXTRack/640153d4e70896a707bc3a7cbff1d375c44581b6/surge/libs/simde/simde/x86/sse.h:33:
In file included from /Users/miu/Code/peach-cat/.cache/vcv-library-sources/SurgeXTRack/640153d4e70896a707bc3a7cbff1d375c44581b6/surge/libs/simde/simde/x86/mmx.h:30:
In file included from /Users/miu/Code/peach-cat/.cache/vcv-library-sources/SurgeXTRack/640153d4e70896a707bc3a7cbff1d375c44581b6/surge/libs/simde/simde/x86/../simde-common.h:47:
/Users/miu/Code/peach-cat/.cache/vcv-library-sources/SurgeXTRack/640153d4e70896a707bc3a7cbff1d375c44581b6/surge/libs/simde/simde/x86/../simde-math.h:1269:47: warning: macro '__EMSCRIPTEN_tiny__' has been marked as deprecated: Use __EMSCRIPTEN_TINY__ instead [-Wdeprecated-pragma]
 1269 |      ((!defined(HEDLEY_EMSCRIPTEN_VERSION) || HEDLEY_EMSCRIPTEN_VERSION_CHECK(3, 1, 43)) && HEDLEY_HAS_BUILTIN(__builtin_roundeven)) || \
      |                                               ^
/Users/miu/Code/peach-cat/.cache/vcv-library-sources/SurgeXTRack/640153d4e70896a707bc3a7cbff1d375c44581b6/surge/libs/simde/simde/x86/../hedley.h:195:63: note: expanded from macro 'HEDLEY_EMSCRIPTEN_VERSION_CHECK'
  195 | #  define HEDLEY_EMSCRIPTEN_VERSION_CHECK(major,minor,patch) (HEDLEY_EMSCRIPTEN_VERSION >= HEDLEY_VERSION_ENCODE(major, minor, patch))
      |                                                               ^
/Users/miu/Code/peach-cat/.cache/vcv-library-sources/SurgeXTRack/640153d4e70896a707bc3a7cbff1d375c44581b6/surge/libs/simde/simde/x86/../hedley.h:188:103: note: expanded from macro 'HEDLEY_EMSCRIPTEN_VERSION'
  188 | #  define HEDLEY_EMSCRIPTEN_VERSION HEDLEY_VERSION_ENCODE(__EMSCRIPTEN_major__, __EMSCRIPTEN_minor__, __EMSCRIPTEN_tiny__)
      |                                                                                                       ^
/opt/homebrew/Cellar/emscripten/6.0.3/libexec/cache/sysroot/include/emscripten/version.h:12:80: note: macro marked 'deprecated' here
   12 | #pragma clang deprecated(__EMSCRIPTEN_tiny__, "Use __EMSCRIPTEN_TINY__ instead")
      |                                                                                ^
In file included from /Users/miu/Code/peach-cat/.tmp/surge-reverb-debug/adapter.cpp:15:
In file included from /Users/miu/Code/peach-cat/.cache/vcv-library-sources/SurgeXTRack/640153d4e70896a707bc3a7cbff1d375c44581b6/src/TemposyncSupport.h:23:
In file included from /Users/miu/Code/peach-cat/.cache/vcv-library-sources/SurgeXTRack/640153d4e70896a707bc3a7cbff1d375c44581b6/surge/src/common/Parameter.h:25:
In file included from /Users/miu/Code/peach-cat/.cache/vcv-library-sources/SurgeXTRack/640153d4e70896a707bc3a7cbff1d375c44581b6/surge/src/common/globals.h:62:
In file included from /Users/miu/Code/peach-cat/.cache/vcv-library-sources/SurgeXTRack/640153d4e70896a707bc3a7cbff1d375c44581b6/surge/libs/simde/simde/x86/sse2.h:35:
In file included from /Users/miu/Code/peach-cat/.cache/vcv-library-sources/SurgeXTRack/640153d4e70896a707bc3a7cbff1d375c44581b6/surge/libs/simde/simde/x86/sse.h:33:
In file included from /Users/miu/Code/peach-cat/.cache/vcv-library-sources/SurgeXTRack/640153d4e70896a707bc3a7cbff1d375c44581b6/surge/libs/simde/simde/x86/mmx.h:30:
In file included from /Users/miu/Code/peach-cat/.cache/vcv-library-sources/SurgeXTRack/640153d4e70896a707bc3a7cbff1d375c44581b6/surge/libs/simde/simde/x86/../simde-common.h:47:
/Users/miu/Code/peach-cat/.cache/vcv-library-sources/SurgeXTRack/640153d4e70896a707bc3a7cbff1d375c44581b6/surge/libs/simde/simde/x86/../simde-math.h:1289:47: warning: macro '__EMSCRIPTEN_major__' has been marked as deprecated: Use __EMSCRIPTEN_MAJOR__ instead [-Wdeprecated-pragma]
 1289 |      ((!defined(HEDLEY_EMSCRIPTEN_VERSION) || HEDLEY_EMSCRIPTEN_VERSION_CHECK(3, 1, 43)) && HEDLEY_HAS_BUILTIN(__builtin_roundevenf)) || \
      |                                               ^
/Users/miu/Code/peach-cat/.cache/vcv-library-sources/SurgeXTRack/640153d4e70896a707bc3a7cbff1d375c44581b6/surge/libs/simde/simde/x86/../hedley.h:195:63: note: expanded from macro 'HEDLEY_EMSCRIPTEN_VERSION_CHECK'
  195 | #  define HEDLEY_EMSCRIPTEN_VERSION_CHECK(major,minor,patch) (HEDLEY_EMSCRIPTEN_VERSION >= HEDLEY_VERSION_ENCODE(major, minor, patch))
      |                                                               ^
/Users/miu/Code/peach-cat/.cache/vcv-library-sources/SurgeXTRack/640153d4e70896a707bc3a7cbff1d375c44581b6/surge/libs/simde/simde/x86/../hedley.h:188:59: note: expanded from macro 'HEDLEY_EMSCRIPTEN_VERSION'
  188 | #  define HEDLEY_EMSCRIPTEN_VERSION HEDLEY_VERSION_ENCODE(__EMSCRIPTEN_major__, __EMSCRIPTEN_minor__, __EMSCRIPTEN_tiny__)
      |                                                           ^
/opt/homebrew/Cellar/emscripten/6.0.3/libexec/cache/sysroot/include/emscripten/version.h:10:82: note: macro marked 'deprecated' here
   10 | #pragma clang deprecated(__EMSCRIPTEN_major__, "Use __EMSCRIPTEN_MAJOR__ instead")
      |                                                                                  ^
In file included from /Users/miu/Code/peach-cat/.tmp/surge-reverb-debug/adapter.cpp:15:
In file included from /Users/miu/Code/peach-cat/.cache/vcv-library-sources/SurgeXTRack/640153d4e70896a707bc3a7cbff1d375c44581b6/src/TemposyncSupport.h:23:
In file included from /Users/miu/Code/peach-cat/.cache/vcv-library-sources/SurgeXTRack/640153d4e70896a707bc3a7cbff1d375c44581b6/surge/src/common/Parameter.h:25:
In file included from /Users/miu/Code/peach-cat/.cache/vcv-library-sources/SurgeXTRack/640153d4e70896a707bc3a7cbff1d375c44581b6/surge/src/common/globals.h:62:
In file included from /Users/miu/Code/peach-cat/.cache/vcv-library-sources/SurgeXTRack/640153d4e70896a707bc3a7cbff1d375c44581b6/surge/libs/simde/simde/x86/sse2.h:35:
In file included from /Users/miu/Code/peach-cat/.cache/vcv-library-sources/SurgeXTRack/640153d4e70896a707bc3a7cbff1d375c44581b6/surge/libs/simde/simde/x86/sse.h:33:
In file included from /Users/miu/Code/peach-cat/.cache/vcv-library-sources/SurgeXTRack/640153d4e70896a707bc3a7cbff1d375c44581b6/surge/libs/simde/simde/x86/mmx.h:30:
In file included from /Users/miu/Code/peach-cat/.cache/vcv-library-sources/SurgeXTRack/640153d4e70896a707bc3a7cbff1d375c44581b6/surge/libs/simde/simde/x86/../simde-common.h:47:
/Users/miu/Code/peach-cat/.cache/vcv-library-sources/SurgeXTRack/640153d4e70896a707bc3a7cbff1d375c44581b6/surge/libs/simde/simde/x86/../simde-math.h:1289:47: warning: macro '__EMSCRIPTEN_minor__' has been marked as deprecated: Use __EMSCRIPTEN_MINOR__ instead [-Wdeprecated-pragma]
 1289 |      ((!defined(HEDLEY_EMSCRIPTEN_VERSION) || HEDLEY_EMSCRIPTEN_VERSION_CHECK(3, 1, 43)) && HEDLEY_HAS_BUILTIN(__builtin_roundevenf)) || \
      |                                               ^
/Users/miu/Code/peach-cat/.cache/vcv-library-sources/SurgeXTRack/640153d4e70896a707bc3a7cbff1d375c44581b6/surge/libs/simde/simde/x86/../hedley.h:195:63: note: expanded from macro 'HEDLEY_EMSCRIPTEN_VERSION_CHECK'
  195 | #  define HEDLEY_EMSCRIPTEN_VERSION_CHECK(major,minor,patch) (HEDLEY_EMSCRIPTEN_VERSION >= HEDLEY_VERSION_ENCODE(major, minor, patch))
      |                                                               ^
/Users/miu/Code/peach-cat/.cache/vcv-library-sources/SurgeXTRack/640153d4e70896a707bc3a7cbff1d375c44581b6/surge/libs/simde/simde/x86/../hedley.h:188:81: note: expanded from macro 'HEDLEY_EMSCRIPTEN_VERSION'
  188 | #  define HEDLEY_EMSCRIPTEN_VERSION HEDLEY_VERSION_ENCODE(__EMSCRIPTEN_major__, __EMSCRIPTEN_minor__, __EMSCRIPTEN_tiny__)
      |                                                                                 ^
/opt/homebrew/Cellar/emscripten/6.0.3/libexec/cache/sysroot/include/emscripten/version.h:11:82: note: macro marked 'deprecated' here
   11 | #pragma clang deprecated(__EMSCRIPTEN_minor__, "Use __EMSCRIPTEN_MINOR__ instead")
      |                                                                                  ^
In file included from /Users/miu/Code/peach-cat/.tmp/surge-reverb-debug/adapter.cpp:15:
In file included from /Users/miu/Code/peach-cat/.cache/vcv-library-sources/SurgeXTRack/640153d4e70896a707bc3a7cbff1d375c44581b6/src/TemposyncSupport.h:23:
In file included from /Users/miu/Code/peach-cat/.cache/vcv-library-sources/SurgeXTRack/640153d4e70896a707bc3a7cbff1d375c44581b6/surge/src/common/Parameter.h:25:
In file included from /Users/miu/Code/peach-cat/.cache/vcv-library-sources/SurgeXTRack/640153d4e70896a707bc3a7cbff1d375c44581b6/surge/src/common/globals.h:62:
In file included from /Users/miu/Code/peach-cat/.cache/vcv-library-sources/SurgeXTRack/640153d4e70896a707bc3a7cbff1d375c44581b6/surge/libs/simde/simde/x86/sse2.h:35:
In file included from /Users/miu/Code/peach-cat/.cache/vcv-library-sources/SurgeXTRack/640153d4e70896a707bc3a7cbff1d375c44581b6/surge/libs/simde/simde/x86/sse.h:33:
In file included from /Users/miu/Code/peach-cat/.cache/vcv-library-sources/SurgeXTRack/640153d4e70896a707bc3a7cbff1d375c44581b6/surge/libs/simde/simde/x86/mmx.h:30:
In file included from /Users/miu/Code/peach-cat/.cache/vcv-library-sources/SurgeXTRack/640153d4e70896a707bc3a7cbff1d375c44581b6/surge/libs/simde/simde/x86/../simde-common.h:47:
/Users/miu/Code/peach-cat/.cache/vcv-library-sources/SurgeXTRack/640153d4e70896a707bc3a7cbff1d375c44581b6/surge/libs/simde/simde/x86/../simde-math.h:1289:47: warning: macro '__EMSCRIPTEN_tiny__' has been marked as deprecated: Use __EMSCRIPTEN_TINY__ instead [-Wdeprecated-pragma]
 1289 |      ((!defined(HEDLEY_EMSCRIPTEN_VERSION) || HEDLEY_EMSCRIPTEN_VERSION_CHECK(3, 1, 43)) && HEDLEY_HAS_BUILTIN(__builtin_roundevenf)) || \
      |                                               ^
/Users/miu/Code/peach-cat/.cache/vcv-library-sources/SurgeXTRack/640153d4e70896a707bc3a7cbff1d375c44581b6/surge/libs/simde/simde/x86/../hedley.h:195:63: note: expanded from macro 'HEDLEY_EMSCRIPTEN_VERSION_CHECK'
  195 | #  define HEDLEY_EMSCRIPTEN_VERSION_CHECK(major,minor,patch) (HEDLEY_EMSCRIPTEN_VERSION >= HEDLEY_VERSION_ENCODE(major, minor, patch))
      |                                                               ^
/Users/miu/Code/peach-cat/.cache/vcv-library-sources/SurgeXTRack/640153d4e70896a707bc3a7cbff1d375c44581b6/surge/libs/simde/simde/x86/../hedley.h:188:103: note: expanded from macro 'HEDLEY_EMSCRIPTEN_VERSION'
  188 | #  define HEDLEY_EMSCRIPTEN_VERSION HEDLEY_VERSION_ENCODE(__EMSCRIPTEN_major__, __EMSCRIPTEN_minor__, __EMSCRIPTEN_tiny__)
      |                                                                                                       ^
/opt/homebrew/Cellar/emscripten/6.0.3/libexec/cache/sysroot/include/emscripten/version.h:12:80: note: macro marked 'deprecated' here
   12 | #pragma clang deprecated(__EMSCRIPTEN_tiny__, "Use __EMSCRIPTEN_TINY__ instead")
      |                                                                                ^
In file included from /Users/miu/Code/peach-cat/.tmp/surge-reverb-debug/adapter.cpp:15:
In file included from /Users/miu/Code/peach-cat/.cache/vcv-library-sources/SurgeXTRack/640153d4e70896a707bc3a7cbff1d375c44581b6/src/TemposyncSupport.h:23:
In file included from /Users/miu/Code/peach-cat/.cache/vcv-library-sources/SurgeXTRack/640153d4e70896a707bc3a7cbff1d375c44581b6/surge/src/common/Parameter.h:25:
In file included from /Users/miu/Code/peach-cat/.cache/vcv-library-sources/SurgeXTRack/640153d4e70896a707bc3a7cbff1d375c44581b6/surge/src/common/globals.h:62:
In file included from /Users/miu/Code/peach-cat/.cache/vcv-library-sources/SurgeXTRack/640153d4e70896a707bc3a7cbff1d375c44581b6/surge/libs/simde/simde/x86/sse2.h:35:
/Users/miu/Code/peach-cat/.cache/vcv-library-sources/SurgeXTRack/640153d4e70896a707bc3a7cbff1d375c44581b6/surge/libs/simde/simde/x86/sse.h:4026:11: warning: '_MM_SHUFFLE' macro redefined [-Wmacro-redefined]
 4026 | #  define _MM_SHUFFLE(z, y, x, w) SIMDE_MM_SHUFFLE(z, y, x, w)
      |           ^
/Users/miu/Code/peach-cat/web-runtime/include/rack_web.hpp:490:9: note: previous definition is here
  490 | #define _MM_SHUFFLE(z, y, x, w) (((z) << 6) | ((y) << 4) | ((x) << 2) | (w))
      |         ^
7 warnings generated.
In file included from /Users/miu/Code/peach-cat/.cache/vcv-library-sources/SurgeXTRack/640153d4e70896a707bc3a7cbff1d375c44581b6/surge/src/common/FxPresetAndClipboardManager.cpp:23:
In file included from /Users/miu/Code/peach-cat/.cache/vcv-library-sources/SurgeXTRack/640153d4e70896a707bc3a7cbff1d375c44581b6/surge/src/common/FxPresetAndClipboardManager.h:26:
In file included from /Users/miu/Code/peach-cat/.cache/vcv-library-sources/SurgeXTRack/640153d4e70896a707bc3a7cbff1d375c44581b6/surge/src/common/SurgeStorage.h:25:
In file included from /Users/miu/Code/peach-cat/.cache/vcv-library-sources/SurgeXTRack/640153d4e70896a707bc3a7cbff1d375c44581b6/surge/src/common/globals.h:62:
In file included from /Users/miu/Code/peach-cat/.cache/vcv-library-sources/SurgeXTRack/640153d4e70896a707bc3a7cbff1d375c44581b6/surge/libs/simde/simde/x86/sse2.h:35:
In file included from /Users/miu/Code/peach-cat/.cache/vcv-library-sources/SurgeXTRack/640153d4e70896a707bc3a7cbff1d375c44581b6/surge/libs/simde/simde/x86/sse.h:33:
In file included from /Users/miu/Code/peach-cat/.cache/vcv-library-sources/SurgeXTRack/640153d4e70896a707bc3a7cbff1d375c44581b6/surge/libs/simde/simde/x86/mmx.h:30:
In file included from /Users/miu/Code/peach-cat/.cache/vcv-library-sources/SurgeXTRack/640153d4e70896a707bc3a7cbff1d375c44581b6/surge/libs/simde/simde/x86/../simde-common.h:47:
/Users/miu/Code/peach-cat/.cache/vcv-library-sources/SurgeXTRack/640153d4e70896a707bc3a7cbff1d375c44581b6/surge/libs/simde/simde/x86/../simde-math.h:1269:47: warning: macro '__EMSCRIPTEN_major__' has been marked as deprecated: Use __EMSCRIPTEN_MAJOR__ instead [-Wdeprecated-pragma]
 1269 |      ((!defined(HEDLEY_EMSCRIPTEN_VERSION) || HEDLEY_EMSCRIPTEN_VERSION_CHECK(3, 1, 43)) && HEDLEY_HAS_BUILTIN(__builtin_roundeven)) || \
      |                                               ^
/Users/miu/Code/peach-cat/.cache/vcv-library-sources/SurgeXTRack/640153d4e70896a707bc3a7cbff1d375c44581b6/surge/libs/simde/simde/x86/../hedley.h:195:63: note: expanded from macro 'HEDLEY_EMSCRIPTEN_VERSION_CHECK'
  195 | #  define HEDLEY_EMSCRIPTEN_VERSION_CHECK(major,minor,patch) (HEDLEY_EMSCRIPTEN_VERSION >= HEDLEY_VERSION_ENCODE(major, minor, patch))
      |                                                               ^
/Users/miu/Code/peach-cat/.cache/vcv-library-sources/SurgeXTRack/640153d4e70896a707bc3a7cbff1d375c44581b6/surge/libs/simde/simde/x86/../hedley.h:188:59: note: expanded from macro 'HEDLEY_EMSCRIPTEN_VERSION'
  188 | #  define HEDLEY_EMSCRIPTEN_VERSION HEDLEY_VERSION_ENCODE(__EMSCRIPTEN_major__, __EMSCRIPTEN_minor__, __EMSCRIPTEN_tiny__)
      |                                                           ^
/opt/homebrew/Cellar/emscripten/6.0.3/libexec/cache/sysroot/include/emscripten/version.h:10:82: note: macro marked 'deprecated' here
   10 | #pragma clang deprecated(__EMSCRIPTEN_major__, "Use __EMSCRIPTEN_MAJOR__ instead")
      |                                                                                  ^
In file included from /Users/miu/Code/peach-cat/.cache/vcv-library-sources/SurgeXTRack/640153d4e70896a707bc3a7cbff1d375c44581b6/surge/src/common/FxPresetAndClipboardManager.cpp:23:
In file included from /Users/miu/Code/peach-cat/.cache/vcv-library-sources/SurgeXTRack/640153d4e70896a707bc3a7cbff1d375c44581b6/surge/src/common/FxPresetAndClipboardManager.h:26:
In file included from /Users/miu/Code/peach-cat/.cache/vcv-library-sources/SurgeXTRack/640153d4e70896a707bc3a7cbff1d375c44581b6/surge/src/common/SurgeStorage.h:25:
In file included from /Users/miu/Code/peach-cat/.cache/vcv-library-sources/SurgeXTRack/640153d4e70896a707bc3a7cbff1d375c44581b6/surge/src/common/globals.h:62:
In file included from /Users/miu/Code/peach-cat/.cache/vcv-library-sources/SurgeXTRack/640153d4e70896a707bc3a7cbff1d375c44581b6/surge/libs/simde/simde/x86/sse2.h:35:
In file included from /Users/miu/Code/peach-cat/.cache/vcv-library-sources/SurgeXTRack/640153d4e70896a707bc3a7cbff1d375c44581b6/surge/libs/simde/simde/x86/sse.h:33:
In file included from /Users/miu/Code/peach-cat/.cache/vcv-library-sources/SurgeXTRack/640153d4e70896a707bc3a7cbff1d375c44581b6/surge/libs/simde/simde/x86/mmx.h:30:
In file included from /Users/miu/Code/peach-cat/.cache/vcv-library-sources/SurgeXTRack/640153d4e70896a707bc3a7cbff1d375c44581b6/surge/libs/simde/simde/x86/../simde-common.h:47:
/Users/miu/Code/peach-cat/.cache/vcv-library-sources/SurgeXTRack/640153d4e70896a707bc3a7cbff1d375c44581b6/surge/libs/simde/simde/x86/../simde-math.h:1269:47: warning: macro '__EMSCRIPTEN_minor__' has been marked as deprecated: Use __EMSCRIPTEN_MINOR__ instead [-Wdeprecated-pragma]
 1269 |      ((!defined(HEDLEY_EMSCRIPTEN_VERSION) || HEDLEY_EMSCRIPTEN_VERSION_CHECK(3, 1, 43)) && HEDLEY_HAS_BUILTIN(__builtin_roundeven)) || \
      |                                               ^
/Users/miu/Code/peach-cat/.cache/vcv-library-sources/SurgeXTRack/640153d4e70896a707bc3a7cbff1d375c44581b6/surge/libs/simde/simde/x86/../hedley.h:195:63: note: expanded from macro 'HEDLEY_EMSCRIPTEN_VERSION_CHECK'
  195 | #  define HEDLEY_EMSCRIPTEN_VERSION_CHECK(major,minor,patch) (HEDLEY_EMSCRIPTEN_VERSION >= HEDLEY_VERSION_ENCODE(major, minor, patch))
      |                                                               ^
/Users/miu/Code/peach-cat/.cache/vcv-library-sources/SurgeXTRack/640153d4e70896a707bc3a7cbff1d375c44581b6/surge/libs/simde/simde/x86/../hedley.h:188:81: note: expanded from macro 'HEDLEY_EMSCRIPTEN_VERSION'
  188 | #  define HEDLEY_EMSCRIPTEN_VERSION HEDLEY_VERSION_ENCODE(__EMSCRIPTEN_major__, __EMSCRIPTEN_minor__, __EMSCRIPTEN_tiny__)
      |                                                                                 ^
/opt/homebrew/Cellar/emscripten/6.0.3/libexec/cache/sysroot/include/emscripten/version.h:11:82: note: macro marked 'deprecated' here
   11 | #pragma clang deprecated(__EMSCRIPTEN_minor__, "Use __EMSCRIPTEN_MINOR__ instead")
      |                                                                                  ^
In file included from /Users/miu/Code/peach-cat/.cache/vcv-library-sources/SurgeXTRack/640153d4e70896a707bc3a7cbff1d375c44581b6/surge/src/common/FxPresetAndClipboardManager.cpp:23:
In file included from /Users/miu/Code/peach-cat/.cache/vcv-library-sources/SurgeXTRack/640153d4e70896a707bc3a7cbff1d375c44581b6/surge/src/common/FxPresetAndClipboardManager.h:26:
In file included from /Users/miu/Code/peach-cat/.cache/vcv-library-sources/SurgeXTRack/640153d4e70896a707bc3a7cbff1d375c44581b6/surge/src/common/SurgeStorage.h:25:
In file included from /Users/miu/Code/peach-cat/.cache/vcv-library-sources/SurgeXTRack/640153d4e70896a707bc3a7cbff1d375c44581b6/surge/src/common/globals.h:62:
In file included from /Users/miu/Code/peach-cat/.cache/vcv-library-sources/SurgeXTRack/640153d4e70896a707bc3a7cbff1d375c44581b6/surge/libs/simde/simde/x86/sse2.h:35:
In file included from /Users/miu/Code/peach-cat/.cache/vcv-library-sources/SurgeXTRack/640153d4e70896a707bc3a7cbff1d375c44581b6/surge/libs/simde/simde/x86/sse.h:33:
In file included from /Users/miu/Code/peach-cat/.cache/vcv-library-sources/SurgeXTRack/640153d4e70896a707bc3a7cbff1d375c44581b6/surge/libs/simde/simde/x86/mmx.h:30:
In file included from /Users/miu/Code/peach-cat/.cache/vcv-library-sources/SurgeXTRack/640153d4e70896a707bc3a7cbff1d375c44581b6/surge/libs/simde/simde/x86/../simde-common.h:47:
/Users/miu/Code/peach-cat/.cache/vcv-library-sources/SurgeXTRack/640153d4e70896a707bc3a7cbff1d375c44581b6/surge/libs/simde/simde/x86/../simde-math.h:1269:47: warning: macro '__EMSCRIPTEN_tiny__' has been marked as deprecated: Use __EMSCRIPTEN_TINY__ instead [-Wdeprecated-pragma]
 1269 |      ((!defined(HEDLEY_EMSCRIPTEN_VERSION) || HEDLEY_EMSCRIPTEN_VERSION_CHECK(3, 1, 43)) && HEDLEY_HAS_BUILTIN(__builtin_roundeven)) || \
      |                                               ^
/Users/miu/Code/peach-cat/.cache/vcv-library-sources/SurgeXTRack/640153d4e70896a707bc3a7cbff1d375c44581b6/surge/libs/simde/simde/x86/../hedley.h:195:63: note: expanded from macro 'HEDLEY_EMSCRIPTEN_VERSION_CHECK'
  195 | #  define HEDLEY_EMSCRIPTEN_VERSION_CHECK(major,minor,patch) (HEDLEY_EMSCRIPTEN_VERSION >= HEDLEY_VERSION_ENCODE(major, minor, patch))
      |                                                               ^
/Users/miu/Code/peach-cat/.cache/vcv-library-sources/SurgeXTRack/640153d4e70896a707bc3a7cbff1d375c44581b6/surge/libs/simde/simde/x86/../hedley.h:188:103: note: expanded from macro 'HEDLEY_EMSCRIPTEN_VERSION'
  188 | #  define HEDLEY_EMSCRIPTEN_VERSION HEDLEY_VERSION_ENCODE(__EMSCRIPTEN_major__, __EMSCRIPTEN_minor__, __EMSCRIPTEN_tiny__)
      |                                                                                                       ^
/opt/homebrew/Cellar/emscripten/6.0.3/libexec/cache/sysroot/include/emscripten/version.h:12:80: note: macro marked 'deprecated' here
   12 | #pragma clang deprecated(__EMSCRIPTEN_tiny__, "Use __EMSCRIPTEN_TINY__ instead")
      |                                                                                ^
In file included from /Users/miu/Code/peach-cat/.cache/vcv-library-sources/SurgeXTRack/640153d4e70896a707bc3a7cbff1d375c44581b6/surge/src/common/FxPresetAndClipboardManager.cpp:23:
In file included from /Users/miu/Code/peach-cat/.cache/vcv-library-sources/SurgeXTRack/640153d4e70896a707bc3a7cbff1d375c44581b6/surge/src/common/FxPresetAndClipboardManager.h:26:
In file included from /Users/miu/Code/peach-cat/.cache/vcv-library-sources/SurgeXTRack/640153d4e70896a707bc3a7cbff1d375c44581b6/surge/src/common/SurgeStorage.h:25:
In file included from /Users/miu/Code/peach-cat/.cache/vcv-library-sources/SurgeXTRack/640153d4e70896a707bc3a7cbff1d375c44581b6/surge/src/common/globals.h:62:
In file included from /Users/miu/Code/peach-cat/.cache/vcv-library-sources/SurgeXTRack/640153d4e70896a707bc3a7cbff1d375c44581b6/surge/libs/simde/simde/x86/sse2.h:35:
In file included from /Users/miu/Code/peach-cat/.cache/vcv-library-sources/SurgeXTRack/640153d4e70896a707bc3a7cbff1d375c44581b6/surge/libs/simde/simde/x86/sse.h:33:
In file included from /Users/miu/Code/peach-cat/.cache/vcv-library-sources/SurgeXTRack/640153d4e70896a707bc3a7cbff1d375c44581b6/surge/libs/simde/simde/x86/mmx.h:30:
In file included from /Users/miu/Code/peach-cat/.cache/vcv-library-sources/SurgeXTRack/640153d4e70896a707bc3a7cbff1d375c44581b6/surge/libs/simde/simde/x86/../simde-common.h:47:
/Users/miu/Code/peach-cat/.cache/vcv-library-sources/SurgeXTRack/640153d4e70896a707bc3a7cbff1d375c44581b6/surge/libs/simde/simde/x86/../simde-math.h:1289:47: warning: macro '__EMSCRIPTEN_major__' has been marked as deprecated: Use __EMSCRIPTEN_MAJOR__ instead [-Wdeprecated-pragma]
 1289 |      ((!defined(HEDLEY_EMSCRIPTEN_VERSION) || HEDLEY_EMSCRIPTEN_VERSION_CHECK(3, 1, 43)) && HEDLEY_HAS_BUILTIN(__builtin_roundevenf)) || \
      |                                               ^
/Users/miu/Code/peach-cat/.cache/vcv-library-sources/SurgeXTRack/640153d4e70896a707bc3a7cbff1d375c44581b6/surge/libs/simde/simde/x86/../hedley.h:195:63: note: expanded from macro 'HEDLEY_EMSCRIPTEN_VERSION_CHECK'
  195 | #  define HEDLEY_EMSCRIPTEN_VERSION_CHECK(major,minor,patch) (HEDLEY_EMSCRIPTEN_VERSION >= HEDLEY_VERSION_ENCODE(major, minor, patch))
      |                                                               ^
/Users/miu/Code/peach-cat/.cache/vcv-library-sources/SurgeXTRack/640153d4e70896a707bc3a7cbff1d375c44581b6/surge/libs/simde/simde/x86/../hedley.h:188:59: note: expanded from macro 'HEDLEY_EMSCRIPTEN_VERSION'
  188 | #  define HEDLEY_EMSCRIPTEN_VERSION HEDLEY_VERSION_ENCODE(__EMSCRIPTEN_major__, __EMSCRIPTEN_minor__, __EMSCRIPTEN_tiny__)
      |                                                           ^
/opt/homebrew/Cellar/emscripten/6.0.3/libexec/cache/sysroot/include/emscripten/version.h:10:82: note: macro marked 'deprecated' here
   10 | #pragma clang deprecated(__EMSCRIPTEN_major__, "Use __EMSCRIPTEN_MAJOR__ instead")
      |                                                                                  ^
In file included from /Users/miu/Code/peach-cat/.cache/vcv-library-sources/SurgeXTRack/640153d4e70896a707bc3a7cbff1d375c44581b6/surge/src/common/FxPresetAndClipboardManager.cpp:23:
In file included from /Users/miu/Code/peach-cat/.cache/vcv-library-sources/SurgeXTRack/640153d4e70896a707bc3a7cbff1d375c44581b6/surge/src/common/FxPresetAndClipboardManager.h:26:
In file included from /Users/miu/Code/peach-cat/.cache/vcv-library-sources/SurgeXTRack/640153d4e70896a707bc3a7cbff1d375c44581b6/surge/src/common/SurgeStorage.h:25:
In file included from /Users/miu/Code/peach-cat/.cache/vcv-library-sources/SurgeXTRack/640153d4e70896a707bc3a7cbff1d375c44581b6/surge/src/common/globals.h:62:
In file included from /Users/miu/Code/peach-cat/.cache/vcv-library-sources/SurgeXTRack/640153d4e70896a707bc3a7cbff1d375c44581b6/surge/libs/simde/simde/x86/sse2.h:35:
In file included from /Users/miu/Code/peach-cat/.cache/vcv-library-sources/SurgeXTRack/640153d4e70896a707bc3a7cbff1d375c44581b6/surge/libs/simde/simde/x86/sse.h:33:
In file included from /Users/miu/Code/peach-cat/.cache/vcv-library-sources/SurgeXTRack/640153d4e70896a707bc3a7cbff1d375c44581b6/surge/libs/simde/simde/x86/mmx.h:30:
In file included from /Users/miu/Code/peach-cat/.cache/vcv-library-sources/SurgeXTRack/640153d4e70896a707bc3a7cbff1d375c44581b6/surge/libs/simde/simde/x86/../simde-common.h:47:
/Users/miu/Code/peach-cat/.cache/vcv-library-sources/SurgeXTRack/640153d4e70896a707bc3a7cbff1d375c44581b6/surge/libs/simde/simde/x86/../simde-math.h:1289:47: warning: macro '__EMSCRIPTEN_minor__' has been marked as deprecated: Use __EMSCRIPTEN_MINOR__ instead [-Wdeprecated-pragma]
 1289 |      ((!defined(HEDLEY_EMSCRIPTEN_VERSION) || HEDLEY_EMSCRIPTEN_VERSION_CHECK(3, 1, 43)) && HEDLEY_HAS_BUILTIN(__builtin_roundevenf)) || \
      |                                               ^
/Users/miu/Code/peach-cat/.cache/vcv-library-sources/SurgeXTRack/640153d4e70896a707bc3a7cbff1d375c44581b6/surge/libs/simde/simde/x86/../hedley.h:195:63: note: expanded from macro 'HEDLEY_EMSCRIPTEN_VERSION_CHECK'
  195 | #  define HEDLEY_EMSCRIPTEN_VERSION_CHECK(major,minor,patch) (HEDLEY_EMSCRIPTEN_VERSION >= HEDLEY_VERSION_ENCODE(major, minor, patch))
      |                                                               ^
/Users/miu/Code/peach-cat/.cache/vcv-library-sources/SurgeXTRack/640153d4e70896a707bc3a7cbff1d375c44581b6/surge/libs/simde/simde/x86/../hedley.h:188:81: note: expanded from macro 'HEDLEY_EMSCRIPTEN_VERSION'
  188 | #  define HEDLEY_EMSCRIPTEN_VERSION HEDLEY_VERSION_ENCODE(__EMSCRIPTEN_major__, __EMSCRIPTEN_minor__, __EMSCRIPTEN_tiny__)
      |                                                                                 ^
/opt/homebrew/Cellar/emscripten/6.0.3/libexec/cache/sysroot/include/emscripten/version.h:11:82: note: macro marked 'deprecated' here
   11 | #pragma clang deprecated(__EMSCRIPTEN_minor__, "Use __EMSCRIPTEN_MINOR__ instead")
      |                                                                                  ^
In file included from /Users/miu/Code/peach-cat/.cache/vcv-library-sources/SurgeXTRack/640153d4e70896a707bc3a7cbff1d375c44581b6/surge/src/common/FxPresetAndClipboardManager.cpp:23:
In file included from /Users/miu/Code/peach-cat/.cache/vcv-library-sources/SurgeXTRack/640153d4e70896a707bc3a7cbff1d375c44581b6/surge/src/common/FxPresetAndClipboardManager.h:26:
In file included from /Users/miu/Code/peach-cat/.cache/vcv-library-sources/SurgeXTRack/640153d4e70896a707bc3a7cbff1d375c44581b6/surge/src/common/SurgeStorage.h:25:
In file included from /Users/miu/Code/peach-cat/.cache/vcv-library-sources/SurgeXTRack/640153d4e70896a707bc3a7cbff1d375c44581b6/surge/src/common/globals.h:62:
In file included from /Users/miu/Code/peach-cat/.cache/vcv-library-sources/SurgeXTRack/640153d4e70896a707bc3a7cbff1d375c44581b6/surge/libs/simde/simde/x86/sse2.h:35:
In file included from /Users/miu/Code/peach-cat/.cache/vcv-library-sources/SurgeXTRack/640153d4e70896a707bc3a7cbff1d375c44581b6/surge/libs/simde/simde/x86/sse.h:33:
In file included from /Users/miu/Code/peach-cat/.cache/vcv-library-sources/SurgeXTRack/640153d4e70896a707bc3a7cbff1d375c44581b6/surge/libs/simde/simde/x86/mmx.h:30:
In file included from /Users/miu/Code/peach-cat/.cache/vcv-library-sources/SurgeXTRack/640153d4e70896a707bc3a7cbff1d375c44581b6/surge/libs/simde/simde/x86/../simde-common.h:47:
/Users/miu/Code/peach-cat/.cache/vcv-library-sources/SurgeXTRack/640153d4e70896a707bc3a7cbff1d375c44581b6/surge/libs/simde/simde/x86/../simde-math.h:1289:47: warning: macro '__EMSCRIPTEN_tiny__' has been marked as deprecated: Use __EMSCRIPTEN_TINY__ instead [-Wdeprecated-pragma]
 1289 |      ((!defined(HEDLEY_EMSCRIPTEN_VERSION) || HEDLEY_EMSCRIPTEN_VERSION_CHECK(3, 1, 43)) && HEDLEY_HAS_BUILTIN(__builtin_roundevenf)) || \
      |                                               ^
/Users/miu/Code/peach-cat/.cache/vcv-library-sources/SurgeXTRack/640153d4e70896a707bc3a7cbff1d375c44581b6/surge/libs/simde/simde/x86/../hedley.h:195:63: note: expanded from macro 'HEDLEY_EMSCRIPTEN_VERSION_CHECK'
  195 | #  define HEDLEY_EMSCRIPTEN_VERSION_CHECK(major,minor,patch) (HEDLEY_EMSCRIPTEN_VERSION >= HEDLEY_VERSION_ENCODE(major, minor, patch))
      |                                                               ^
/Users/miu/Code/peach-cat/.cache/vcv-library-sources/SurgeXTRack/640153d4e70896a707bc3a7cbff1d375c44581b6/surge/libs/simde/simde/x86/../hedley.h:188:103: note: expanded from macro 'HEDLEY_EMSCRIPTEN_VERSION'
  188 | #  define HEDLEY_EMSCRIPTEN_VERSION HEDLEY_VERSION_ENCODE(__EMSCRIPTEN_major__, __EMSCRIPTEN_minor__, __EMSCRIPTEN_tiny__)
      |                                                                                                       ^
/opt/homebrew/Cellar/emscripten/6.0.3/libexec/cache/sysroot/include/emscripten/version.h:12:80: note: macro marked 'deprecated' here
   12 | #pragma clang deprecated(__EMSCRIPTEN_tiny__, "Use __EMSCRIPTEN_TINY__ instead")
      |                                                                                ^
6 warnings generated.
In file included from /Users/miu/Code/peach-cat/.cache/vcv-library-sources/SurgeXTRack/640153d4e70896a707bc3a7cbff1d375c44581b6/surge/src/common/dsp/effects/Reverb1Effect.cpp:22:
In file included from /Users/miu/Code/peach-cat/.cache/vcv-library-sources/SurgeXTRack/640153d4e70896a707bc3a7cbff1d375c44581b6/surge/src/common/dsp/effects/Reverb1Effect.h:26:
In file included from /Users/miu/Code/peach-cat/.cache/vcv-library-sources/SurgeXTRack/640153d4e70896a707bc3a7cbff1d375c44581b6/surge/src/common/dsp/Effect.h:26:
In file included from /Users/miu/Code/peach-cat/.cache/vcv-library-sources/SurgeXTRack/640153d4e70896a707bc3a7cbff1d375c44581b6/surge/src/common/dsp/utilities/DSPUtils.h:29:
In file included from /Users/miu/Code/peach-cat/.cache/vcv-library-sources/SurgeXTRack/640153d4e70896a707bc3a7cbff1d375c44581b6/surge/src/common/globals.h:62:
In file included from /Users/miu/Code/peach-cat/.cache/vcv-library-sources/SurgeXTRack/640153d4e70896a707bc3a7cbff1d375c44581b6/surge/libs/simde/simde/x86/sse2.h:35:
In file included from /Users/miu/Code/peach-cat/.cache/vcv-library-sources/SurgeXTRack/640153d4e70896a707bc3a7cbff1d375c44581b6/surge/libs/simde/simde/x86/sse.h:33:
In file included from /Users/miu/Code/peach-cat/.cache/vcv-library-sources/SurgeXTRack/640153d4e70896a707bc3a7cbff1d375c44581b6/surge/libs/simde/simde/x86/mmx.h:30:
In file included from /Users/miu/Code/peach-cat/.cache/vcv-library-sources/SurgeXTRack/640153d4e70896a707bc3a7cbff1d375c44581b6/surge/libs/simde/simde/x86/../simde-common.h:47:
/Users/miu/Code/peach-cat/.cache/vcv-library-sources/SurgeXTRack/640153d4e70896a707bc3a7cbff1d375c44581b6/surge/libs/simde/simde/x86/../simde-math.h:1269:47: warning: macro '__EMSCRIPTEN_major__' has been marked as deprecated: Use __EMSCRIPTEN_MAJOR__ instead [-Wdeprecated-pragma]
 1269 |      ((!defined(HEDLEY_EMSCRIPTEN_VERSION) || HEDLEY_EMSCRIPTEN_VERSION_CHECK(3, 1, 43)) && HEDLEY_HAS_BUILTIN(__builtin_roundeven)) || \
      |                                               ^
/Users/miu/Code/peach-cat/.cache/vcv-library-sources/SurgeXTRack/640153d4e70896a707bc3a7cbff1d375c44581b6/surge/libs/simde/simde/x86/../hedley.h:195:63: note: expanded from macro 'HEDLEY_EMSCRIPTEN_VERSION_CHECK'
  195 | #  define HEDLEY_EMSCRIPTEN_VERSION_CHECK(major,minor,patch) (HEDLEY_EMSCRIPTEN_VERSION >= HEDLEY_VERSION_ENCODE(major, minor, patch))
      |                                                               ^
/Users/miu/Code/peach-cat/.cache/vcv-library-sources/SurgeXTRack/640153d4e70896a707bc3a7cbff1d375c44581b6/surge/libs/simde/simde/x86/../hedley.h:188:59: note: expanded from macro 'HEDLEY_EMSCRIPTEN_VERSION'
  188 | #  define HEDLEY_EMSCRIPTEN_VERSION HEDLEY_VERSION_ENCODE(__EMSCRIPTEN_major__, __EMSCRIPTEN_minor__, __EMSCRIPTEN_tiny__)
      |                                                           ^
/opt/homebrew/Cellar/emscripten/6.0.3/libexec/cache/sysroot/include/emscripten/version.h:10:82: note: macro marked 'deprecated' here
   10 | #pragma clang deprecated(__EMSCRIPTEN_major__, "Use __EMSCRIPTEN_MAJOR__ instead")
      |                                                                                  ^
In file included from /Users/miu/Code/peach-cat/.cache/vcv-library-sources/SurgeXTRack/640153d4e70896a707bc3a7cbff1d375c44581b6/surge/src/common/dsp/effects/Reverb1Effect.cpp:22:
In file included from /Users/miu/Code/peach-cat/.cache/vcv-library-sources/SurgeXTRack/640153d4e70896a707bc3a7cbff1d375c44581b6/surge/src/common/dsp/effects/Reverb1Effect.h:26:
In file included from /Users/miu/Code/peach-cat/.cache/vcv-library-sources/SurgeXTRack/640153d4e70896a707bc3a7cbff1d375c44581b6/surge/src/common/dsp/Effect.h:26:
In file included from /Users/miu/Code/peach-cat/.cache/vcv-library-sources/SurgeXTRack/640153d4e70896a707bc3a7cbff1d375c44581b6/surge/src/common/dsp/utilities/DSPUtils.h:29:
In file included from /Users/miu/Code/peach-cat/.cache/vcv-library-sources/SurgeXTRack/640153d4e70896a707bc3a7cbff1d375c44581b6/surge/src/common/globals.h:62:
In file included from /Users/miu/Code/peach-cat/.cache/vcv-library-sources/SurgeXTRack/640153d4e70896a707bc3a7cbff1d375c44581b6/surge/libs/simde/simde/x86/sse2.h:35:
In file included from /Users/miu/Code/peach-cat/.cache/vcv-library-sources/SurgeXTRack/640153d4e70896a707bc3a7cbff1d375c44581b6/surge/libs/simde/simde/x86/sse.h:33:
In file included from /Users/miu/Code/peach-cat/.cache/vcv-library-sources/SurgeXTRack/640153d4e70896a707bc3a7cbff1d375c44581b6/surge/libs/simde/simde/x86/mmx.h:30:
In file included from /Users/miu/Code/peach-cat/.cache/vcv-library-sources/SurgeXTRack/640153d4e70896a707bc3a7cbff1d375c44581b6/surge/libs/simde/simde/x86/../simde-common.h:47:
/Users/miu/Code/peach-cat/.cache/vcv-library-sources/SurgeXTRack/640153d4e70896a707bc3a7cbff1d375c44581b6/surge/libs/simde/simde/x86/../simde-math.h:1269:47: warning: macro '__EMSCRIPTEN_minor__' has been marked as deprecated: Use __EMSCRIPTEN_MINOR__ instead [-Wdeprecated-pragma]
 1269 |      ((!defined(HEDLEY_EMSCRIPTEN_VERSION) || HEDLEY_EMSCRIPTEN_VERSION_CHECK(3, 1, 43)) && HEDLEY_HAS_BUILTIN(__builtin_roundeven)) || \
      |                                               ^
/Users/miu/Code/peach-cat/.cache/vcv-library-sources/SurgeXTRack/640153d4e70896a707bc3a7cbff1d375c44581b6/surge/libs/simde/simde/x86/../hedley.h:195:63: note: expanded from macro 'HEDLEY_EMSCRIPTEN_VERSION_CHECK'
  195 | #  define HEDLEY_EMSCRIPTEN_VERSION_CHECK(major,minor,patch) (HEDLEY_EMSCRIPTEN_VERSION >= HEDLEY_VERSION_ENCODE(major, minor, patch))
      |                                                               ^
/Users/miu/Code/peach-cat/.cache/vcv-library-sources/SurgeXTRack/640153d4e70896a707bc3a7cbff1d375c44581b6/surge/libs/simde/simde/x86/../hedley.h:188:81: note: expanded from macro 'HEDLEY_EMSCRIPTEN_VERSION'
  188 | #  define HEDLEY_EMSCRIPTEN_VERSION HEDLEY_VERSION_ENCODE(__EMSCRIPTEN_major__, __EMSCRIPTEN_minor__, __EMSCRIPTEN_tiny__)
      |                                                                                 ^
/opt/homebrew/Cellar/emscripten/6.0.3/libexec/cache/sysroot/include/emscripten/version.h:11:82: note: macro marked 'deprecated' here
   11 | #pragma clang deprecated(__EMSCRIPTEN_minor__, "Use __EMSCRIPTEN_MINOR__ instead")
      |                                                                                  ^
In file included from /Users/miu/Code/peach-cat/.cache/vcv-library-sources/SurgeXTRack/640153d4e70896a707bc3a7cbff1d375c44581b6/surge/src/common/dsp/effects/Reverb1Effect.cpp:22:
In file included from /Users/miu/Code/peach-cat/.cache/vcv-library-sources/SurgeXTRack/640153d4e70896a707bc3a7cbff1d375c44581b6/surge/src/common/dsp/effects/Reverb1Effect.h:26:
In file included from /Users/miu/Code/peach-cat/.cache/vcv-library-sources/SurgeXTRack/640153d4e70896a707bc3a7cbff1d375c44581b6/surge/src/common/dsp/Effect.h:26:
In file included from /Users/miu/Code/peach-cat/.cache/vcv-library-sources/SurgeXTRack/640153d4e70896a707bc3a7cbff1d375c44581b6/surge/src/common/dsp/utilities/DSPUtils.h:29:
In file included from /Users/miu/Code/peach-cat/.cache/vcv-library-sources/SurgeXTRack/640153d4e70896a707bc3a7cbff1d375c44581b6/surge/src/common/globals.h:62:
In file included from /Users/miu/Code/peach-cat/.cache/vcv-library-sources/SurgeXTRack/640153d4e70896a707bc3a7cbff1d375c44581b6/surge/libs/simde/simde/x86/sse2.h:35:
In file included from /Users/miu/Code/peach-cat/.cache/vcv-library-sources/SurgeXTRack/640153d4e70896a707bc3a7cbff1d375c44581b6/surge/libs/simde/simde/x86/sse.h:33:
In file included from /Users/miu/Code/peach-cat/.cache/vcv-library-sources/SurgeXTRack/640153d4e70896a707bc3a7cbff1d375c44581b6/surge/libs/simde/simde/x86/mmx.h:30:
In file included from /Users/miu/Code/peach-cat/.cache/vcv-library-sources/SurgeXTRack/640153d4e70896a707bc3a7cbff1d375c44581b6/surge/libs/simde/simde/x86/../simde-common.h:47:
/Users/miu/Code/peach-cat/.cache/vcv-library-sources/SurgeXTRack/640153d4e70896a707bc3a7cbff1d375c44581b6/surge/libs/simde/simde/x86/../simde-math.h:1269:47: warning: macro '__EMSCRIPTEN_tiny__' has been marked as deprecated: Use __EMSCRIPTEN_TINY__ instead [-Wdeprecated-pragma]
 1269 |      ((!defined(HEDLEY_EMSCRIPTEN_VERSION) || HEDLEY_EMSCRIPTEN_VERSION_CHECK(3, 1, 43)) && HEDLEY_HAS_BUILTIN(__builtin_roundeven)) || \
      |                                               ^
/Users/miu/Code/peach-cat/.cache/vcv-library-sources/SurgeXTRack/640153d4e70896a707bc3a7cbff1d375c44581b6/surge/libs/simde/simde/x86/../hedley.h:195:63: note: expanded from macro 'HEDLEY_EMSCRIPTEN_VERSION_CHECK'
  195 | #  define HEDLEY_EMSCRIPTEN_VERSION_CHECK(major,minor,patch) (HEDLEY_EMSCRIPTEN_VERSION >= HEDLEY_VERSION_ENCODE(major, minor, patch))
      |                                                               ^
/Users/miu/Code/peach-cat/.cache/vcv-library-sources/SurgeXTRack/640153d4e70896a707bc3a7cbff1d375c44581b6/surge/libs/simde/simde/x86/../hedley.h:188:103: note: expanded from macro 'HEDLEY_EMSCRIPTEN_VERSION'
  188 | #  define HEDLEY_EMSCRIPTEN_VERSION HEDLEY_VERSION_ENCODE(__EMSCRIPTEN_major__, __EMSCRIPTEN_minor__, __EMSCRIPTEN_tiny__)
      |                                                                                                       ^
/opt/homebrew/Cellar/emscripten/6.0.3/libexec/cache/sysroot/include/emscripten/version.h:12:80: note: macro marked 'deprecated' here
   12 | #pragma clang deprecated(__EMSCRIPTEN_tiny__, "Use __EMSCRIPTEN_TINY__ instead")
      |                                                                                ^
In file included from /Users/miu/Code/peach-cat/.cache/vcv-library-sources/SurgeXTRack/640153d4e70896a707bc3a7cbff1d375c44581b6/surge/src/common/dsp/effects/Reverb1Effect.cpp:22:
In file included from /Users/miu/Code/peach-cat/.cache/vcv-library-sources/SurgeXTRack/640153d4e70896a707bc3a7cbff1d375c44581b6/surge/src/common/dsp/effects/Reverb1Effect.h:26:
In file included from /Users/miu/Code/peach-cat/.cache/vcv-library-sources/SurgeXTRack/640153d4e70896a707bc3a7cbff1d375c44581b6/surge/src/common/dsp/Effect.h:26:
In file included from /Users/miu/Code/peach-cat/.cache/vcv-library-sources/SurgeXTRack/640153d4e70896a707bc3a7cbff1d375c44581b6/surge/src/common/dsp/utilities/DSPUtils.h:29:
In file included from /Users/miu/Code/peach-cat/.cache/vcv-library-sources/SurgeXTRack/640153d4e70896a707bc3a7cbff1d375c44581b6/surge/src/common/globals.h:62:
In file included from /Users/miu/Code/peach-cat/.cache/vcv-library-sources/SurgeXTRack/640153d4e70896a707bc3a7cbff1d375c44581b6/surge/libs/simde/simde/x86/sse2.h:35:
In file included from /Users/miu/Code/peach-cat/.cache/vcv-library-sources/SurgeXTRack/640153d4e70896a707bc3a7cbff1d375c44581b6/surge/libs/simde/simde/x86/sse.h:33:
In file included from /Users/miu/Code/peach-cat/.cache/vcv-library-sources/SurgeXTRack/640153d4e70896a707bc3a7cbff1d375c44581b6/surge/libs/simde/simde/x86/mmx.h:30:
In file included from /Users/miu/Code/peach-cat/.cache/vcv-library-sources/SurgeXTRack/640153d4e70896a707bc3a7cbff1d375c44581b6/surge/libs/simde/simde/x86/../simde-common.h:47:
/Users/miu/Code/peach-cat/.cache/vcv-library-sources/SurgeXTRack/640153d4e70896a707bc3a7cbff1d375c44581b6/surge/libs/simde/simde/x86/../simde-math.h:1289:47: warning: macro '__EMSCRIPTEN_major__' has been marked as deprecated: Use __EMSCRIPTEN_MAJOR__ instead [-Wdeprecated-pragma]
 1289 |      ((!defined(HEDLEY_EMSCRIPTEN_VERSION) || HEDLEY_EMSCRIPTEN_VERSION_CHECK(3, 1, 43)) && HEDLEY_HAS_BUILTIN(__builtin_roundevenf)) || \
      |                                               ^
/Users/miu/Code/peach-cat/.cache/vcv-library-sources/SurgeXTRack/640153d4e70896a707bc3a7cbff1d375c44581b6/surge/libs/simde/simde/x86/../hedley.h:195:63: note: expanded from macro 'HEDLEY_EMSCRIPTEN_VERSION_CHECK'
  195 | #  define HEDLEY_EMSCRIPTEN_VERSION_CHECK(major,minor,patch) (HEDLEY_EMSCRIPTEN_VERSION >= HEDLEY_VERSION_ENCODE(major, minor, patch))
      |                                                               ^
/Users/miu/Code/peach-cat/.cache/vcv-library-sources/SurgeXTRack/640153d4e70896a707bc3a7cbff1d375c44581b6/surge/libs/simde/simde/x86/../hedley.h:188:59: note: expanded from macro 'HEDLEY_EMSCRIPTEN_VERSION'
  188 | #  define HEDLEY_EMSCRIPTEN_VERSION HEDLEY_VERSION_ENCODE(__EMSCRIPTEN_major__, __EMSCRIPTEN_minor__, __EMSCRIPTEN_tiny__)
      |                                                           ^
/opt/homebrew/Cellar/emscripten/6.0.3/libexec/cache/sysroot/include/emscripten/version.h:10:82: note: macro marked 'deprecated' here
   10 | #pragma clang deprecated(__EMSCRIPTEN_major__, "Use __EMSCRIPTEN_MAJOR__ instead")
      |                                                                                  ^
In file included from /Users/miu/Code/peach-cat/.cache/vcv-library-sources/SurgeXTRack/640153d4e70896a707bc3a7cbff1d375c44581b6/surge/src/common/dsp/effects/Reverb1Effect.cpp:22:
In file included from /Users/miu/Code/peach-cat/.cache/vcv-library-sources/SurgeXTRack/640153d4e70896a707bc3a7cbff1d375c44581b6/surge/src/common/dsp/effects/Reverb1Effect.h:26:
In file included from /Users/miu/Code/peach-cat/.cache/vcv-library-sources/SurgeXTRack/640153d4e70896a707bc3a7cbff1d375c44581b6/surge/src/common/dsp/Effect.h:26:
In file included from /Users/miu/Code/peach-cat/.cache/vcv-library-sources/SurgeXTRack/640153d4e70896a707bc3a7cbff1d375c44581b6/surge/src/common/dsp/utilities/DSPUtils.h:29:
In file included from /Users/miu/Code/peach-cat/.cache/vcv-library-sources/SurgeXTRack/640153d4e70896a707bc3a7cbff1d375c44581b6/surge/src/common/globals.h:62:
In file included from /Users/miu/Code/peach-cat/.cache/vcv-library-sources/SurgeXTRack/640153d4e70896a707bc3a7cbff1d375c44581b6/surge/libs/simde/simde/x86/sse2.h:35:
In file included from /Users/miu/Code/peach-cat/.cache/vcv-library-sources/SurgeXTRack/640153d4e70896a707bc3a7cbff1d375c44581b6/surge/libs/simde/simde/x86/sse.h:33:
In file included from /Users/miu/Code/peach-cat/.cache/vcv-library-sources/SurgeXTRack/640153d4e70896a707bc3a7cbff1d375c44581b6/surge/libs/simde/simde/x86/mmx.h:30:
In file included from /Users/miu/Code/peach-cat/.cache/vcv-library-sources/SurgeXTRack/640153d4e70896a707bc3a7cbff1d375c44581b6/surge/libs/simde/simde/x86/../simde-common.h:47:
/Users/miu/Code/peach-cat/.cache/vcv-library-sources/SurgeXTRack/640153d4e70896a707bc3a7cbff1d375c44581b6/surge/libs/simde/simde/x86/../simde-math.h:1289:47: warning: macro '__EMSCRIPTEN_minor__' has been marked as deprecated: Use __EMSCRIPTEN_MINOR__ instead [-Wdeprecated-pragma]
 1289 |      ((!defined(HEDLEY_EMSCRIPTEN_VERSION) || HEDLEY_EMSCRIPTEN_VERSION_CHECK(3, 1, 43)) && HEDLEY_HAS_BUILTIN(__builtin_roundevenf)) || \
      |                                               ^
/Users/miu/Code/peach-cat/.cache/vcv-library-sources/SurgeXTRack/640153d4e70896a707bc3a7cbff1d375c44581b6/surge/libs/simde/simde/x86/../hedley.h:195:63: note: expanded from macro 'HEDLEY_EMSCRIPTEN_VERSION_CHECK'
  195 | #  define HEDLEY_EMSCRIPTEN_VERSION_CHECK(major,minor,patch) (HEDLEY_EMSCRIPTEN_VERSION >= HEDLEY_VERSION_ENCODE(major, minor, patch))
      |                                                               ^
/Users/miu/Code/peach-cat/.cache/vcv-library-sources/SurgeXTRack/640153d4e70896a707bc3a7cbff1d375c44581b6/surge/libs/simde/simde/x86/../hedley.h:188:81: note: expanded from macro 'HEDLEY_EMSCRIPTEN_VERSION'
  188 | #  define HEDLEY_EMSCRIPTEN_VERSION HEDLEY_VERSION_ENCODE(__EMSCRIPTEN_major__, __EMSCRIPTEN_minor__, __EMSCRIPTEN_tiny__)
      |                                                                                 ^
/opt/homebrew/Cellar/emscripten/6.0.3/libexec/cache/sysroot/include/emscripten/version.h:11:82: note: macro marked 'deprecated' here
   11 | #pragma clang deprecated(__EMSCRIPTEN_minor__, "Use __EMSCRIPTEN_MINOR__ instead")
      |                                                                                  ^
In file included from /Users/miu/Code/peach-cat/.cache/vcv-library-sources/SurgeXTRack/640153d4e70896a707bc3a7cbff1d375c44581b6/surge/src/common/dsp/effects/Reverb1Effect.cpp:22:
In file included from /Users/miu/Code/peach-cat/.cache/vcv-library-sources/SurgeXTRack/640153d4e70896a707bc3a7cbff1d375c44581b6/surge/src/common/dsp/effects/Reverb1Effect.h:26:
In file included from /Users/miu/Code/peach-cat/.cache/vcv-library-sources/SurgeXTRack/640153d4e70896a707bc3a7cbff1d375c44581b6/surge/src/common/dsp/Effect.h:26:
In file included from /Users/miu/Code/peach-cat/.cache/vcv-library-sources/SurgeXTRack/640153d4e70896a707bc3a7cbff1d375c44581b6/surge/src/common/dsp/utilities/DSPUtils.h:29:
In file included from /Users/miu/Code/peach-cat/.cache/vcv-library-sources/SurgeXTRack/640153d4e70896a707bc3a7cbff1d375c44581b6/surge/src/common/globals.h:62:
In file included from /Users/miu/Code/peach-cat/.cache/vcv-library-sources/SurgeXTRack/640153d4e70896a707bc3a7cbff1d375c44581b6/surge/libs/simde/simde/x86/sse2.h:35:
In file included from /Users/miu/Code/peach-cat/.cache/vcv-library-sources/SurgeXTRack/640153d4e70896a707bc3a7cbff1d375c44581b6/surge/libs/simde/simde/x86/sse.h:33:
In file included from /Users/miu/Code/peach-cat/.cache/vcv-library-sources/SurgeXTRack/640153d4e70896a707bc3a7cbff1d375c44581b6/surge/libs/simde/simde/x86/mmx.h:30:
In file included from /Users/miu/Code/peach-cat/.cache/vcv-library-sources/SurgeXTRack/640153d4e70896a707bc3a7cbff1d375c44581b6/surge/libs/simde/simde/x86/../simde-common.h:47:
/Users/miu/Code/peach-cat/.cache/vcv-library-sources/SurgeXTRack/640153d4e70896a707bc3a7cbff1d375c44581b6/surge/libs/simde/simde/x86/../simde-math.h:1289:47: warning: macro '__EMSCRIPTEN_tiny__' has been marked as deprecated: Use __EMSCRIPTEN_TINY__ instead [-Wdeprecated-pragma]
 1289 |      ((!defined(HEDLEY_EMSCRIPTEN_VERSION) || HEDLEY_EMSCRIPTEN_VERSION_CHECK(3, 1, 43)) && HEDLEY_HAS_BUILTIN(__builtin_roundevenf)) || \
      |                                               ^
/Users/miu/Code/peach-cat/.cache/vcv-library-sources/SurgeXTRack/640153d4e70896a707bc3a7cbff1d375c44581b6/surge/libs/simde/simde/x86/../hedley.h:195:63: note: expanded from macro 'HEDLEY_EMSCRIPTEN_VERSION_CHECK'
  195 | #  define HEDLEY_EMSCRIPTEN_VERSION_CHECK(major,minor,patch) (HEDLEY_EMSCRIPTEN_VERSION >= HEDLEY_VERSION_ENCODE(major, minor, patch))
      |                                                               ^
/Users/miu/Code/peach-cat/.cache/vcv-library-sources/SurgeXTRack/640153d4e70896a707bc3a7cbff1d375c44581b6/surge/libs/simde/simde/x86/../hedley.h:188:103: note: expanded from macro 'HEDLEY_EMSCRIPTEN_VERSION'
  188 | #  define HEDLEY_EMSCRIPTEN_VERSION HEDLEY_VERSION_ENCODE(__EMSCRIPTEN_major__, __EMSCRIPTEN_minor__, __EMSCRIPTEN_tiny__)
      |                                                                                                       ^
/opt/homebrew/Cellar/emscripten/6.0.3/libexec/cache/sysroot/include/emscripten/version.h:12:80: note: macro marked 'deprecated' here
   12 | #pragma clang deprecated(__EMSCRIPTEN_tiny__, "Use __EMSCRIPTEN_TINY__ instead")
      |                                                                                ^
6 warnings generated.
In file included from /Users/miu/Code/peach-cat/.tmp/surge-reverb-debug/surge_storage_browser.cpp:23:
In file included from /Users/miu/Code/peach-cat/.cache/vcv-library-sources/SurgeXTRack/640153d4e70896a707bc3a7cbff1d375c44581b6/surge/src/common/dsp/utilities/DSPUtils.h:29:
In file included from /Users/miu/Code/peach-cat/.cache/vcv-library-sources/SurgeXTRack/640153d4e70896a707bc3a7cbff1d375c44581b6/surge/src/common/globals.h:62:
In file included from /Users/miu/Code/peach-cat/.cache/vcv-library-sources/SurgeXTRack/640153d4e70896a707bc3a7cbff1d375c44581b6/surge/libs/simde/simde/x86/sse2.h:35:
In file included from /Users/miu/Code/peach-cat/.cache/vcv-library-sources/SurgeXTRack/640153d4e70896a707bc3a7cbff1d375c44581b6/surge/libs/simde/simde/x86/sse.h:33:
In file included from /Users/miu/Code/peach-cat/.cache/vcv-library-sources/SurgeXTRack/640153d4e70896a707bc3a7cbff1d375c44581b6/surge/libs/simde/simde/x86/mmx.h:30:
In file included from /Users/miu/Code/peach-cat/.cache/vcv-library-sources/SurgeXTRack/640153d4e70896a707bc3a7cbff1d375c44581b6/surge/libs/simde/simde/x86/../simde-common.h:47:
/Users/miu/Code/peach-cat/.cache/vcv-library-sources/SurgeXTRack/640153d4e70896a707bc3a7cbff1d375c44581b6/surge/libs/simde/simde/x86/../simde-math.h:1269:47: warning: macro '__EMSCRIPTEN_major__' has been marked as deprecated: Use __EMSCRIPTEN_MAJOR__ instead [-Wdeprecated-pragma]
 1269 |      ((!defined(HEDLEY_EMSCRIPTEN_VERSION) || HEDLEY_EMSCRIPTEN_VERSION_CHECK(3, 1, 43)) && HEDLEY_HAS_BUILTIN(__builtin_roundeven)) || \
      |                                               ^
/Users/miu/Code/peach-cat/.cache/vcv-library-sources/SurgeXTRack/640153d4e70896a707bc3a7cbff1d375c44581b6/surge/libs/simde/simde/x86/../hedley.h:195:63: note: expanded from macro 'HEDLEY_EMSCRIPTEN_VERSION_CHECK'
  195 | #  define HEDLEY_EMSCRIPTEN_VERSION_CHECK(major,minor,patch) (HEDLEY_EMSCRIPTEN_VERSION >= HEDLEY_VERSION_ENCODE(major, minor, patch))
      |                                                               ^
/Users/miu/Code/peach-cat/.cache/vcv-library-sources/SurgeXTRack/640153d4e70896a707bc3a7cbff1d375c44581b6/surge/libs/simde/simde/x86/../hedley.h:188:59: note: expanded from macro 'HEDLEY_EMSCRIPTEN_VERSION'
  188 | #  define HEDLEY_EMSCRIPTEN_VERSION HEDLEY_VERSION_ENCODE(__EMSCRIPTEN_major__, __EMSCRIPTEN_minor__, __EMSCRIPTEN_tiny__)
      |                                                           ^
/opt/homebrew/Cellar/emscripten/6.0.3/libexec/cache/sysroot/include/emscripten/version.h:10:82: note: macro marked 'deprecated' here
   10 | #pragma clang deprecated(__EMSCRIPTEN_major__, "Use __EMSCRIPTEN_MAJOR__ instead")
      |                                                                                  ^
In file included from /Users/miu/Code/peach-cat/.tmp/surge-reverb-debug/surge_storage_browser.cpp:23:
In file included from /Users/miu/Code/peach-cat/.cache/vcv-library-sources/SurgeXTRack/640153d4e70896a707bc3a7cbff1d375c44581b6/surge/src/common/dsp/utilities/DSPUtils.h:29:
In file included from /Users/miu/Code/peach-cat/.cache/vcv-library-sources/SurgeXTRack/640153d4e70896a707bc3a7cbff1d375c44581b6/surge/src/common/globals.h:62:
In file included from /Users/miu/Code/peach-cat/.cache/vcv-library-sources/SurgeXTRack/640153d4e70896a707bc3a7cbff1d375c44581b6/surge/libs/simde/simde/x86/sse2.h:35:
In file included from /Users/miu/Code/peach-cat/.cache/vcv-library-sources/SurgeXTRack/640153d4e70896a707bc3a7cbff1d375c44581b6/surge/libs/simde/simde/x86/sse.h:33:
In file included from /Users/miu/Code/peach-cat/.cache/vcv-library-sources/SurgeXTRack/640153d4e70896a707bc3a7cbff1d375c44581b6/surge/libs/simde/simde/x86/mmx.h:30:
In file included from /Users/miu/Code/peach-cat/.cache/vcv-library-sources/SurgeXTRack/640153d4e70896a707bc3a7cbff1d375c44581b6/surge/libs/simde/simde/x86/../simde-common.h:47:
/Users/miu/Code/peach-cat/.cache/vcv-library-sources/SurgeXTRack/640153d4e70896a707bc3a7cbff1d375c44581b6/surge/libs/simde/simde/x86/../simde-math.h:1269:47: warning: macro '__EMSCRIPTEN_minor__' has been marked as deprecated: Use __EMSCRIPTEN_MINOR__ instead [-Wdeprecated-pragma]
 1269 |      ((!defined(HEDLEY_EMSCRIPTEN_VERSION) || HEDLEY_EMSCRIPTEN_VERSION_CHECK(3, 1, 43)) && HEDLEY_HAS_BUILTIN(__builtin_roundeven)) || \
      |                                               ^
/Users/miu/Code/peach-cat/.cache/vcv-library-sources/SurgeXTRack/640153d4e70896a707bc3a7cbff1d375c44581b6/surge/libs/simde/simde/x86/../hedley.h:195:63: note: expanded from macro 'HEDLEY_EMSCRIPTEN_VERSION_CHECK'
  195 | #  define HEDLEY_EMSCRIPTEN_VERSION_CHECK(major,minor,patch) (HEDLEY_EMSCRIPTEN_VERSION >= HEDLEY_VERSION_ENCODE(major, minor, patch))
      |                                                               ^
/Users/miu/Code/peach-cat/.cache/vcv-library-sources/SurgeXTRack/640153d4e70896a707bc3a7cbff1d375c44581b6/surge/libs/simde/simde/x86/../hedley.h:188:81: note: expanded from macro 'HEDLEY_EMSCRIPTEN_VERSION'
  188 | #  define HEDLEY_EMSCRIPTEN_VERSION HEDLEY_VERSION_ENCODE(__EMSCRIPTEN_major__, __EMSCRIPTEN_minor__, __EMSCRIPTEN_tiny__)
      |                                                                                 ^
/opt/homebrew/Cellar/emscripten/6.0.3/libexec/cache/sysroot/include/emscripten/version.h:11:82: note: macro marked 'deprecated' here
   11 | #pragma clang deprecated(__EMSCRIPTEN_minor__, "Use __EMSCRIPTEN_MINOR__ instead")
      |                                                                                  ^
In file included from /Users/miu/Code/peach-cat/.tmp/surge-reverb-debug/surge_storage_browser.cpp:23:
In file included from /Users/miu/Code/peach-cat/.cache/vcv-library-sources/SurgeXTRack/640153d4e70896a707bc3a7cbff1d375c44581b6/surge/src/common/dsp/utilities/DSPUtils.h:29:
In file included from /Users/miu/Code/peach-cat/.cache/vcv-library-sources/SurgeXTRack/640153d4e70896a707bc3a7cbff1d375c44581b6/surge/src/common/globals.h:62:
In file included from /Users/miu/Code/peach-cat/.cache/vcv-library-sources/SurgeXTRack/640153d4e70896a707bc3a7cbff1d375c44581b6/surge/libs/simde/simde/x86/sse2.h:35:
In file included from /Users/miu/Code/peach-cat/.cache/vcv-library-sources/SurgeXTRack/640153d4e70896a707bc3a7cbff1d375c44581b6/surge/libs/simde/simde/x86/sse.h:33:
In file included from /Users/miu/Code/peach-cat/.cache/vcv-library-sources/SurgeXTRack/640153d4e70896a707bc3a7cbff1d375c44581b6/surge/libs/simde/simde/x86/mmx.h:30:
In file included from /Users/miu/Code/peach-cat/.cache/vcv-library-sources/SurgeXTRack/640153d4e70896a707bc3a7cbff1d375c44581b6/surge/libs/simde/simde/x86/../simde-common.h:47:
/Users/miu/Code/peach-cat/.cache/vcv-library-sources/SurgeXTRack/640153d4e70896a707bc3a7cbff1d375c44581b6/surge/libs/simde/simde/x86/../simde-math.h:1269:47: warning: macro '__EMSCRIPTEN_tiny__' has been marked as deprecated: Use __EMSCRIPTEN_TINY__ instead [-Wdeprecated-pragma]
 1269 |      ((!defined(HEDLEY_EMSCRIPTEN_VERSION) || HEDLEY_EMSCRIPTEN_VERSION_CHECK(3, 1, 43)) && HEDLEY_HAS_BUILTIN(__builtin_roundeven)) || \
      |                                               ^
/Users/miu/Code/peach-cat/.cache/vcv-library-sources/SurgeXTRack/640153d4e70896a707bc3a7cbff1d375c44581b6/surge/libs/simde/simde/x86/../hedley.h:195:63: note: expanded from macro 'HEDLEY_EMSCRIPTEN_VERSION_CHECK'
  195 | #  define HEDLEY_EMSCRIPTEN_VERSION_CHECK(major,minor,patch) (HEDLEY_EMSCRIPTEN_VERSION >= HEDLEY_VERSION_ENCODE(major, minor, patch))
      |                                                               ^
/Users/miu/Code/peach-cat/.cache/vcv-library-sources/SurgeXTRack/640153d4e70896a707bc3a7cbff1d375c44581b6/surge/libs/simde/simde/x86/../hedley.h:188:103: note: expanded from macro 'HEDLEY_EMSCRIPTEN_VERSION'
  188 | #  define HEDLEY_EMSCRIPTEN_VERSION HEDLEY_VERSION_ENCODE(__EMSCRIPTEN_major__, __EMSCRIPTEN_minor__, __EMSCRIPTEN_tiny__)
      |                                                                                                       ^
/opt/homebrew/Cellar/emscripten/6.0.3/libexec/cache/sysroot/include/emscripten/version.h:12:80: note: macro marked 'deprecated' here
   12 | #pragma clang deprecated(__EMSCRIPTEN_tiny__, "Use __EMSCRIPTEN_TINY__ instead")
      |                                                                                ^
In file included from /Users/miu/Code/peach-cat/.tmp/surge-reverb-debug/surge_storage_browser.cpp:23:
In file included from /Users/miu/Code/peach-cat/.cache/vcv-library-sources/SurgeXTRack/640153d4e70896a707bc3a7cbff1d375c44581b6/surge/src/common/dsp/utilities/DSPUtils.h:29:
In file included from /Users/miu/Code/peach-cat/.cache/vcv-library-sources/SurgeXTRack/640153d4e70896a707bc3a7cbff1d375c44581b6/surge/src/common/globals.h:62:
In file included from /Users/miu/Code/peach-cat/.cache/vcv-library-sources/SurgeXTRack/640153d4e70896a707bc3a7cbff1d375c44581b6/surge/libs/simde/simde/x86/sse2.h:35:
In file included from /Users/miu/Code/peach-cat/.cache/vcv-library-sources/SurgeXTRack/640153d4e70896a707bc3a7cbff1d375c44581b6/surge/libs/simde/simde/x86/sse.h:33:
In file included from /Users/miu/Code/peach-cat/.cache/vcv-library-sources/SurgeXTRack/640153d4e70896a707bc3a7cbff1d375c44581b6/surge/libs/simde/simde/x86/mmx.h:30:
In file included from /Users/miu/Code/peach-cat/.cache/vcv-library-sources/SurgeXTRack/640153d4e70896a707bc3a7cbff1d375c44581b6/surge/libs/simde/simde/x86/../simde-common.h:47:
/Users/miu/Code/peach-cat/.cache/vcv-library-sources/SurgeXTRack/640153d4e70896a707bc3a7cbff1d375c44581b6/surge/libs/simde/simde/x86/../simde-math.h:1289:47: warning: macro '__EMSCRIPTEN_major__' has been marked as deprecated: Use __EMSCRIPTEN_MAJOR__ instead [-Wdeprecated-pragma]
 1289 |      ((!defined(HEDLEY_EMSCRIPTEN_VERSION) || HEDLEY_EMSCRIPTEN_VERSION_CHECK(3, 1, 43)) && HEDLEY_HAS_BUILTIN(__builtin_roundevenf)) || \
      |                                               ^
/Users/miu/Code/peach-cat/.cache/vcv-library-sources/SurgeXTRack/640153d4e70896a707bc3a7cbff1d375c44581b6/surge/libs/simde/simde/x86/../hedley.h:195:63: note: expanded from macro 'HEDLEY_EMSCRIPTEN_VERSION_CHECK'
  195 | #  define HEDLEY_EMSCRIPTEN_VERSION_CHECK(major,minor,patch) (HEDLEY_EMSCRIPTEN_VERSION >= HEDLEY_VERSION_ENCODE(major, minor, patch))
      |                                                               ^
/Users/miu/Code/peach-cat/.cache/vcv-library-sources/SurgeXTRack/640153d4e70896a707bc3a7cbff1d375c44581b6/surge/libs/simde/simde/x86/../hedley.h:188:59: note: expanded from macro 'HEDLEY_EMSCRIPTEN_VERSION'
  188 | #  define HEDLEY_EMSCRIPTEN_VERSION HEDLEY_VERSION_ENCODE(__EMSCRIPTEN_major__, __EMSCRIPTEN_minor__, __EMSCRIPTEN_tiny__)
      |                                                           ^
/opt/homebrew/Cellar/emscripten/6.0.3/libexec/cache/sysroot/include/emscripten/version.h:10:82: note: macro marked 'deprecated' here
   10 | #pragma clang deprecated(__EMSCRIPTEN_major__, "Use __EMSCRIPTEN_MAJOR__ instead")
      |                                                                                  ^
In file included from /Users/miu/Code/peach-cat/.tmp/surge-reverb-debug/surge_storage_browser.cpp:23:
In file included from /Users/miu/Code/peach-cat/.cache/vcv-library-sources/SurgeXTRack/640153d4e70896a707bc3a7cbff1d375c44581b6/surge/src/common/dsp/utilities/DSPUtils.h:29:
In file included from /Users/miu/Code/peach-cat/.cache/vcv-library-sources/SurgeXTRack/640153d4e70896a707bc3a7cbff1d375c44581b6/surge/src/common/globals.h:62:
In file included from /Users/miu/Code/peach-cat/.cache/vcv-library-sources/SurgeXTRack/640153d4e70896a707bc3a7cbff1d375c44581b6/surge/libs/simde/simde/x86/sse2.h:35:
In file included from /Users/miu/Code/peach-cat/.cache/vcv-library-sources/SurgeXTRack/640153d4e70896a707bc3a7cbff1d375c44581b6/surge/libs/simde/simde/x86/sse.h:33:
In file included from /Users/miu/Code/peach-cat/.cache/vcv-library-sources/SurgeXTRack/640153d4e70896a707bc3a7cbff1d375c44581b6/surge/libs/simde/simde/x86/mmx.h:30:
In file included from /Users/miu/Code/peach-cat/.cache/vcv-library-sources/SurgeXTRack/640153d4e70896a707bc3a7cbff1d375c44581b6/surge/libs/simde/simde/x86/../simde-common.h:47:
/Users/miu/Code/peach-cat/.cache/vcv-library-sources/SurgeXTRack/640153d4e70896a707bc3a7cbff1d375c44581b6/surge/libs/simde/simde/x86/../simde-math.h:1289:47: warning: macro '__EMSCRIPTEN_minor__' has been marked as deprecated: Use __EMSCRIPTEN_MINOR__ instead [-Wdeprecated-pragma]
 1289 |      ((!defined(HEDLEY_EMSCRIPTEN_VERSION) || HEDLEY_EMSCRIPTEN_VERSION_CHECK(3, 1, 43)) && HEDLEY_HAS_BUILTIN(__builtin_roundevenf)) || \
      |                                               ^
/Users/miu/Code/peach-cat/.cache/vcv-library-sources/SurgeXTRack/640153d4e70896a707bc3a7cbff1d375c44581b6/surge/libs/simde/simde/x86/../hedley.h:195:63: note: expanded from macro 'HEDLEY_EMSCRIPTEN_VERSION_CHECK'
  195 | #  define HEDLEY_EMSCRIPTEN_VERSION_CHECK(major,minor,patch) (HEDLEY_EMSCRIPTEN_VERSION >= HEDLEY_VERSION_ENCODE(major, minor, patch))
      |                                                               ^
/Users/miu/Code/peach-cat/.cache/vcv-library-sources/SurgeXTRack/640153d4e70896a707bc3a7cbff1d375c44581b6/surge/libs/simde/simde/x86/../hedley.h:188:81: note: expanded from macro 'HEDLEY_EMSCRIPTEN_VERSION'
  188 | #  define HEDLEY_EMSCRIPTEN_VERSION HEDLEY_VERSION_ENCODE(__EMSCRIPTEN_major__, __EMSCRIPTEN_minor__, __EMSCRIPTEN_tiny__)
      |                                                                                 ^
/opt/homebrew/Cellar/emscripten/6.0.3/libexec/cache/sysroot/include/emscripten/version.h:11:82: note: macro marked 'deprecated' here
   11 | #pragma clang deprecated(__EMSCRIPTEN_minor__, "Use __EMSCRIPTEN_MINOR__ instead")
      |                                                                                  ^
In file included from /Users/miu/Code/peach-cat/.tmp/surge-reverb-debug/surge_storage_browser.cpp:23:
In file included from /Users/miu/Code/peach-cat/.cache/vcv-library-sources/SurgeXTRack/640153d4e70896a707bc3a7cbff1d375c44581b6/surge/src/common/dsp/utilities/DSPUtils.h:29:
In file included from /Users/miu/Code/peach-cat/.cache/vcv-library-sources/SurgeXTRack/640153d4e70896a707bc3a7cbff1d375c44581b6/surge/src/common/globals.h:62:
In file included from /Users/miu/Code/peach-cat/.cache/vcv-library-sources/SurgeXTRack/640153d4e70896a707bc3a7cbff1d375c44581b6/surge/libs/simde/simde/x86/sse2.h:35:
In file included from /Users/miu/Code/peach-cat/.cache/vcv-library-sources/SurgeXTRack/640153d4e70896a707bc3a7cbff1d375c44581b6/surge/libs/simde/simde/x86/sse.h:33:
In file included from /Users/miu/Code/peach-cat/.cache/vcv-library-sources/SurgeXTRack/640153d4e70896a707bc3a7cbff1d375c44581b6/surge/libs/simde/simde/x86/mmx.h:30:
In file included from /Users/miu/Code/peach-cat/.cache/vcv-library-sources/SurgeXTRack/640153d4e70896a707bc3a7cbff1d375c44581b6/surge/libs/simde/simde/x86/../simde-common.h:47:
/Users/miu/Code/peach-cat/.cache/vcv-library-sources/SurgeXTRack/640153d4e70896a707bc3a7cbff1d375c44581b6/surge/libs/simde/simde/x86/../simde-math.h:1289:47: warning: macro '__EMSCRIPTEN_tiny__' has been marked as deprecated: Use __EMSCRIPTEN_TINY__ instead [-Wdeprecated-pragma]
 1289 |      ((!defined(HEDLEY_EMSCRIPTEN_VERSION) || HEDLEY_EMSCRIPTEN_VERSION_CHECK(3, 1, 43)) && HEDLEY_HAS_BUILTIN(__builtin_roundevenf)) || \
      |                                               ^
/Users/miu/Code/peach-cat/.cache/vcv-library-sources/SurgeXTRack/640153d4e70896a707bc3a7cbff1d375c44581b6/surge/libs/simde/simde/x86/../hedley.h:195:63: note: expanded from macro 'HEDLEY_EMSCRIPTEN_VERSION_CHECK'
  195 | #  define HEDLEY_EMSCRIPTEN_VERSION_CHECK(major,minor,patch) (HEDLEY_EMSCRIPTEN_VERSION >= HEDLEY_VERSION_ENCODE(major, minor, patch))
      |                                                               ^
/Users/miu/Code/peach-cat/.cache/vcv-library-sources/SurgeXTRack/640153d4e70896a707bc3a7cbff1d375c44581b6/surge/libs/simde/simde/x86/../hedley.h:188:103: note: expanded from macro 'HEDLEY_EMSCRIPTEN_VERSION'
  188 | #  define HEDLEY_EMSCRIPTEN_VERSION HEDLEY_VERSION_ENCODE(__EMSCRIPTEN_major__, __EMSCRIPTEN_minor__, __EMSCRIPTEN_tiny__)
      |                                                                                                       ^
/opt/homebrew/Cellar/emscripten/6.0.3/libexec/cache/sysroot/include/emscripten/version.h:12:80: note: macro marked 'deprecated' here
   12 | #pragma clang deprecated(__EMSCRIPTEN_tiny__, "Use __EMSCRIPTEN_TINY__ instead")
      |                                                                                ^
6 warnings generated.
In file included from /Users/miu/Code/peach-cat/.cache/vcv-library-sources/SurgeXTRack/640153d4e70896a707bc3a7cbff1d375c44581b6/surge/src/common/Parameter.cpp:23:
In file included from /Users/miu/Code/peach-cat/.cache/vcv-library-sources/SurgeXTRack/640153d4e70896a707bc3a7cbff1d375c44581b6/surge/src/common/SurgeStorage.h:25:
In file included from /Users/miu/Code/peach-cat/.cache/vcv-library-sources/SurgeXTRack/640153d4e70896a707bc3a7cbff1d375c44581b6/surge/src/common/globals.h:62:
In file included from /Users/miu/Code/peach-cat/.cache/vcv-library-sources/SurgeXTRack/640153d4e70896a707bc3a7cbff1d375c44581b6/surge/libs/simde/simde/x86/sse2.h:35:
In file included from /Users/miu/Code/peach-cat/.cache/vcv-library-sources/SurgeXTRack/640153d4e70896a707bc3a7cbff1d375c44581b6/surge/libs/simde/simde/x86/sse.h:33:
In file included from /Users/miu/Code/peach-cat/.cache/vcv-library-sources/SurgeXTRack/640153d4e70896a707bc3a7cbff1d375c44581b6/surge/libs/simde/simde/x86/mmx.h:30:
In file included from /Users/miu/Code/peach-cat/.cache/vcv-library-sources/SurgeXTRack/640153d4e70896a707bc3a7cbff1d375c44581b6/surge/libs/simde/simde/x86/../simde-common.h:47:
/Users/miu/Code/peach-cat/.cache/vcv-library-sources/SurgeXTRack/640153d4e70896a707bc3a7cbff1d375c44581b6/surge/libs/simde/simde/x86/../simde-math.h:1269:47: warning: macro '__EMSCRIPTEN_major__' has been marked as deprecated: Use __EMSCRIPTEN_MAJOR__ instead [-Wdeprecated-pragma]
 1269 |      ((!defined(HEDLEY_EMSCRIPTEN_VERSION) || HEDLEY_EMSCRIPTEN_VERSION_CHECK(3, 1, 43)) && HEDLEY_HAS_BUILTIN(__builtin_roundeven)) || \
      |                                               ^
/Users/miu/Code/peach-cat/.cache/vcv-library-sources/SurgeXTRack/640153d4e70896a707bc3a7cbff1d375c44581b6/surge/libs/simde/simde/x86/../hedley.h:195:63: note: expanded from macro 'HEDLEY_EMSCRIPTEN_VERSION_CHECK'
  195 | #  define HEDLEY_EMSCRIPTEN_VERSION_CHECK(major,minor,patch) (HEDLEY_EMSCRIPTEN_VERSION >= HEDLEY_VERSION_ENCODE(major, minor, patch))
      |                                                               ^
/Users/miu/Code/peach-cat/.cache/vcv-library-sources/SurgeXTRack/640153d4e70896a707bc3a7cbff1d375c44581b6/surge/libs/simde/simde/x86/../hedley.h:188:59: note: expanded from macro 'HEDLEY_EMSCRIPTEN_VERSION'
  188 | #  define HEDLEY_EMSCRIPTEN_VERSION HEDLEY_VERSION_ENCODE(__EMSCRIPTEN_major__, __EMSCRIPTEN_minor__, __EMSCRIPTEN_tiny__)
      |                                                           ^
/opt/homebrew/Cellar/emscripten/6.0.3/libexec/cache/sysroot/include/emscripten/version.h:10:82: note: macro marked 'deprecated' here
   10 | #pragma clang deprecated(__EMSCRIPTEN_major__, "Use __EMSCRIPTEN_MAJOR__ instead")
      |                                                                                  ^
In file included from /Users/miu/Code/peach-cat/.cache/vcv-library-sources/SurgeXTRack/640153d4e70896a707bc3a7cbff1d375c44581b6/surge/src/common/Parameter.cpp:23:
In file included from /Users/miu/Code/peach-cat/.cache/vcv-library-sources/SurgeXTRack/640153d4e70896a707bc3a7cbff1d375c44581b6/surge/src/common/SurgeStorage.h:25:
In file included from /Users/miu/Code/peach-cat/.cache/vcv-library-sources/SurgeXTRack/640153d4e70896a707bc3a7cbff1d375c44581b6/surge/src/common/globals.h:62:
In file included from /Users/miu/Code/peach-cat/.cache/vcv-library-sources/SurgeXTRack/640153d4e70896a707bc3a7cbff1d375c44581b6/surge/libs/simde/simde/x86/sse2.h:35:
In file included from /Users/miu/Code/peach-cat/.cache/vcv-library-sources/SurgeXTRack/640153d4e70896a707bc3a7cbff1d375c44581b6/surge/libs/simde/simde/x86/sse.h:33:
In file included from /Users/miu/Code/peach-cat/.cache/vcv-library-sources/SurgeXTRack/640153d4e70896a707bc3a7cbff1d375c44581b6/surge/libs/simde/simde/x86/mmx.h:30:
In file included from /Users/miu/Code/peach-cat/.cache/vcv-library-sources/SurgeXTRack/640153d4e70896a707bc3a7cbff1d375c44581b6/surge/libs/simde/simde/x86/../simde-common.h:47:
/Users/miu/Code/peach-cat/.cache/vcv-library-sources/SurgeXTRack/640153d4e70896a707bc3a7cbff1d375c44581b6/surge/libs/simde/simde/x86/../simde-math.h:1269:47: warning: macro '__EMSCRIPTEN_minor__' has been marked as deprecated: Use __EMSCRIPTEN_MINOR__ instead [-Wdeprecated-pragma]
 1269 |      ((!defined(HEDLEY_EMSCRIPTEN_VERSION) || HEDLEY_EMSCRIPTEN_VERSION_CHECK(3, 1, 43)) && HEDLEY_HAS_BUILTIN(__builtin_roundeven)) || \
      |                                               ^
/Users/miu/Code/peach-cat/.cache/vcv-library-sources/SurgeXTRack/640153d4e70896a707bc3a7cbff1d375c44581b6/surge/libs/simde/simde/x86/../hedley.h:195:63: note: expanded from macro 'HEDLEY_EMSCRIPTEN_VERSION_CHECK'
  195 | #  define HEDLEY_EMSCRIPTEN_VERSION_CHECK(major,minor,patch) (HEDLEY_EMSCRIPTEN_VERSION >= HEDLEY_VERSION_ENCODE(major, minor, patch))
      |                                                               ^
/Users/miu/Code/peach-cat/.cache/vcv-library-sources/SurgeXTRack/640153d4e70896a707bc3a7cbff1d375c44581b6/surge/libs/simde/simde/x86/../hedley.h:188:81: note: expanded from macro 'HEDLEY_EMSCRIPTEN_VERSION'
  188 | #  define HEDLEY_EMSCRIPTEN_VERSION HEDLEY_VERSION_ENCODE(__EMSCRIPTEN_major__, __EMSCRIPTEN_minor__, __EMSCRIPTEN_tiny__)
      |                                                                                 ^
/opt/homebrew/Cellar/emscripten/6.0.3/libexec/cache/sysroot/include/emscripten/version.h:11:82: note: macro marked 'deprecated' here
   11 | #pragma clang deprecated(__EMSCRIPTEN_minor__, "Use __EMSCRIPTEN_MINOR__ instead")
      |                                                                                  ^
In file included from /Users/miu/Code/peach-cat/.cache/vcv-library-sources/SurgeXTRack/640153d4e70896a707bc3a7cbff1d375c44581b6/surge/src/common/Parameter.cpp:23:
In file included from /Users/miu/Code/peach-cat/.cache/vcv-library-sources/SurgeXTRack/640153d4e70896a707bc3a7cbff1d375c44581b6/surge/src/common/SurgeStorage.h:25:
In file included from /Users/miu/Code/peach-cat/.cache/vcv-library-sources/SurgeXTRack/640153d4e70896a707bc3a7cbff1d375c44581b6/surge/src/common/globals.h:62:
In file included from /Users/miu/Code/peach-cat/.cache/vcv-library-sources/SurgeXTRack/640153d4e70896a707bc3a7cbff1d375c44581b6/surge/libs/simde/simde/x86/sse2.h:35:
In file included from /Users/miu/Code/peach-cat/.cache/vcv-library-sources/SurgeXTRack/640153d4e70896a707bc3a7cbff1d375c44581b6/surge/libs/simde/simde/x86/sse.h:33:
In file included from /Users/miu/Code/peach-cat/.cache/vcv-library-sources/SurgeXTRack/640153d4e70896a707bc3a7cbff1d375c44581b6/surge/libs/simde/simde/x86/mmx.h:30:
In file included from /Users/miu/Code/peach-cat/.cache/vcv-library-sources/SurgeXTRack/640153d4e70896a707bc3a7cbff1d375c44581b6/surge/libs/simde/simde/x86/../simde-common.h:47:
/Users/miu/Code/peach-cat/.cache/vcv-library-sources/SurgeXTRack/640153d4e70896a707bc3a7cbff1d375c44581b6/surge/libs/simde/simde/x86/../simde-math.h:1269:47: warning: macro '__EMSCRIPTEN_tiny__' has been marked as deprecated: Use __EMSCRIPTEN_TINY__ instead [-Wdeprecated-pragma]
 1269 |      ((!defined(HEDLEY_EMSCRIPTEN_VERSION) || HEDLEY_EMSCRIPTEN_VERSION_CHECK(3, 1, 43)) && HEDLEY_HAS_BUILTIN(__builtin_roundeven)) || \
      |                                               ^
/Users/miu/Code/peach-cat/.cache/vcv-library-sources/SurgeXTRack/640153d4e70896a707bc3a7cbff1d375c44581b6/surge/libs/simde/simde/x86/../hedley.h:195:63: note: expanded from macro 'HEDLEY_EMSCRIPTEN_VERSION_CHECK'
  195 | #  define HEDLEY_EMSCRIPTEN_VERSION_CHECK(major,minor,patch) (HEDLEY_EMSCRIPTEN_VERSION >= HEDLEY_VERSION_ENCODE(major, minor, patch))
      |                                                               ^
/Users/miu/Code/peach-cat/.cache/vcv-library-sources/SurgeXTRack/640153d4e70896a707bc3a7cbff1d375c44581b6/surge/libs/simde/simde/x86/../hedley.h:188:103: note: expanded from macro 'HEDLEY_EMSCRIPTEN_VERSION'
  188 | #  define HEDLEY_EMSCRIPTEN_VERSION HEDLEY_VERSION_ENCODE(__EMSCRIPTEN_major__, __EMSCRIPTEN_minor__, __EMSCRIPTEN_tiny__)
      |                                                                                                       ^
/opt/homebrew/Cellar/emscripten/6.0.3/libexec/cache/sysroot/include/emscripten/version.h:12:80: note: macro marked 'deprecated' here
   12 | #pragma clang deprecated(__EMSCRIPTEN_tiny__, "Use __EMSCRIPTEN_TINY__ instead")
      |                                                                                ^
In file included from /Users/miu/Code/peach-cat/.cache/vcv-library-sources/SurgeXTRack/640153d4e70896a707bc3a7cbff1d375c44581b6/surge/src/common/Parameter.cpp:23:
In file included from /Users/miu/Code/peach-cat/.cache/vcv-library-sources/SurgeXTRack/640153d4e70896a707bc3a7cbff1d375c44581b6/surge/src/common/SurgeStorage.h:25:
In file included from /Users/miu/Code/peach-cat/.cache/vcv-library-sources/SurgeXTRack/640153d4e70896a707bc3a7cbff1d375c44581b6/surge/src/common/globals.h:62:
In file included from /Users/miu/Code/peach-cat/.cache/vcv-library-sources/SurgeXTRack/640153d4e70896a707bc3a7cbff1d375c44581b6/surge/libs/simde/simde/x86/sse2.h:35:
In file included from /Users/miu/Code/peach-cat/.cache/vcv-library-sources/SurgeXTRack/640153d4e70896a707bc3a7cbff1d375c44581b6/surge/libs/simde/simde/x86/sse.h:33:
In file included from /Users/miu/Code/peach-cat/.cache/vcv-library-sources/SurgeXTRack/640153d4e70896a707bc3a7cbff1d375c44581b6/surge/libs/simde/simde/x86/mmx.h:30:
In file included from /Users/miu/Code/peach-cat/.cache/vcv-library-sources/SurgeXTRack/640153d4e70896a707bc3a7cbff1d375c44581b6/surge/libs/simde/simde/x86/../simde-common.h:47:
/Users/miu/Code/peach-cat/.cache/vcv-library-sources/SurgeXTRack/640153d4e70896a707bc3a7cbff1d375c44581b6/surge/libs/simde/simde/x86/../simde-math.h:1289:47: warning: macro '__EMSCRIPTEN_major__' has been marked as deprecated: Use __EMSCRIPTEN_MAJOR__ instead [-Wdeprecated-pragma]
 1289 |      ((!defined(HEDLEY_EMSCRIPTEN_VERSION) || HEDLEY_EMSCRIPTEN_VERSION_CHECK(3, 1, 43)) && HEDLEY_HAS_BUILTIN(__builtin_roundevenf)) || \
      |                                               ^
/Users/miu/Code/peach-cat/.cache/vcv-library-sources/SurgeXTRack/640153d4e70896a707bc3a7cbff1d375c44581b6/surge/libs/simde/simde/x86/../hedley.h:195:63: note: expanded from macro 'HEDLEY_EMSCRIPTEN_VERSION_CHECK'
  195 | #  define HEDLEY_EMSCRIPTEN_VERSION_CHECK(major,minor,patch) (HEDLEY_EMSCRIPTEN_VERSION >= HEDLEY_VERSION_ENCODE(major, minor, patch))
      |                                                               ^
/Users/miu/Code/peach-cat/.cache/vcv-library-sources/SurgeXTRack/640153d4e70896a707bc3a7cbff1d375c44581b6/surge/libs/simde/simde/x86/../hedley.h:188:59: note: expanded from macro 'HEDLEY_EMSCRIPTEN_VERSION'
  188 | #  define HEDLEY_EMSCRIPTEN_VERSION HEDLEY_VERSION_ENCODE(__EMSCRIPTEN_major__, __EMSCRIPTEN_minor__, __EMSCRIPTEN_tiny__)
      |                                                           ^
/opt/homebrew/Cellar/emscripten/6.0.3/libexec/cache/sysroot/include/emscripten/version.h:10:82: note: macro marked 'deprecated' here
   10 | #pragma clang deprecated(__EMSCRIPTEN_major__, "Use __EMSCRIPTEN_MAJOR__ instead")
      |                                                                                  ^
In file included from /Users/miu/Code/peach-cat/.cache/vcv-library-sources/SurgeXTRack/640153d4e70896a707bc3a7cbff1d375c44581b6/surge/src/common/Parameter.cpp:23:
In file included from /Users/miu/Code/peach-cat/.cache/vcv-library-sources/SurgeXTRack/640153d4e70896a707bc3a7cbff1d375c44581b6/surge/src/common/SurgeStorage.h:25:
In file included from /Users/miu/Code/peach-cat/.cache/vcv-library-sources/SurgeXTRack/640153d4e70896a707bc3a7cbff1d375c44581b6/surge/src/common/globals.h:62:
In file included from /Users/miu/Code/peach-cat/.cache/vcv-library-sources/SurgeXTRack/640153d4e70896a707bc3a7cbff1d375c44581b6/surge/libs/simde/simde/x86/sse2.h:35:
In file included from /Users/miu/Code/peach-cat/.cache/vcv-library-sources/SurgeXTRack/640153d4e70896a707bc3a7cbff1d375c44581b6/surge/libs/simde/simde/x86/sse.h:33:
In file included from /Users/miu/Code/peach-cat/.cache/vcv-library-sources/SurgeXTRack/640153d4e70896a707bc3a7cbff1d375c44581b6/surge/libs/simde/simde/x86/mmx.h:30:
In file included from /Users/miu/Code/peach-cat/.cache/vcv-library-sources/SurgeXTRack/640153d4e70896a707bc3a7cbff1d375c44581b6/surge/libs/simde/simde/x86/../simde-common.h:47:
/Users/miu/Code/peach-cat/.cache/vcv-library-sources/SurgeXTRack/640153d4e70896a707bc3a7cbff1d375c44581b6/surge/libs/simde/simde/x86/../simde-math.h:1289:47: warning: macro '__EMSCRIPTEN_minor__' has been marked as deprecated: Use __EMSCRIPTEN_MINOR__ instead [-Wdeprecated-pragma]
 1289 |      ((!defined(HEDLEY_EMSCRIPTEN_VERSION) || HEDLEY_EMSCRIPTEN_VERSION_CHECK(3, 1, 43)) && HEDLEY_HAS_BUILTIN(__builtin_roundevenf)) || \
      |                                               ^
/Users/miu/Code/peach-cat/.cache/vcv-library-sources/SurgeXTRack/640153d4e70896a707bc3a7cbff1d375c44581b6/surge/libs/simde/simde/x86/../hedley.h:195:63: note: expanded from macro 'HEDLEY_EMSCRIPTEN_VERSION_CHECK'
  195 | #  define HEDLEY_EMSCRIPTEN_VERSION_CHECK(major,minor,patch) (HEDLEY_EMSCRIPTEN_VERSION >= HEDLEY_VERSION_ENCODE(major, minor, patch))
      |                                                               ^
/Users/miu/Code/peach-cat/.cache/vcv-library-sources/SurgeXTRack/640153d4e70896a707bc3a7cbff1d375c44581b6/surge/libs/simde/simde/x86/../hedley.h:188:81: note: expanded from macro 'HEDLEY_EMSCRIPTEN_VERSION'
  188 | #  define HEDLEY_EMSCRIPTEN_VERSION HEDLEY_VERSION_ENCODE(__EMSCRIPTEN_major__, __EMSCRIPTEN_minor__, __EMSCRIPTEN_tiny__)
      |                                                                                 ^
/opt/homebrew/Cellar/emscripten/6.0.3/libexec/cache/sysroot/include/emscripten/version.h:11:82: note: macro marked 'deprecated' here
   11 | #pragma clang deprecated(__EMSCRIPTEN_minor__, "Use __EMSCRIPTEN_MINOR__ instead")
      |                                                                                  ^
In file included from /Users/miu/Code/peach-cat/.cache/vcv-library-sources/SurgeXTRack/640153d4e70896a707bc3a7cbff1d375c44581b6/surge/src/common/Parameter.cpp:23:
In file included from /Users/miu/Code/peach-cat/.cache/vcv-library-sources/SurgeXTRack/640153d4e70896a707bc3a7cbff1d375c44581b6/surge/src/common/SurgeStorage.h:25:
In file included from /Users/miu/Code/peach-cat/.cache/vcv-library-sources/SurgeXTRack/640153d4e70896a707bc3a7cbff1d375c44581b6/surge/src/common/globals.h:62:
In file included from /Users/miu/Code/peach-cat/.cache/vcv-library-sources/SurgeXTRack/640153d4e70896a707bc3a7cbff1d375c44581b6/surge/libs/simde/simde/x86/sse2.h:35:
In file included from /Users/miu/Code/peach-cat/.cache/vcv-library-sources/SurgeXTRack/640153d4e70896a707bc3a7cbff1d375c44581b6/surge/libs/simde/simde/x86/sse.h:33:
In file included from /Users/miu/Code/peach-cat/.cache/vcv-library-sources/SurgeXTRack/640153d4e70896a707bc3a7cbff1d375c44581b6/surge/libs/simde/simde/x86/mmx.h:30:
In file included from /Users/miu/Code/peach-cat/.cache/vcv-library-sources/SurgeXTRack/640153d4e70896a707bc3a7cbff1d375c44581b6/surge/libs/simde/simde/x86/../simde-common.h:47:
/Users/miu/Code/peach-cat/.cache/vcv-library-sources/SurgeXTRack/640153d4e70896a707bc3a7cbff1d375c44581b6/surge/libs/simde/simde/x86/../simde-math.h:1289:47: warning: macro '__EMSCRIPTEN_tiny__' has been marked as deprecated: Use __EMSCRIPTEN_TINY__ instead [-Wdeprecated-pragma]
 1289 |      ((!defined(HEDLEY_EMSCRIPTEN_VERSION) || HEDLEY_EMSCRIPTEN_VERSION_CHECK(3, 1, 43)) && HEDLEY_HAS_BUILTIN(__builtin_roundevenf)) || \
      |                                               ^
/Users/miu/Code/peach-cat/.cache/vcv-library-sources/SurgeXTRack/640153d4e70896a707bc3a7cbff1d375c44581b6/surge/libs/simde/simde/x86/../hedley.h:195:63: note: expanded from macro 'HEDLEY_EMSCRIPTEN_VERSION_CHECK'
  195 | #  define HEDLEY_EMSCRIPTEN_VERSION_CHECK(major,minor,patch) (HEDLEY_EMSCRIPTEN_VERSION >= HEDLEY_VERSION_ENCODE(major, minor, patch))
      |                                                               ^
/Users/miu/Code/peach-cat/.cache/vcv-library-sources/SurgeXTRack/640153d4e70896a707bc3a7cbff1d375c44581b6/surge/libs/simde/simde/x86/../hedley.h:188:103: note: expanded from macro 'HEDLEY_EMSCRIPTEN_VERSION'
  188 | #  define HEDLEY_EMSCRIPTEN_VERSION HEDLEY_VERSION_ENCODE(__EMSCRIPTEN_major__, __EMSCRIPTEN_minor__, __EMSCRIPTEN_tiny__)
      |                                                                                                       ^
/opt/homebrew/Cellar/emscripten/6.0.3/libexec/cache/sysroot/include/emscripten/version.h:12:80: note: macro marked 'deprecated' here
   12 | #pragma clang deprecated(__EMSCRIPTEN_tiny__, "Use __EMSCRIPTEN_TINY__ instead")
      |                                                                                ^
In file included from /Users/miu/Code/peach-cat/.cache/vcv-library-sources/SurgeXTRack/640153d4e70896a707bc3a7cbff1d375c44581b6/surge/src/common/Parameter.cpp:41:
In file included from /Users/miu/Code/peach-cat/.cache/vcv-library-sources/SurgeXTRack/640153d4e70896a707bc3a7cbff1d375c44581b6/surge/src/common/UnitConversions.h:29:
/Users/miu/Code/peach-cat/.cache/vcv-library-sources/SurgeXTRack/640153d4e70896a707bc3a7cbff1d375c44581b6/surge/libs/fmt/include/fmt/format.h:4168:27: warning: identifier '_a' preceded by whitespace in a literal operator declaration is deprecated [-Wdeprecated-literal-operator]
 4168 | constexpr auto operator"" _a(const char* s, size_t) -> detail::udl_arg<char> {
      |                ~~~~~~~~~~~^~
      |                operator""_a
7 warnings generated.
In file included from /Users/miu/Code/peach-cat/.cache/vcv-library-sources/SurgeXTRack/640153d4e70896a707bc3a7cbff1d375c44581b6/surge/src/common/ModulationSource.cpp:24:
In file included from /Users/miu/Code/peach-cat/.cache/vcv-library-sources/SurgeXTRack/640153d4e70896a707bc3a7cbff1d375c44581b6/surge/src/common/SurgeStorage.h:25:
In file included from /Users/miu/Code/peach-cat/.cache/vcv-library-sources/SurgeXTRack/640153d4e70896a707bc3a7cbff1d375c44581b6/surge/src/common/globals.h:62:
In file included from /Users/miu/Code/peach-cat/.cache/vcv-library-sources/SurgeXTRack/640153d4e70896a707bc3a7cbff1d375c44581b6/surge/libs/simde/simde/x86/sse2.h:35:
In file included from /Users/miu/Code/peach-cat/.cache/vcv-library-sources/SurgeXTRack/640153d4e70896a707bc3a7cbff1d375c44581b6/surge/libs/simde/simde/x86/sse.h:33:
In file included from /Users/miu/Code/peach-cat/.cache/vcv-library-sources/SurgeXTRack/640153d4e70896a707bc3a7cbff1d375c44581b6/surge/libs/simde/simde/x86/mmx.h:30:
In file included from /Users/miu/Code/peach-cat/.cache/vcv-library-sources/SurgeXTRack/640153d4e70896a707bc3a7cbff1d375c44581b6/surge/libs/simde/simde/x86/../simde-common.h:47:
/Users/miu/Code/peach-cat/.cache/vcv-library-sources/SurgeXTRack/640153d4e70896a707bc3a7cbff1d375c44581b6/surge/libs/simde/simde/x86/../simde-math.h:1269:47: warning: macro '__EMSCRIPTEN_major__' has been marked as deprecated: Use __EMSCRIPTEN_MAJOR__ instead [-Wdeprecated-pragma]
 1269 |      ((!defined(HEDLEY_EMSCRIPTEN_VERSION) || HEDLEY_EMSCRIPTEN_VERSION_CHECK(3, 1, 43)) && HEDLEY_HAS_BUILTIN(__builtin_roundeven)) || \
      |                                               ^
/Users/miu/Code/peach-cat/.cache/vcv-library-sources/SurgeXTRack/640153d4e70896a707bc3a7cbff1d375c44581b6/surge/libs/simde/simde/x86/../hedley.h:195:63: note: expanded from macro 'HEDLEY_EMSCRIPTEN_VERSION_CHECK'
  195 | #  define HEDLEY_EMSCRIPTEN_VERSION_CHECK(major,minor,patch) (HEDLEY_EMSCRIPTEN_VERSION >= HEDLEY_VERSION_ENCODE(major, minor, patch))
      |                                                               ^
/Users/miu/Code/peach-cat/.cache/vcv-library-sources/SurgeXTRack/640153d4e70896a707bc3a7cbff1d375c44581b6/surge/libs/simde/simde/x86/../hedley.h:188:59: note: expanded from macro 'HEDLEY_EMSCRIPTEN_VERSION'
  188 | #  define HEDLEY_EMSCRIPTEN_VERSION HEDLEY_VERSION_ENCODE(__EMSCRIPTEN_major__, __EMSCRIPTEN_minor__, __EMSCRIPTEN_tiny__)
      |                                                           ^
/opt/homebrew/Cellar/emscripten/6.0.3/libexec/cache/sysroot/include/emscripten/version.h:10:82: note: macro marked 'deprecated' here
   10 | #pragma clang deprecated(__EMSCRIPTEN_major__, "Use __EMSCRIPTEN_MAJOR__ instead")
      |                                                                                  ^
In file included from /Users/miu/Code/peach-cat/.cache/vcv-library-sources/SurgeXTRack/640153d4e70896a707bc3a7cbff1d375c44581b6/surge/src/common/ModulationSource.cpp:24:
In file included from /Users/miu/Code/peach-cat/.cache/vcv-library-sources/SurgeXTRack/640153d4e70896a707bc3a7cbff1d375c44581b6/surge/src/common/SurgeStorage.h:25:
In file included from /Users/miu/Code/peach-cat/.cache/vcv-library-sources/SurgeXTRack/640153d4e70896a707bc3a7cbff1d375c44581b6/surge/src/common/globals.h:62:
In file included from /Users/miu/Code/peach-cat/.cache/vcv-library-sources/SurgeXTRack/640153d4e70896a707bc3a7cbff1d375c44581b6/surge/libs/simde/simde/x86/sse2.h:35:
In file included from /Users/miu/Code/peach-cat/.cache/vcv-library-sources/SurgeXTRack/640153d4e70896a707bc3a7cbff1d375c44581b6/surge/libs/simde/simde/x86/sse.h:33:
In file included from /Users/miu/Code/peach-cat/.cache/vcv-library-sources/SurgeXTRack/640153d4e70896a707bc3a7cbff1d375c44581b6/surge/libs/simde/simde/x86/mmx.h:30:
In file included from /Users/miu/Code/peach-cat/.cache/vcv-library-sources/SurgeXTRack/640153d4e70896a707bc3a7cbff1d375c44581b6/surge/libs/simde/simde/x86/../simde-common.h:47:
/Users/miu/Code/peach-cat/.cache/vcv-library-sources/SurgeXTRack/640153d4e70896a707bc3a7cbff1d375c44581b6/surge/libs/simde/simde/x86/../simde-math.h:1269:47: warning: macro '__EMSCRIPTEN_minor__' has been marked as deprecated: Use __EMSCRIPTEN_MINOR__ instead [-Wdeprecated-pragma]
 1269 |      ((!defined(HEDLEY_EMSCRIPTEN_VERSION) || HEDLEY_EMSCRIPTEN_VERSION_CHECK(3, 1, 43)) && HEDLEY_HAS_BUILTIN(__builtin_roundeven)) || \
      |                                               ^
/Users/miu/Code/peach-cat/.cache/vcv-library-sources/SurgeXTRack/640153d4e70896a707bc3a7cbff1d375c44581b6/surge/libs/simde/simde/x86/../hedley.h:195:63: note: expanded from macro 'HEDLEY_EMSCRIPTEN_VERSION_CHECK'
  195 | #  define HEDLEY_EMSCRIPTEN_VERSION_CHECK(major,minor,patch) (HEDLEY_EMSCRIPTEN_VERSION >= HEDLEY_VERSION_ENCODE(major, minor, patch))
      |                                                               ^
/Users/miu/Code/peach-cat/.cache/vcv-library-sources/SurgeXTRack/640153d4e70896a707bc3a7cbff1d375c44581b6/surge/libs/simde/simde/x86/../hedley.h:188:81: note: expanded from macro 'HEDLEY_EMSCRIPTEN_VERSION'
  188 | #  define HEDLEY_EMSCRIPTEN_VERSION HEDLEY_VERSION_ENCODE(__EMSCRIPTEN_major__, __EMSCRIPTEN_minor__, __EMSCRIPTEN_tiny__)
      |                                                                                 ^
/opt/homebrew/Cellar/emscripten/6.0.3/libexec/cache/sysroot/include/emscripten/version.h:11:82: note: macro marked 'deprecated' here
   11 | #pragma clang deprecated(__EMSCRIPTEN_minor__, "Use __EMSCRIPTEN_MINOR__ instead")
      |                                                                                  ^
In file included from /Users/miu/Code/peach-cat/.cache/vcv-library-sources/SurgeXTRack/640153d4e70896a707bc3a7cbff1d375c44581b6/surge/src/common/ModulationSource.cpp:24:
In file included from /Users/miu/Code/peach-cat/.cache/vcv-library-sources/SurgeXTRack/640153d4e70896a707bc3a7cbff1d375c44581b6/surge/src/common/SurgeStorage.h:25:
In file included from /Users/miu/Code/peach-cat/.cache/vcv-library-sources/SurgeXTRack/640153d4e70896a707bc3a7cbff1d375c44581b6/surge/src/common/globals.h:62:
In file included from /Users/miu/Code/peach-cat/.cache/vcv-library-sources/SurgeXTRack/640153d4e70896a707bc3a7cbff1d375c44581b6/surge/libs/simde/simde/x86/sse2.h:35:
In file included from /Users/miu/Code/peach-cat/.cache/vcv-library-sources/SurgeXTRack/640153d4e70896a707bc3a7cbff1d375c44581b6/surge/libs/simde/simde/x86/sse.h:33:
In file included from /Users/miu/Code/peach-cat/.cache/vcv-library-sources/SurgeXTRack/640153d4e70896a707bc3a7cbff1d375c44581b6/surge/libs/simde/simde/x86/mmx.h:30:
In file included from /Users/miu/Code/peach-cat/.cache/vcv-library-sources/SurgeXTRack/640153d4e70896a707bc3a7cbff1d375c44581b6/surge/libs/simde/simde/x86/../simde-common.h:47:
/Users/miu/Code/peach-cat/.cache/vcv-library-sources/SurgeXTRack/640153d4e70896a707bc3a7cbff1d375c44581b6/surge/libs/simde/simde/x86/../simde-math.h:1269:47: warning: macro '__EMSCRIPTEN_tiny__' has been marked as deprecated: Use __EMSCRIPTEN_TINY__ instead [-Wdeprecated-pragma]
 1269 |      ((!defined(HEDLEY_EMSCRIPTEN_VERSION) || HEDLEY_EMSCRIPTEN_VERSION_CHECK(3, 1, 43)) && HEDLEY_HAS_BUILTIN(__builtin_roundeven)) || \
      |                                               ^
/Users/miu/Code/peach-cat/.cache/vcv-library-sources/SurgeXTRack/640153d4e70896a707bc3a7cbff1d375c44581b6/surge/libs/simde/simde/x86/../hedley.h:195:63: note: expanded from macro 'HEDLEY_EMSCRIPTEN_VERSION_CHECK'
  195 | #  define HEDLEY_EMSCRIPTEN_VERSION_CHECK(major,minor,patch) (HEDLEY_EMSCRIPTEN_VERSION >= HEDLEY_VERSION_ENCODE(major, minor, patch))
      |                                                               ^
/Users/miu/Code/peach-cat/.cache/vcv-library-sources/SurgeXTRack/640153d4e70896a707bc3a7cbff1d375c44581b6/surge/libs/simde/simde/x86/../hedley.h:188:103: note: expanded from macro 'HEDLEY_EMSCRIPTEN_VERSION'
  188 | #  define HEDLEY_EMSCRIPTEN_VERSION HEDLEY_VERSION_ENCODE(__EMSCRIPTEN_major__, __EMSCRIPTEN_minor__, __EMSCRIPTEN_tiny__)
      |                                                                                                       ^
/opt/homebrew/Cellar/emscripten/6.0.3/libexec/cache/sysroot/include/emscripten/version.h:12:80: note: macro marked 'deprecated' here
   12 | #pragma clang deprecated(__EMSCRIPTEN_tiny__, "Use __EMSCRIPTEN_TINY__ instead")
      |                                                                                ^
In file included from /Users/miu/Code/peach-cat/.cache/vcv-library-sources/SurgeXTRack/640153d4e70896a707bc3a7cbff1d375c44581b6/surge/src/common/ModulationSource.cpp:24:
In file included from /Users/miu/Code/peach-cat/.cache/vcv-library-sources/SurgeXTRack/640153d4e70896a707bc3a7cbff1d375c44581b6/surge/src/common/SurgeStorage.h:25:
In file included from /Users/miu/Code/peach-cat/.cache/vcv-library-sources/SurgeXTRack/640153d4e70896a707bc3a7cbff1d375c44581b6/surge/src/common/globals.h:62:
In file included from /Users/miu/Code/peach-cat/.cache/vcv-library-sources/SurgeXTRack/640153d4e70896a707bc3a7cbff1d375c44581b6/surge/libs/simde/simde/x86/sse2.h:35:
In file included from /Users/miu/Code/peach-cat/.cache/vcv-library-sources/SurgeXTRack/640153d4e70896a707bc3a7cbff1d375c44581b6/surge/libs/simde/simde/x86/sse.h:33:
In file included from /Users/miu/Code/peach-cat/.cache/vcv-library-sources/SurgeXTRack/640153d4e70896a707bc3a7cbff1d375c44581b6/surge/libs/simde/simde/x86/mmx.h:30:
In file included from /Users/miu/Code/peach-cat/.cache/vcv-library-sources/SurgeXTRack/640153d4e70896a707bc3a7cbff1d375c44581b6/surge/libs/simde/simde/x86/../simde-common.h:47:
/Users/miu/Code/peach-cat/.cache/vcv-library-sources/SurgeXTRack/640153d4e70896a707bc3a7cbff1d375c44581b6/surge/libs/simde/simde/x86/../simde-math.h:1289:47: warning: macro '__EMSCRIPTEN_major__' has been marked as deprecated: Use __EMSCRIPTEN_MAJOR__ instead [-Wdeprecated-pragma]
 1289 |      ((!defined(HEDLEY_EMSCRIPTEN_VERSION) || HEDLEY_EMSCRIPTEN_VERSION_CHECK(3, 1, 43)) && HEDLEY_HAS_BUILTIN(__builtin_roundevenf)) || \
      |                                               ^
/Users/miu/Code/peach-cat/.cache/vcv-library-sources/SurgeXTRack/640153d4e70896a707bc3a7cbff1d375c44581b6/surge/libs/simde/simde/x86/../hedley.h:195:63: note: expanded from macro 'HEDLEY_EMSCRIPTEN_VERSION_CHECK'
  195 | #  define HEDLEY_EMSCRIPTEN_VERSION_CHECK(major,minor,patch) (HEDLEY_EMSCRIPTEN_VERSION >= HEDLEY_VERSION_ENCODE(major, minor, patch))
      |                                                               ^
/Users/miu/Code/peach-cat/.cache/vcv-library-sources/SurgeXTRack/640153d4e70896a707bc3a7cbff1d375c44581b6/surge/libs/simde/simde/x86/../hedley.h:188:59: note: expanded from macro 'HEDLEY_EMSCRIPTEN_VERSION'
  188 | #  define HEDLEY_EMSCRIPTEN_VERSION HEDLEY_VERSION_ENCODE(__EMSCRIPTEN_major__, __EMSCRIPTEN_minor__, __EMSCRIPTEN_tiny__)
      |                                                           ^
/opt/homebrew/Cellar/emscripten/6.0.3/libexec/cache/sysroot/include/emscripten/version.h:10:82: note: macro marked 'deprecated' here
   10 | #pragma clang deprecated(__EMSCRIPTEN_major__, "Use __EMSCRIPTEN_MAJOR__ instead")
      |                                                                                  ^
In file included from /Users/miu/Code/peach-cat/.cache/vcv-library-sources/SurgeXTRack/640153d4e70896a707bc3a7cbff1d375c44581b6/surge/src/common/ModulationSource.cpp:24:
In file included from /Users/miu/Code/peach-cat/.cache/vcv-library-sources/SurgeXTRack/640153d4e70896a707bc3a7cbff1d375c44581b6/surge/src/common/SurgeStorage.h:25:
In file included from /Users/miu/Code/peach-cat/.cache/vcv-library-sources/SurgeXTRack/640153d4e70896a707bc3a7cbff1d375c44581b6/surge/src/common/globals.h:62:
In file included from /Users/miu/Code/peach-cat/.cache/vcv-library-sources/SurgeXTRack/640153d4e70896a707bc3a7cbff1d375c44581b6/surge/libs/simde/simde/x86/sse2.h:35:
In file included from /Users/miu/Code/peach-cat/.cache/vcv-library-sources/SurgeXTRack/640153d4e70896a707bc3a7cbff1d375c44581b6/surge/libs/simde/simde/x86/sse.h:33:
In file included from /Users/miu/Code/peach-cat/.cache/vcv-library-sources/SurgeXTRack/640153d4e70896a707bc3a7cbff1d375c44581b6/surge/libs/simde/simde/x86/mmx.h:30:
In file included from /Users/miu/Code/peach-cat/.cache/vcv-library-sources/SurgeXTRack/640153d4e70896a707bc3a7cbff1d375c44581b6/surge/libs/simde/simde/x86/../simde-common.h:47:
/Users/miu/Code/peach-cat/.cache/vcv-library-sources/SurgeXTRack/640153d4e70896a707bc3a7cbff1d375c44581b6/surge/libs/simde/simde/x86/../simde-math.h:1289:47: warning: macro '__EMSCRIPTEN_minor__' has been marked as deprecated: Use __EMSCRIPTEN_MINOR__ instead [-Wdeprecated-pragma]
 1289 |      ((!defined(HEDLEY_EMSCRIPTEN_VERSION) || HEDLEY_EMSCRIPTEN_VERSION_CHECK(3, 1, 43)) && HEDLEY_HAS_BUILTIN(__builtin_roundevenf)) || \
      |                                               ^
/Users/miu/Code/peach-cat/.cache/vcv-library-sources/SurgeXTRack/640153d4e70896a707bc3a7cbff1d375c44581b6/surge/libs/simde/simde/x86/../hedley.h:195:63: note: expanded from macro 'HEDLEY_EMSCRIPTEN_VERSION_CHECK'
  195 | #  define HEDLEY_EMSCRIPTEN_VERSION_CHECK(major,minor,patch) (HEDLEY_EMSCRIPTEN_VERSION >= HEDLEY_VERSION_ENCODE(major, minor, patch))
      |                                                               ^
/Users/miu/Code/peach-cat/.cache/vcv-library-sources/SurgeXTRack/640153d4e70896a707bc3a7cbff1d375c44581b6/surge/libs/simde/simde/x86/../hedley.h:188:81: note: expanded from macro 'HEDLEY_EMSCRIPTEN_VERSION'
  188 | #  define HEDLEY_EMSCRIPTEN_VERSION HEDLEY_VERSION_ENCODE(__EMSCRIPTEN_major__, __EMSCRIPTEN_minor__, __EMSCRIPTEN_tiny__)
      |                                                                                 ^
/opt/homebrew/Cellar/emscripten/6.0.3/libexec/cache/sysroot/include/emscripten/version.h:11:82: note: macro marked 'deprecated' here
   11 | #pragma clang deprecated(__EMSCRIPTEN_minor__, "Use __EMSCRIPTEN_MINOR__ instead")
      |                                                                                  ^
In file included from /Users/miu/Code/peach-cat/.cache/vcv-library-sources/SurgeXTRack/640153d4e70896a707bc3a7cbff1d375c44581b6/surge/src/common/ModulationSource.cpp:24:
In file included from /Users/miu/Code/peach-cat/.cache/vcv-library-sources/SurgeXTRack/640153d4e70896a707bc3a7cbff1d375c44581b6/surge/src/common/SurgeStorage.h:25:
In file included from /Users/miu/Code/peach-cat/.cache/vcv-library-sources/SurgeXTRack/640153d4e70896a707bc3a7cbff1d375c44581b6/surge/src/common/globals.h:62:
In file included from /Users/miu/Code/peach-cat/.cache/vcv-library-sources/SurgeXTRack/640153d4e70896a707bc3a7cbff1d375c44581b6/surge/libs/simde/simde/x86/sse2.h:35:
In file included from /Users/miu/Code/peach-cat/.cache/vcv-library-sources/SurgeXTRack/640153d4e70896a707bc3a7cbff1d375c44581b6/surge/libs/simde/simde/x86/sse.h:33:
In file included from /Users/miu/Code/peach-cat/.cache/vcv-library-sources/SurgeXTRack/640153d4e70896a707bc3a7cbff1d375c44581b6/surge/libs/simde/simde/x86/mmx.h:30:
In file included from /Users/miu/Code/peach-cat/.cache/vcv-library-sources/SurgeXTRack/640153d4e70896a707bc3a7cbff1d375c44581b6/surge/libs/simde/simde/x86/../simde-common.h:47:
/Users/miu/Code/peach-cat/.cache/vcv-library-sources/SurgeXTRack/640153d4e70896a707bc3a7cbff1d375c44581b6/surge/libs/simde/simde/x86/../simde-math.h:1289:47: warning: macro '__EMSCRIPTEN_tiny__' has been marked as deprecated: Use __EMSCRIPTEN_TINY__ instead [-Wdeprecated-pragma]
 1289 |      ((!defined(HEDLEY_EMSCRIPTEN_VERSION) || HEDLEY_EMSCRIPTEN_VERSION_CHECK(3, 1, 43)) && HEDLEY_HAS_BUILTIN(__builtin_roundevenf)) || \
      |                                               ^
/Users/miu/Code/peach-cat/.cache/vcv-library-sources/SurgeXTRack/640153d4e70896a707bc3a7cbff1d375c44581b6/surge/libs/simde/simde/x86/../hedley.h:195:63: note: expanded from macro 'HEDLEY_EMSCRIPTEN_VERSION_CHECK'
  195 | #  define HEDLEY_EMSCRIPTEN_VERSION_CHECK(major,minor,patch) (HEDLEY_EMSCRIPTEN_VERSION >= HEDLEY_VERSION_ENCODE(major, minor, patch))
      |                                                               ^
/Users/miu/Code/peach-cat/.cache/vcv-library-sources/SurgeXTRack/640153d4e70896a707bc3a7cbff1d375c44581b6/surge/libs/simde/simde/x86/../hedley.h:188:103: note: expanded from macro 'HEDLEY_EMSCRIPTEN_VERSION'
  188 | #  define HEDLEY_EMSCRIPTEN_VERSION HEDLEY_VERSION_ENCODE(__EMSCRIPTEN_major__, __EMSCRIPTEN_minor__, __EMSCRIPTEN_tiny__)
      |                                                                                                       ^
/opt/homebrew/Cellar/emscripten/6.0.3/libexec/cache/sysroot/include/emscripten/version.h:12:80: note: macro marked 'deprecated' here
   12 | #pragma clang deprecated(__EMSCRIPTEN_tiny__, "Use __EMSCRIPTEN_TINY__ instead")
      |                                                                                ^
6 warnings generated.
In file included from /Users/miu/Code/peach-cat/.cache/vcv-library-sources/SurgeXTRack/640153d4e70896a707bc3a7cbff1d375c44581b6/surge/src/common/dsp/Wavetable.cpp:24:
In file included from /Users/miu/Code/peach-cat/.cache/vcv-library-sources/SurgeXTRack/640153d4e70896a707bc3a7cbff1d375c44581b6/surge/src/common/dsp/utilities/DSPUtils.h:29:
In file included from /Users/miu/Code/peach-cat/.cache/vcv-library-sources/SurgeXTRack/640153d4e70896a707bc3a7cbff1d375c44581b6/surge/src/common/globals.h:62:
In file included from /Users/miu/Code/peach-cat/.cache/vcv-library-sources/SurgeXTRack/640153d4e70896a707bc3a7cbff1d375c44581b6/surge/libs/simde/simde/x86/sse2.h:35:
In file included from /Users/miu/Code/peach-cat/.cache/vcv-library-sources/SurgeXTRack/640153d4e70896a707bc3a7cbff1d375c44581b6/surge/libs/simde/simde/x86/sse.h:33:
In file included from /Users/miu/Code/peach-cat/.cache/vcv-library-sources/SurgeXTRack/640153d4e70896a707bc3a7cbff1d375c44581b6/surge/libs/simde/simde/x86/mmx.h:30:
In file included from /Users/miu/Code/peach-cat/.cache/vcv-library-sources/SurgeXTRack/640153d4e70896a707bc3a7cbff1d375c44581b6/surge/libs/simde/simde/x86/../simde-common.h:47:
/Users/miu/Code/peach-cat/.cache/vcv-library-sources/SurgeXTRack/640153d4e70896a707bc3a7cbff1d375c44581b6/surge/libs/simde/simde/x86/../simde-math.h:1269:47: warning: macro '__EMSCRIPTEN_major__' has been marked as deprecated: Use __EMSCRIPTEN_MAJOR__ instead [-Wdeprecated-pragma]
 1269 |      ((!defined(HEDLEY_EMSCRIPTEN_VERSION) || HEDLEY_EMSCRIPTEN_VERSION_CHECK(3, 1, 43)) && HEDLEY_HAS_BUILTIN(__builtin_roundeven)) || \
      |                                               ^
/Users/miu/Code/peach-cat/.cache/vcv-library-sources/SurgeXTRack/640153d4e70896a707bc3a7cbff1d375c44581b6/surge/libs/simde/simde/x86/../hedley.h:195:63: note: expanded from macro 'HEDLEY_EMSCRIPTEN_VERSION_CHECK'
  195 | #  define HEDLEY_EMSCRIPTEN_VERSION_CHECK(major,minor,patch) (HEDLEY_EMSCRIPTEN_VERSION >= HEDLEY_VERSION_ENCODE(major, minor, patch))
      |                                                               ^
/Users/miu/Code/peach-cat/.cache/vcv-library-sources/SurgeXTRack/640153d4e70896a707bc3a7cbff1d375c44581b6/surge/libs/simde/simde/x86/../hedley.h:188:59: note: expanded from macro 'HEDLEY_EMSCRIPTEN_VERSION'
  188 | #  define HEDLEY_EMSCRIPTEN_VERSION HEDLEY_VERSION_ENCODE(__EMSCRIPTEN_major__, __EMSCRIPTEN_minor__, __EMSCRIPTEN_tiny__)
      |                                                           ^
/opt/homebrew/Cellar/emscripten/6.0.3/libexec/cache/sysroot/include/emscripten/version.h:10:82: note: macro marked 'deprecated' here
   10 | #pragma clang deprecated(__EMSCRIPTEN_major__, "Use __EMSCRIPTEN_MAJOR__ instead")
      |                                                                                  ^
In file included from /Users/miu/Code/peach-cat/.cache/vcv-library-sources/SurgeXTRack/640153d4e70896a707bc3a7cbff1d375c44581b6/surge/src/common/dsp/Wavetable.cpp:24:
In file included from /Users/miu/Code/peach-cat/.cache/vcv-library-sources/SurgeXTRack/640153d4e70896a707bc3a7cbff1d375c44581b6/surge/src/common/dsp/utilities/DSPUtils.h:29:
In file included from /Users/miu/Code/peach-cat/.cache/vcv-library-sources/SurgeXTRack/640153d4e70896a707bc3a7cbff1d375c44581b6/surge/src/common/globals.h:62:
In file included from /Users/miu/Code/peach-cat/.cache/vcv-library-sources/SurgeXTRack/640153d4e70896a707bc3a7cbff1d375c44581b6/surge/libs/simde/simde/x86/sse2.h:35:
In file included from /Users/miu/Code/peach-cat/.cache/vcv-library-sources/SurgeXTRack/640153d4e70896a707bc3a7cbff1d375c44581b6/surge/libs/simde/simde/x86/sse.h:33:
In file included from /Users/miu/Code/peach-cat/.cache/vcv-library-sources/SurgeXTRack/640153d4e70896a707bc3a7cbff1d375c44581b6/surge/libs/simde/simde/x86/mmx.h:30:
In file included from /Users/miu/Code/peach-cat/.cache/vcv-library-sources/SurgeXTRack/640153d4e70896a707bc3a7cbff1d375c44581b6/surge/libs/simde/simde/x86/../simde-common.h:47:
/Users/miu/Code/peach-cat/.cache/vcv-library-sources/SurgeXTRack/640153d4e70896a707bc3a7cbff1d375c44581b6/surge/libs/simde/simde/x86/../simde-math.h:1269:47: warning: macro '__EMSCRIPTEN_minor__' has been marked as deprecated: Use __EMSCRIPTEN_MINOR__ instead [-Wdeprecated-pragma]
 1269 |      ((!defined(HEDLEY_EMSCRIPTEN_VERSION) || HEDLEY_EMSCRIPTEN_VERSION_CHECK(3, 1, 43)) && HEDLEY_HAS_BUILTIN(__builtin_roundeven)) || \
      |                                               ^
/Users/miu/Code/peach-cat/.cache/vcv-library-sources/SurgeXTRack/640153d4e70896a707bc3a7cbff1d375c44581b6/surge/libs/simde/simde/x86/../hedley.h:195:63: note: expanded from macro 'HEDLEY_EMSCRIPTEN_VERSION_CHECK'
  195 | #  define HEDLEY_EMSCRIPTEN_VERSION_CHECK(major,minor,patch) (HEDLEY_EMSCRIPTEN_VERSION >= HEDLEY_VERSION_ENCODE(major, minor, patch))
      |                                                               ^
/Users/miu/Code/peach-cat/.cache/vcv-library-sources/SurgeXTRack/640153d4e70896a707bc3a7cbff1d375c44581b6/surge/libs/simde/simde/x86/../hedley.h:188:81: note: expanded from macro 'HEDLEY_EMSCRIPTEN_VERSION'
  188 | #  define HEDLEY_EMSCRIPTEN_VERSION HEDLEY_VERSION_ENCODE(__EMSCRIPTEN_major__, __EMSCRIPTEN_minor__, __EMSCRIPTEN_tiny__)
      |                                                                                 ^
/opt/homebrew/Cellar/emscripten/6.0.3/libexec/cache/sysroot/include/emscripten/version.h:11:82: note: macro marked 'deprecated' here
   11 | #pragma clang deprecated(__EMSCRIPTEN_minor__, "Use __EMSCRIPTEN_MINOR__ instead")
      |                                                                                  ^
In file included from /Users/miu/Code/peach-cat/.cache/vcv-library-sources/SurgeXTRack/640153d4e70896a707bc3a7cbff1d375c44581b6/surge/src/common/dsp/Wavetable.cpp:24:
In file included from /Users/miu/Code/peach-cat/.cache/vcv-library-sources/SurgeXTRack/640153d4e70896a707bc3a7cbff1d375c44581b6/surge/src/common/dsp/utilities/DSPUtils.h:29:
In file included from /Users/miu/Code/peach-cat/.cache/vcv-library-sources/SurgeXTRack/640153d4e70896a707bc3a7cbff1d375c44581b6/surge/src/common/globals.h:62:
In file included from /Users/miu/Code/peach-cat/.cache/vcv-library-sources/SurgeXTRack/640153d4e70896a707bc3a7cbff1d375c44581b6/surge/libs/simde/simde/x86/sse2.h:35:
In file included from /Users/miu/Code/peach-cat/.cache/vcv-library-sources/SurgeXTRack/640153d4e70896a707bc3a7cbff1d375c44581b6/surge/libs/simde/simde/x86/sse.h:33:
In file included from /Users/miu/Code/peach-cat/.cache/vcv-library-sources/SurgeXTRack/640153d4e70896a707bc3a7cbff1d375c44581b6/surge/libs/simde/simde/x86/mmx.h:30:
In file included from /Users/miu/Code/peach-cat/.cache/vcv-library-sources/SurgeXTRack/640153d4e70896a707bc3a7cbff1d375c44581b6/surge/libs/simde/simde/x86/../simde-common.h:47:
/Users/miu/Code/peach-cat/.cache/vcv-library-sources/SurgeXTRack/640153d4e70896a707bc3a7cbff1d375c44581b6/surge/libs/simde/simde/x86/../simde-math.h:1269:47: warning: macro '__EMSCRIPTEN_tiny__' has been marked as deprecated: Use __EMSCRIPTEN_TINY__ instead [-Wdeprecated-pragma]
 1269 |      ((!defined(HEDLEY_EMSCRIPTEN_VERSION) || HEDLEY_EMSCRIPTEN_VERSION_CHECK(3, 1, 43)) && HEDLEY_HAS_BUILTIN(__builtin_roundeven)) || \
      |                                               ^
/Users/miu/Code/peach-cat/.cache/vcv-library-sources/SurgeXTRack/640153d4e70896a707bc3a7cbff1d375c44581b6/surge/libs/simde/simde/x86/../hedley.h:195:63: note: expanded from macro 'HEDLEY_EMSCRIPTEN_VERSION_CHECK'
  195 | #  define HEDLEY_EMSCRIPTEN_VERSION_CHECK(major,minor,patch) (HEDLEY_EMSCRIPTEN_VERSION >= HEDLEY_VERSION_ENCODE(major, minor, patch))
      |                                                               ^
/Users/miu/Code/peach-cat/.cache/vcv-library-sources/SurgeXTRack/640153d4e70896a707bc3a7cbff1d375c44581b6/surge/libs/simde/simde/x86/../hedley.h:188:103: note: expanded from macro 'HEDLEY_EMSCRIPTEN_VERSION'
  188 | #  define HEDLEY_EMSCRIPTEN_VERSION HEDLEY_VERSION_ENCODE(__EMSCRIPTEN_major__, __EMSCRIPTEN_minor__, __EMSCRIPTEN_tiny__)
      |                                                                                                       ^
/opt/homebrew/Cellar/emscripten/6.0.3/libexec/cache/sysroot/include/emscripten/version.h:12:80: note: macro marked 'deprecated' here
   12 | #pragma clang deprecated(__EMSCRIPTEN_tiny__, "Use __EMSCRIPTEN_TINY__ instead")
      |                                                                                ^
In file included from /Users/miu/Code/peach-cat/.cache/vcv-library-sources/SurgeXTRack/640153d4e70896a707bc3a7cbff1d375c44581b6/surge/src/common/dsp/Wavetable.cpp:24:
In file included from /Users/miu/Code/peach-cat/.cache/vcv-library-sources/SurgeXTRack/640153d4e70896a707bc3a7cbff1d375c44581b6/surge/src/common/dsp/utilities/DSPUtils.h:29:
In file included from /Users/miu/Code/peach-cat/.cache/vcv-library-sources/SurgeXTRack/640153d4e70896a707bc3a7cbff1d375c44581b6/surge/src/common/globals.h:62:
In file included from /Users/miu/Code/peach-cat/.cache/vcv-library-sources/SurgeXTRack/640153d4e70896a707bc3a7cbff1d375c44581b6/surge/libs/simde/simde/x86/sse2.h:35:
In file included from /Users/miu/Code/peach-cat/.cache/vcv-library-sources/SurgeXTRack/640153d4e70896a707bc3a7cbff1d375c44581b6/surge/libs/simde/simde/x86/sse.h:33:
In file included from /Users/miu/Code/peach-cat/.cache/vcv-library-sources/SurgeXTRack/640153d4e70896a707bc3a7cbff1d375c44581b6/surge/libs/simde/simde/x86/mmx.h:30:
In file included from /Users/miu/Code/peach-cat/.cache/vcv-library-sources/SurgeXTRack/640153d4e70896a707bc3a7cbff1d375c44581b6/surge/libs/simde/simde/x86/../simde-common.h:47:
/Users/miu/Code/peach-cat/.cache/vcv-library-sources/SurgeXTRack/640153d4e70896a707bc3a7cbff1d375c44581b6/surge/libs/simde/simde/x86/../simde-math.h:1289:47: warning: macro '__EMSCRIPTEN_major__' has been marked as deprecated: Use __EMSCRIPTEN_MAJOR__ instead [-Wdeprecated-pragma]
 1289 |      ((!defined(HEDLEY_EMSCRIPTEN_VERSION) || HEDLEY_EMSCRIPTEN_VERSION_CHECK(3, 1, 43)) && HEDLEY_HAS_BUILTIN(__builtin_roundevenf)) || \
      |                                               ^
/Users/miu/Code/peach-cat/.cache/vcv-library-sources/SurgeXTRack/640153d4e70896a707bc3a7cbff1d375c44581b6/surge/libs/simde/simde/x86/../hedley.h:195:63: note: expanded from macro 'HEDLEY_EMSCRIPTEN_VERSION_CHECK'
  195 | #  define HEDLEY_EMSCRIPTEN_VERSION_CHECK(major,minor,patch) (HEDLEY_EMSCRIPTEN_VERSION >= HEDLEY_VERSION_ENCODE(major, minor, patch))
      |                                                               ^
/Users/miu/Code/peach-cat/.cache/vcv-library-sources/SurgeXTRack/640153d4e70896a707bc3a7cbff1d375c44581b6/surge/libs/simde/simde/x86/../hedley.h:188:59: note: expanded from macro 'HEDLEY_EMSCRIPTEN_VERSION'
  188 | #  define HEDLEY_EMSCRIPTEN_VERSION HEDLEY_VERSION_ENCODE(__EMSCRIPTEN_major__, __EMSCRIPTEN_minor__, __EMSCRIPTEN_tiny__)
      |                                                           ^
/opt/homebrew/Cellar/emscripten/6.0.3/libexec/cache/sysroot/include/emscripten/version.h:10:82: note: macro marked 'deprecated' here
   10 | #pragma clang deprecated(__EMSCRIPTEN_major__, "Use __EMSCRIPTEN_MAJOR__ instead")
      |                                                                                  ^
In file included from /Users/miu/Code/peach-cat/.cache/vcv-library-sources/SurgeXTRack/640153d4e70896a707bc3a7cbff1d375c44581b6/surge/src/common/dsp/Wavetable.cpp:24:
In file included from /Users/miu/Code/peach-cat/.cache/vcv-library-sources/SurgeXTRack/640153d4e70896a707bc3a7cbff1d375c44581b6/surge/src/common/dsp/utilities/DSPUtils.h:29:
In file included from /Users/miu/Code/peach-cat/.cache/vcv-library-sources/SurgeXTRack/640153d4e70896a707bc3a7cbff1d375c44581b6/surge/src/common/globals.h:62:
In file included from /Users/miu/Code/peach-cat/.cache/vcv-library-sources/SurgeXTRack/640153d4e70896a707bc3a7cbff1d375c44581b6/surge/libs/simde/simde/x86/sse2.h:35:
In file included from /Users/miu/Code/peach-cat/.cache/vcv-library-sources/SurgeXTRack/640153d4e70896a707bc3a7cbff1d375c44581b6/surge/libs/simde/simde/x86/sse.h:33:
In file included from /Users/miu/Code/peach-cat/.cache/vcv-library-sources/SurgeXTRack/640153d4e70896a707bc3a7cbff1d375c44581b6/surge/libs/simde/simde/x86/mmx.h:30:
In file included from /Users/miu/Code/peach-cat/.cache/vcv-library-sources/SurgeXTRack/640153d4e70896a707bc3a7cbff1d375c44581b6/surge/libs/simde/simde/x86/../simde-common.h:47:
/Users/miu/Code/peach-cat/.cache/vcv-library-sources/SurgeXTRack/640153d4e70896a707bc3a7cbff1d375c44581b6/surge/libs/simde/simde/x86/../simde-math.h:1289:47: warning: macro '__EMSCRIPTEN_minor__' has been marked as deprecated: Use __EMSCRIPTEN_MINOR__ instead [-Wdeprecated-pragma]
 1289 |      ((!defined(HEDLEY_EMSCRIPTEN_VERSION) || HEDLEY_EMSCRIPTEN_VERSION_CHECK(3, 1, 43)) && HEDLEY_HAS_BUILTIN(__builtin_roundevenf)) || \
      |                                               ^
/Users/miu/Code/peach-cat/.cache/vcv-library-sources/SurgeXTRack/640153d4e70896a707bc3a7cbff1d375c44581b6/surge/libs/simde/simde/x86/../hedley.h:195:63: note: expanded from macro 'HEDLEY_EMSCRIPTEN_VERSION_CHECK'
  195 | #  define HEDLEY_EMSCRIPTEN_VERSION_CHECK(major,minor,patch) (HEDLEY_EMSCRIPTEN_VERSION >= HEDLEY_VERSION_ENCODE(major, minor, patch))
      |                                                               ^
/Users/miu/Code/peach-cat/.cache/vcv-library-sources/SurgeXTRack/640153d4e70896a707bc3a7cbff1d375c44581b6/surge/libs/simde/simde/x86/../hedley.h:188:81: note: expanded from macro 'HEDLEY_EMSCRIPTEN_VERSION'
  188 | #  define HEDLEY_EMSCRIPTEN_VERSION HEDLEY_VERSION_ENCODE(__EMSCRIPTEN_major__, __EMSCRIPTEN_minor__, __EMSCRIPTEN_tiny__)
      |                                                                                 ^
/opt/homebrew/Cellar/emscripten/6.0.3/libexec/cache/sysroot/include/emscripten/version.h:11:82: note: macro marked 'deprecated' here
   11 | #pragma clang deprecated(__EMSCRIPTEN_minor__, "Use __EMSCRIPTEN_MINOR__ instead")
      |                                                                                  ^
In file included from /Users/miu/Code/peach-cat/.cache/vcv-library-sources/SurgeXTRack/640153d4e70896a707bc3a7cbff1d375c44581b6/surge/src/common/dsp/Wavetable.cpp:24:
In file included from /Users/miu/Code/peach-cat/.cache/vcv-library-sources/SurgeXTRack/640153d4e70896a707bc3a7cbff1d375c44581b6/surge/src/common/dsp/utilities/DSPUtils.h:29:
In file included from /Users/miu/Code/peach-cat/.cache/vcv-library-sources/SurgeXTRack/640153d4e70896a707bc3a7cbff1d375c44581b6/surge/src/common/globals.h:62:
In file included from /Users/miu/Code/peach-cat/.cache/vcv-library-sources/SurgeXTRack/640153d4e70896a707bc3a7cbff1d375c44581b6/surge/libs/simde/simde/x86/sse2.h:35:
In file included from /Users/miu/Code/peach-cat/.cache/vcv-library-sources/SurgeXTRack/640153d4e70896a707bc3a7cbff1d375c44581b6/surge/libs/simde/simde/x86/sse.h:33:
In file included from /Users/miu/Code/peach-cat/.cache/vcv-library-sources/SurgeXTRack/640153d4e70896a707bc3a7cbff1d375c44581b6/surge/libs/simde/simde/x86/mmx.h:30:
In file included from /Users/miu/Code/peach-cat/.cache/vcv-library-sources/SurgeXTRack/640153d4e70896a707bc3a7cbff1d375c44581b6/surge/libs/simde/simde/x86/../simde-common.h:47:
/Users/miu/Code/peach-cat/.cache/vcv-library-sources/SurgeXTRack/640153d4e70896a707bc3a7cbff1d375c44581b6/surge/libs/simde/simde/x86/../simde-math.h:1289:47: warning: macro '__EMSCRIPTEN_tiny__' has been marked as deprecated: Use __EMSCRIPTEN_TINY__ instead [-Wdeprecated-pragma]
 1289 |      ((!defined(HEDLEY_EMSCRIPTEN_VERSION) || HEDLEY_EMSCRIPTEN_VERSION_CHECK(3, 1, 43)) && HEDLEY_HAS_BUILTIN(__builtin_roundevenf)) || \
      |                                               ^
/Users/miu/Code/peach-cat/.cache/vcv-library-sources/SurgeXTRack/640153d4e70896a707bc3a7cbff1d375c44581b6/surge/libs/simde/simde/x86/../hedley.h:195:63: note: expanded from macro 'HEDLEY_EMSCRIPTEN_VERSION_CHECK'
  195 | #  define HEDLEY_EMSCRIPTEN_VERSION_CHECK(major,minor,patch) (HEDLEY_EMSCRIPTEN_VERSION >= HEDLEY_VERSION_ENCODE(major, minor, patch))
      |                                                               ^
/Users/miu/Code/peach-cat/.cache/vcv-library-sources/SurgeXTRack/640153d4e70896a707bc3a7cbff1d375c44581b6/surge/libs/simde/simde/x86/../hedley.h:188:103: note: expanded from macro 'HEDLEY_EMSCRIPTEN_VERSION'
  188 | #  define HEDLEY_EMSCRIPTEN_VERSION HEDLEY_VERSION_ENCODE(__EMSCRIPTEN_major__, __EMSCRIPTEN_minor__, __EMSCRIPTEN_tiny__)
      |                                                                                                       ^
/opt/homebrew/Cellar/emscripten/6.0.3/libexec/cache/sysroot/include/emscripten/version.h:12:80: note: macro marked 'deprecated' here
   12 | #pragma clang deprecated(__EMSCRIPTEN_tiny__, "Use __EMSCRIPTEN_TINY__ instead")
      |                                                                                ^
6 warnings generated.
In file included from /Users/miu/Code/peach-cat/.cache/vcv-library-sources/SurgeXTRack/640153d4e70896a707bc3a7cbff1d375c44581b6/surge/src/common/PatchDB.cpp:31:
In file included from /Users/miu/Code/peach-cat/.cache/vcv-library-sources/SurgeXTRack/640153d4e70896a707bc3a7cbff1d375c44581b6/surge/src/common/SurgeStorage.h:25:
In file included from /Users/miu/Code/peach-cat/.cache/vcv-library-sources/SurgeXTRack/640153d4e70896a707bc3a7cbff1d375c44581b6/surge/src/common/globals.h:62:
In file included from /Users/miu/Code/peach-cat/.cache/vcv-library-sources/SurgeXTRack/640153d4e70896a707bc3a7cbff1d375c44581b6/surge/libs/simde/simde/x86/sse2.h:35:
In file included from /Users/miu/Code/peach-cat/.cache/vcv-library-sources/SurgeXTRack/640153d4e70896a707bc3a7cbff1d375c44581b6/surge/libs/simde/simde/x86/sse.h:33:
In file included from /Users/miu/Code/peach-cat/.cache/vcv-library-sources/SurgeXTRack/640153d4e70896a707bc3a7cbff1d375c44581b6/surge/libs/simde/simde/x86/mmx.h:30:
In file included from /Users/miu/Code/peach-cat/.cache/vcv-library-sources/SurgeXTRack/640153d4e70896a707bc3a7cbff1d375c44581b6/surge/libs/simde/simde/x86/../simde-common.h:47:
/Users/miu/Code/peach-cat/.cache/vcv-library-sources/SurgeXTRack/640153d4e70896a707bc3a7cbff1d375c44581b6/surge/libs/simde/simde/x86/../simde-math.h:1269:47: warning: macro '__EMSCRIPTEN_major__' has been marked as deprecated: Use __EMSCRIPTEN_MAJOR__ instead [-Wdeprecated-pragma]
 1269 |      ((!defined(HEDLEY_EMSCRIPTEN_VERSION) || HEDLEY_EMSCRIPTEN_VERSION_CHECK(3, 1, 43)) && HEDLEY_HAS_BUILTIN(__builtin_roundeven)) || \
      |                                               ^
/Users/miu/Code/peach-cat/.cache/vcv-library-sources/SurgeXTRack/640153d4e70896a707bc3a7cbff1d375c44581b6/surge/libs/simde/simde/x86/../hedley.h:195:63: note: expanded from macro 'HEDLEY_EMSCRIPTEN_VERSION_CHECK'
  195 | #  define HEDLEY_EMSCRIPTEN_VERSION_CHECK(major,minor,patch) (HEDLEY_EMSCRIPTEN_VERSION >= HEDLEY_VERSION_ENCODE(major, minor, patch))
      |                                                               ^
/Users/miu/Code/peach-cat/.cache/vcv-library-sources/SurgeXTRack/640153d4e70896a707bc3a7cbff1d375c44581b6/surge/libs/simde/simde/x86/../hedley.h:188:59: note: expanded from macro 'HEDLEY_EMSCRIPTEN_VERSION'
  188 | #  define HEDLEY_EMSCRIPTEN_VERSION HEDLEY_VERSION_ENCODE(__EMSCRIPTEN_major__, __EMSCRIPTEN_minor__, __EMSCRIPTEN_tiny__)
      |                                                           ^
/opt/homebrew/Cellar/emscripten/6.0.3/libexec/cache/sysroot/include/emscripten/version.h:10:82: note: macro marked 'deprecated' here
   10 | #pragma clang deprecated(__EMSCRIPTEN_major__, "Use __EMSCRIPTEN_MAJOR__ instead")
      |                                                                                  ^
In file included from /Users/miu/Code/peach-cat/.cache/vcv-library-sources/SurgeXTRack/640153d4e70896a707bc3a7cbff1d375c44581b6/surge/src/common/PatchDB.cpp:31:
In file included from /Users/miu/Code/peach-cat/.cache/vcv-library-sources/SurgeXTRack/640153d4e70896a707bc3a7cbff1d375c44581b6/surge/src/common/SurgeStorage.h:25:
In file included from /Users/miu/Code/peach-cat/.cache/vcv-library-sources/SurgeXTRack/640153d4e70896a707bc3a7cbff1d375c44581b6/surge/src/common/globals.h:62:
In file included from /Users/miu/Code/peach-cat/.cache/vcv-library-sources/SurgeXTRack/640153d4e70896a707bc3a7cbff1d375c44581b6/surge/libs/simde/simde/x86/sse2.h:35:
In file included from /Users/miu/Code/peach-cat/.cache/vcv-library-sources/SurgeXTRack/640153d4e70896a707bc3a7cbff1d375c44581b6/surge/libs/simde/simde/x86/sse.h:33:
In file included from /Users/miu/Code/peach-cat/.cache/vcv-library-sources/SurgeXTRack/640153d4e70896a707bc3a7cbff1d375c44581b6/surge/libs/simde/simde/x86/mmx.h:30:
In file included from /Users/miu/Code/peach-cat/.cache/vcv-library-sources/SurgeXTRack/640153d4e70896a707bc3a7cbff1d375c44581b6/surge/libs/simde/simde/x86/../simde-common.h:47:
/Users/miu/Code/peach-cat/.cache/vcv-library-sources/SurgeXTRack/640153d4e70896a707bc3a7cbff1d375c44581b6/surge/libs/simde/simde/x86/../simde-math.h:1269:47: warning: macro '__EMSCRIPTEN_minor__' has been marked as deprecated: Use __EMSCRIPTEN_MINOR__ instead [-Wdeprecated-pragma]
 1269 |      ((!defined(HEDLEY_EMSCRIPTEN_VERSION) || HEDLEY_EMSCRIPTEN_VERSION_CHECK(3, 1, 43)) && HEDLEY_HAS_BUILTIN(__builtin_roundeven)) || \
      |                                               ^
/Users/miu/Code/peach-cat/.cache/vcv-library-sources/SurgeXTRack/640153d4e70896a707bc3a7cbff1d375c44581b6/surge/libs/simde/simde/x86/../hedley.h:195:63: note: expanded from macro 'HEDLEY_EMSCRIPTEN_VERSION_CHECK'
  195 | #  define HEDLEY_EMSCRIPTEN_VERSION_CHECK(major,minor,patch) (HEDLEY_EMSCRIPTEN_VERSION >= HEDLEY_VERSION_ENCODE(major, minor, patch))
      |                                                               ^
/Users/miu/Code/peach-cat/.cache/vcv-library-sources/SurgeXTRack/640153d4e70896a707bc3a7cbff1d375c44581b6/surge/libs/simde/simde/x86/../hedley.h:188:81: note: expanded from macro 'HEDLEY_EMSCRIPTEN_VERSION'
  188 | #  define HEDLEY_EMSCRIPTEN_VERSION HEDLEY_VERSION_ENCODE(__EMSCRIPTEN_major__, __EMSCRIPTEN_minor__, __EMSCRIPTEN_tiny__)
      |                                                                                 ^
/opt/homebrew/Cellar/emscripten/6.0.3/libexec/cache/sysroot/include/emscripten/version.h:11:82: note: macro marked 'deprecated' here
   11 | #pragma clang deprecated(__EMSCRIPTEN_minor__, "Use __EMSCRIPTEN_MINOR__ instead")
      |                                                                                  ^
In file included from /Users/miu/Code/peach-cat/.cache/vcv-library-sources/SurgeXTRack/640153d4e70896a707bc3a7cbff1d375c44581b6/surge/src/common/PatchDB.cpp:31:
In file included from /Users/miu/Code/peach-cat/.cache/vcv-library-sources/SurgeXTRack/640153d4e70896a707bc3a7cbff1d375c44581b6/surge/src/common/SurgeStorage.h:25:
In file included from /Users/miu/Code/peach-cat/.cache/vcv-library-sources/SurgeXTRack/640153d4e70896a707bc3a7cbff1d375c44581b6/surge/src/common/globals.h:62:
In file included from /Users/miu/Code/peach-cat/.cache/vcv-library-sources/SurgeXTRack/640153d4e70896a707bc3a7cbff1d375c44581b6/surge/libs/simde/simde/x86/sse2.h:35:
In file included from /Users/miu/Code/peach-cat/.cache/vcv-library-sources/SurgeXTRack/640153d4e70896a707bc3a7cbff1d375c44581b6/surge/libs/simde/simde/x86/sse.h:33:
In file included from /Users/miu/Code/peach-cat/.cache/vcv-library-sources/SurgeXTRack/640153d4e70896a707bc3a7cbff1d375c44581b6/surge/libs/simde/simde/x86/mmx.h:30:
In file included from /Users/miu/Code/peach-cat/.cache/vcv-library-sources/SurgeXTRack/640153d4e70896a707bc3a7cbff1d375c44581b6/surge/libs/simde/simde/x86/../simde-common.h:47:
/Users/miu/Code/peach-cat/.cache/vcv-library-sources/SurgeXTRack/640153d4e70896a707bc3a7cbff1d375c44581b6/surge/libs/simde/simde/x86/../simde-math.h:1269:47: warning: macro '__EMSCRIPTEN_tiny__' has been marked as deprecated: Use __EMSCRIPTEN_TINY__ instead [-Wdeprecated-pragma]
 1269 |      ((!defined(HEDLEY_EMSCRIPTEN_VERSION) || HEDLEY_EMSCRIPTEN_VERSION_CHECK(3, 1, 43)) && HEDLEY_HAS_BUILTIN(__builtin_roundeven)) || \
      |                                               ^
/Users/miu/Code/peach-cat/.cache/vcv-library-sources/SurgeXTRack/640153d4e70896a707bc3a7cbff1d375c44581b6/surge/libs/simde/simde/x86/../hedley.h:195:63: note: expanded from macro 'HEDLEY_EMSCRIPTEN_VERSION_CHECK'
  195 | #  define HEDLEY_EMSCRIPTEN_VERSION_CHECK(major,minor,patch) (HEDLEY_EMSCRIPTEN_VERSION >= HEDLEY_VERSION_ENCODE(major, minor, patch))
      |                                                               ^
/Users/miu/Code/peach-cat/.cache/vcv-library-sources/SurgeXTRack/640153d4e70896a707bc3a7cbff1d375c44581b6/surge/libs/simde/simde/x86/../hedley.h:188:103: note: expanded from macro 'HEDLEY_EMSCRIPTEN_VERSION'
  188 | #  define HEDLEY_EMSCRIPTEN_VERSION HEDLEY_VERSION_ENCODE(__EMSCRIPTEN_major__, __EMSCRIPTEN_minor__, __EMSCRIPTEN_tiny__)
      |                                                                                                       ^
/opt/homebrew/Cellar/emscripten/6.0.3/libexec/cache/sysroot/include/emscripten/version.h:12:80: note: macro marked 'deprecated' here
   12 | #pragma clang deprecated(__EMSCRIPTEN_tiny__, "Use __EMSCRIPTEN_TINY__ instead")
      |                                                                                ^
In file included from /Users/miu/Code/peach-cat/.cache/vcv-library-sources/SurgeXTRack/640153d4e70896a707bc3a7cbff1d375c44581b6/surge/src/common/PatchDB.cpp:31:
In file included from /Users/miu/Code/peach-cat/.cache/vcv-library-sources/SurgeXTRack/640153d4e70896a707bc3a7cbff1d375c44581b6/surge/src/common/SurgeStorage.h:25:
In file included from /Users/miu/Code/peach-cat/.cache/vcv-library-sources/SurgeXTRack/640153d4e70896a707bc3a7cbff1d375c44581b6/surge/src/common/globals.h:62:
In file included from /Users/miu/Code/peach-cat/.cache/vcv-library-sources/SurgeXTRack/640153d4e70896a707bc3a7cbff1d375c44581b6/surge/libs/simde/simde/x86/sse2.h:35:
In file included from /Users/miu/Code/peach-cat/.cache/vcv-library-sources/SurgeXTRack/640153d4e70896a707bc3a7cbff1d375c44581b6/surge/libs/simde/simde/x86/sse.h:33:
In file included from /Users/miu/Code/peach-cat/.cache/vcv-library-sources/SurgeXTRack/640153d4e70896a707bc3a7cbff1d375c44581b6/surge/libs/simde/simde/x86/mmx.h:30:
In file included from /Users/miu/Code/peach-cat/.cache/vcv-library-sources/SurgeXTRack/640153d4e70896a707bc3a7cbff1d375c44581b6/surge/libs/simde/simde/x86/../simde-common.h:47:
/Users/miu/Code/peach-cat/.cache/vcv-library-sources/SurgeXTRack/640153d4e70896a707bc3a7cbff1d375c44581b6/surge/libs/simde/simde/x86/../simde-math.h:1289:47: warning: macro '__EMSCRIPTEN_major__' has been marked as deprecated: Use __EMSCRIPTEN_MAJOR__ instead [-Wdeprecated-pragma]
 1289 |      ((!defined(HEDLEY_EMSCRIPTEN_VERSION) || HEDLEY_EMSCRIPTEN_VERSION_CHECK(3, 1, 43)) && HEDLEY_HAS_BUILTIN(__builtin_roundevenf)) || \
      |                                               ^
/Users/miu/Code/peach-cat/.cache/vcv-library-sources/SurgeXTRack/640153d4e70896a707bc3a7cbff1d375c44581b6/surge/libs/simde/simde/x86/../hedley.h:195:63: note: expanded from macro 'HEDLEY_EMSCRIPTEN_VERSION_CHECK'
  195 | #  define HEDLEY_EMSCRIPTEN_VERSION_CHECK(major,minor,patch) (HEDLEY_EMSCRIPTEN_VERSION >= HEDLEY_VERSION_ENCODE(major, minor, patch))
      |                                                               ^
/Users/miu/Code/peach-cat/.cache/vcv-library-sources/SurgeXTRack/640153d4e70896a707bc3a7cbff1d375c44581b6/surge/libs/simde/simde/x86/../hedley.h:188:59: note: expanded from macro 'HEDLEY_EMSCRIPTEN_VERSION'
  188 | #  define HEDLEY_EMSCRIPTEN_VERSION HEDLEY_VERSION_ENCODE(__EMSCRIPTEN_major__, __EMSCRIPTEN_minor__, __EMSCRIPTEN_tiny__)
      |                                                           ^
/opt/homebrew/Cellar/emscripten/6.0.3/libexec/cache/sysroot/include/emscripten/version.h:10:82: note: macro marked 'deprecated' here
   10 | #pragma clang deprecated(__EMSCRIPTEN_major__, "Use __EMSCRIPTEN_MAJOR__ instead")
      |                                                                                  ^
In file included from /Users/miu/Code/peach-cat/.cache/vcv-library-sources/SurgeXTRack/640153d4e70896a707bc3a7cbff1d375c44581b6/surge/src/common/PatchDB.cpp:31:
In file included from /Users/miu/Code/peach-cat/.cache/vcv-library-sources/SurgeXTRack/640153d4e70896a707bc3a7cbff1d375c44581b6/surge/src/common/SurgeStorage.h:25:
In file included from /Users/miu/Code/peach-cat/.cache/vcv-library-sources/SurgeXTRack/640153d4e70896a707bc3a7cbff1d375c44581b6/surge/src/common/globals.h:62:
In file included from /Users/miu/Code/peach-cat/.cache/vcv-library-sources/SurgeXTRack/640153d4e70896a707bc3a7cbff1d375c44581b6/surge/libs/simde/simde/x86/sse2.h:35:
In file included from /Users/miu/Code/peach-cat/.cache/vcv-library-sources/SurgeXTRack/640153d4e70896a707bc3a7cbff1d375c44581b6/surge/libs/simde/simde/x86/sse.h:33:
In file included from /Users/miu/Code/peach-cat/.cache/vcv-library-sources/SurgeXTRack/640153d4e70896a707bc3a7cbff1d375c44581b6/surge/libs/simde/simde/x86/mmx.h:30:
In file included from /Users/miu/Code/peach-cat/.cache/vcv-library-sources/SurgeXTRack/640153d4e70896a707bc3a7cbff1d375c44581b6/surge/libs/simde/simde/x86/../simde-common.h:47:
/Users/miu/Code/peach-cat/.cache/vcv-library-sources/SurgeXTRack/640153d4e70896a707bc3a7cbff1d375c44581b6/surge/libs/simde/simde/x86/../simde-math.h:1289:47: warning: macro '__EMSCRIPTEN_minor__' has been marked as deprecated: Use __EMSCRIPTEN_MINOR__ instead [-Wdeprecated-pragma]
 1289 |      ((!defined(HEDLEY_EMSCRIPTEN_VERSION) || HEDLEY_EMSCRIPTEN_VERSION_CHECK(3, 1, 43)) && HEDLEY_HAS_BUILTIN(__builtin_roundevenf)) || \
      |                                               ^
/Users/miu/Code/peach-cat/.cache/vcv-library-sources/SurgeXTRack/640153d4e70896a707bc3a7cbff1d375c44581b6/surge/libs/simde/simde/x86/../hedley.h:195:63: note: expanded from macro 'HEDLEY_EMSCRIPTEN_VERSION_CHECK'
  195 | #  define HEDLEY_EMSCRIPTEN_VERSION_CHECK(major,minor,patch) (HEDLEY_EMSCRIPTEN_VERSION >= HEDLEY_VERSION_ENCODE(major, minor, patch))
      |                                                               ^
/Users/miu/Code/peach-cat/.cache/vcv-library-sources/SurgeXTRack/640153d4e70896a707bc3a7cbff1d375c44581b6/surge/libs/simde/simde/x86/../hedley.h:188:81: note: expanded from macro 'HEDLEY_EMSCRIPTEN_VERSION'
  188 | #  define HEDLEY_EMSCRIPTEN_VERSION HEDLEY_VERSION_ENCODE(__EMSCRIPTEN_major__, __EMSCRIPTEN_minor__, __EMSCRIPTEN_tiny__)
      |                                                                                 ^
/opt/homebrew/Cellar/emscripten/6.0.3/libexec/cache/sysroot/include/emscripten/version.h:11:82: note: macro marked 'deprecated' here
   11 | #pragma clang deprecated(__EMSCRIPTEN_minor__, "Use __EMSCRIPTEN_MINOR__ instead")
      |                                                                                  ^
In file included from /Users/miu/Code/peach-cat/.cache/vcv-library-sources/SurgeXTRack/640153d4e70896a707bc3a7cbff1d375c44581b6/surge/src/common/PatchDB.cpp:31:
In file included from /Users/miu/Code/peach-cat/.cache/vcv-library-sources/SurgeXTRack/640153d4e70896a707bc3a7cbff1d375c44581b6/surge/src/common/SurgeStorage.h:25:
In file included from /Users/miu/Code/peach-cat/.cache/vcv-library-sources/SurgeXTRack/640153d4e70896a707bc3a7cbff1d375c44581b6/surge/src/common/globals.h:62:
In file included from /Users/miu/Code/peach-cat/.cache/vcv-library-sources/SurgeXTRack/640153d4e70896a707bc3a7cbff1d375c44581b6/surge/libs/simde/simde/x86/sse2.h:35:
In file included from /Users/miu/Code/peach-cat/.cache/vcv-library-sources/SurgeXTRack/640153d4e70896a707bc3a7cbff1d375c44581b6/surge/libs/simde/simde/x86/sse.h:33:
In file included from /Users/miu/Code/peach-cat/.cache/vcv-library-sources/SurgeXTRack/640153d4e70896a707bc3a7cbff1d375c44581b6/surge/libs/simde/simde/x86/mmx.h:30:
In file included from /Users/miu/Code/peach-cat/.cache/vcv-library-sources/SurgeXTRack/640153d4e70896a707bc3a7cbff1d375c44581b6/surge/libs/simde/simde/x86/../simde-common.h:47:
/Users/miu/Code/peach-cat/.cache/vcv-library-sources/SurgeXTRack/640153d4e70896a707bc3a7cbff1d375c44581b6/surge/libs/simde/simde/x86/../simde-math.h:1289:47: warning: macro '__EMSCRIPTEN_tiny__' has been marked as deprecated: Use __EMSCRIPTEN_TINY__ instead [-Wdeprecated-pragma]
 1289 |      ((!defined(HEDLEY_EMSCRIPTEN_VERSION) || HEDLEY_EMSCRIPTEN_VERSION_CHECK(3, 1, 43)) && HEDLEY_HAS_BUILTIN(__builtin_roundevenf)) || \
      |                                               ^
/Users/miu/Code/peach-cat/.cache/vcv-library-sources/SurgeXTRack/640153d4e70896a707bc3a7cbff1d375c44581b6/surge/libs/simde/simde/x86/../hedley.h:195:63: note: expanded from macro 'HEDLEY_EMSCRIPTEN_VERSION_CHECK'
  195 | #  define HEDLEY_EMSCRIPTEN_VERSION_CHECK(major,minor,patch) (HEDLEY_EMSCRIPTEN_VERSION >= HEDLEY_VERSION_ENCODE(major, minor, patch))
      |                                                               ^
/Users/miu/Code/peach-cat/.cache/vcv-library-sources/SurgeXTRack/640153d4e70896a707bc3a7cbff1d375c44581b6/surge/libs/simde/simde/x86/../hedley.h:188:103: note: expanded from macro 'HEDLEY_EMSCRIPTEN_VERSION'
  188 | #  define HEDLEY_EMSCRIPTEN_VERSION HEDLEY_VERSION_ENCODE(__EMSCRIPTEN_major__, __EMSCRIPTEN_minor__, __EMSCRIPTEN_tiny__)
      |                                                                                                       ^
/opt/homebrew/Cellar/emscripten/6.0.3/libexec/cache/sysroot/include/emscripten/version.h:12:80: note: macro marked 'deprecated' here
   12 | #pragma clang deprecated(__EMSCRIPTEN_tiny__, "Use __EMSCRIPTEN_TINY__ instead")
      |                                                                                ^
6 warnings generated.
In file included from /Users/miu/Code/peach-cat/.cache/vcv-library-sources/SurgeXTRack/640153d4e70896a707bc3a7cbff1d375c44581b6/surge/src/common/UserDefaults.cpp:23:
In file included from /Users/miu/Code/peach-cat/.cache/vcv-library-sources/SurgeXTRack/640153d4e70896a707bc3a7cbff1d375c44581b6/surge/src/common/SurgeStorage.h:25:
In file included from /Users/miu/Code/peach-cat/.cache/vcv-library-sources/SurgeXTRack/640153d4e70896a707bc3a7cbff1d375c44581b6/surge/src/common/globals.h:62:
In file included from /Users/miu/Code/peach-cat/.cache/vcv-library-sources/SurgeXTRack/640153d4e70896a707bc3a7cbff1d375c44581b6/surge/libs/simde/simde/x86/sse2.h:35:
In file included from /Users/miu/Code/peach-cat/.cache/vcv-library-sources/SurgeXTRack/640153d4e70896a707bc3a7cbff1d375c44581b6/surge/libs/simde/simde/x86/sse.h:33:
In file included from /Users/miu/Code/peach-cat/.cache/vcv-library-sources/SurgeXTRack/640153d4e70896a707bc3a7cbff1d375c44581b6/surge/libs/simde/simde/x86/mmx.h:30:
In file included from /Users/miu/Code/peach-cat/.cache/vcv-library-sources/SurgeXTRack/640153d4e70896a707bc3a7cbff1d375c44581b6/surge/libs/simde/simde/x86/../simde-common.h:47:
/Users/miu/Code/peach-cat/.cache/vcv-library-sources/SurgeXTRack/640153d4e70896a707bc3a7cbff1d375c44581b6/surge/libs/simde/simde/x86/../simde-math.h:1269:47: warning: macro '__EMSCRIPTEN_major__' has been marked as deprecated: Use __EMSCRIPTEN_MAJOR__ instead [-Wdeprecated-pragma]
 1269 |      ((!defined(HEDLEY_EMSCRIPTEN_VERSION) || HEDLEY_EMSCRIPTEN_VERSION_CHECK(3, 1, 43)) && HEDLEY_HAS_BUILTIN(__builtin_roundeven)) || \
      |                                               ^
/Users/miu/Code/peach-cat/.cache/vcv-library-sources/SurgeXTRack/640153d4e70896a707bc3a7cbff1d375c44581b6/surge/libs/simde/simde/x86/../hedley.h:195:63: note: expanded from macro 'HEDLEY_EMSCRIPTEN_VERSION_CHECK'
  195 | #  define HEDLEY_EMSCRIPTEN_VERSION_CHECK(major,minor,patch) (HEDLEY_EMSCRIPTEN_VERSION >= HEDLEY_VERSION_ENCODE(major, minor, patch))
      |                                                               ^
/Users/miu/Code/peach-cat/.cache/vcv-library-sources/SurgeXTRack/640153d4e70896a707bc3a7cbff1d375c44581b6/surge/libs/simde/simde/x86/../hedley.h:188:59: note: expanded from macro 'HEDLEY_EMSCRIPTEN_VERSION'
  188 | #  define HEDLEY_EMSCRIPTEN_VERSION HEDLEY_VERSION_ENCODE(__EMSCRIPTEN_major__, __EMSCRIPTEN_minor__, __EMSCRIPTEN_tiny__)
      |                                                           ^
/opt/homebrew/Cellar/emscripten/6.0.3/libexec/cache/sysroot/include/emscripten/version.h:10:82: note: macro marked 'deprecated' here
   10 | #pragma clang deprecated(__EMSCRIPTEN_major__, "Use __EMSCRIPTEN_MAJOR__ instead")
      |                                                                                  ^
In file included from /Users/miu/Code/peach-cat/.cache/vcv-library-sources/SurgeXTRack/640153d4e70896a707bc3a7cbff1d375c44581b6/surge/src/common/UserDefaults.cpp:23:
In file included from /Users/miu/Code/peach-cat/.cache/vcv-library-sources/SurgeXTRack/640153d4e70896a707bc3a7cbff1d375c44581b6/surge/src/common/SurgeStorage.h:25:
In file included from /Users/miu/Code/peach-cat/.cache/vcv-library-sources/SurgeXTRack/640153d4e70896a707bc3a7cbff1d375c44581b6/surge/src/common/globals.h:62:
In file included from /Users/miu/Code/peach-cat/.cache/vcv-library-sources/SurgeXTRack/640153d4e70896a707bc3a7cbff1d375c44581b6/surge/libs/simde/simde/x86/sse2.h:35:
In file included from /Users/miu/Code/peach-cat/.cache/vcv-library-sources/SurgeXTRack/640153d4e70896a707bc3a7cbff1d375c44581b6/surge/libs/simde/simde/x86/sse.h:33:
In file included from /Users/miu/Code/peach-cat/.cache/vcv-library-sources/SurgeXTRack/640153d4e70896a707bc3a7cbff1d375c44581b6/surge/libs/simde/simde/x86/mmx.h:30:
In file included from /Users/miu/Code/peach-cat/.cache/vcv-library-sources/SurgeXTRack/640153d4e70896a707bc3a7cbff1d375c44581b6/surge/libs/simde/simde/x86/../simde-common.h:47:
/Users/miu/Code/peach-cat/.cache/vcv-library-sources/SurgeXTRack/640153d4e70896a707bc3a7cbff1d375c44581b6/surge/libs/simde/simde/x86/../simde-math.h:1269:47: warning: macro '__EMSCRIPTEN_minor__' has been marked as deprecated: Use __EMSCRIPTEN_MINOR__ instead [-Wdeprecated-pragma]
 1269 |      ((!defined(HEDLEY_EMSCRIPTEN_VERSION) || HEDLEY_EMSCRIPTEN_VERSION_CHECK(3, 1, 43)) && HEDLEY_HAS_BUILTIN(__builtin_roundeven)) || \
      |                                               ^
/Users/miu/Code/peach-cat/.cache/vcv-library-sources/SurgeXTRack/640153d4e70896a707bc3a7cbff1d375c44581b6/surge/libs/simde/simde/x86/../hedley.h:195:63: note: expanded from macro 'HEDLEY_EMSCRIPTEN_VERSION_CHECK'
  195 | #  define HEDLEY_EMSCRIPTEN_VERSION_CHECK(major,minor,patch) (HEDLEY_EMSCRIPTEN_VERSION >= HEDLEY_VERSION_ENCODE(major, minor, patch))
      |                                                               ^
/Users/miu/Code/peach-cat/.cache/vcv-library-sources/SurgeXTRack/640153d4e70896a707bc3a7cbff1d375c44581b6/surge/libs/simde/simde/x86/../hedley.h:188:81: note: expanded from macro 'HEDLEY_EMSCRIPTEN_VERSION'
  188 | #  define HEDLEY_EMSCRIPTEN_VERSION HEDLEY_VERSION_ENCODE(__EMSCRIPTEN_major__, __EMSCRIPTEN_minor__, __EMSCRIPTEN_tiny__)
      |                                                                                 ^
/opt/homebrew/Cellar/emscripten/6.0.3/libexec/cache/sysroot/include/emscripten/version.h:11:82: note: macro marked 'deprecated' here
   11 | #pragma clang deprecated(__EMSCRIPTEN_minor__, "Use __EMSCRIPTEN_MINOR__ instead")
      |                                                                                  ^
In file included from /Users/miu/Code/peach-cat/.cache/vcv-library-sources/SurgeXTRack/640153d4e70896a707bc3a7cbff1d375c44581b6/surge/src/common/UserDefaults.cpp:23:
In file included from /Users/miu/Code/peach-cat/.cache/vcv-library-sources/SurgeXTRack/640153d4e70896a707bc3a7cbff1d375c44581b6/surge/src/common/SurgeStorage.h:25:
In file included from /Users/miu/Code/peach-cat/.cache/vcv-library-sources/SurgeXTRack/640153d4e70896a707bc3a7cbff1d375c44581b6/surge/src/common/globals.h:62:
In file included from /Users/miu/Code/peach-cat/.cache/vcv-library-sources/SurgeXTRack/640153d4e70896a707bc3a7cbff1d375c44581b6/surge/libs/simde/simde/x86/sse2.h:35:
In file included from /Users/miu/Code/peach-cat/.cache/vcv-library-sources/SurgeXTRack/640153d4e70896a707bc3a7cbff1d375c44581b6/surge/libs/simde/simde/x86/sse.h:33:
In file included from /Users/miu/Code/peach-cat/.cache/vcv-library-sources/SurgeXTRack/640153d4e70896a707bc3a7cbff1d375c44581b6/surge/libs/simde/simde/x86/mmx.h:30:
In file included from /Users/miu/Code/peach-cat/.cache/vcv-library-sources/SurgeXTRack/640153d4e70896a707bc3a7cbff1d375c44581b6/surge/libs/simde/simde/x86/../simde-common.h:47:
/Users/miu/Code/peach-cat/.cache/vcv-library-sources/SurgeXTRack/640153d4e70896a707bc3a7cbff1d375c44581b6/surge/libs/simde/simde/x86/../simde-math.h:1269:47: warning: macro '__EMSCRIPTEN_tiny__' has been marked as deprecated: Use __EMSCRIPTEN_TINY__ instead [-Wdeprecated-pragma]
 1269 |      ((!defined(HEDLEY_EMSCRIPTEN_VERSION) || HEDLEY_EMSCRIPTEN_VERSION_CHECK(3, 1, 43)) && HEDLEY_HAS_BUILTIN(__builtin_roundeven)) || \
      |                                               ^
/Users/miu/Code/peach-cat/.cache/vcv-library-sources/SurgeXTRack/640153d4e70896a707bc3a7cbff1d375c44581b6/surge/libs/simde/simde/x86/../hedley.h:195:63: note: expanded from macro 'HEDLEY_EMSCRIPTEN_VERSION_CHECK'
  195 | #  define HEDLEY_EMSCRIPTEN_VERSION_CHECK(major,minor,patch) (HEDLEY_EMSCRIPTEN_VERSION >= HEDLEY_VERSION_ENCODE(major, minor, patch))
      |                                                               ^
/Users/miu/Code/peach-cat/.cache/vcv-library-sources/SurgeXTRack/640153d4e70896a707bc3a7cbff1d375c44581b6/surge/libs/simde/simde/x86/../hedley.h:188:103: note: expanded from macro 'HEDLEY_EMSCRIPTEN_VERSION'
  188 | #  define HEDLEY_EMSCRIPTEN_VERSION HEDLEY_VERSION_ENCODE(__EMSCRIPTEN_major__, __EMSCRIPTEN_minor__, __EMSCRIPTEN_tiny__)
      |                                                                                                       ^
/opt/homebrew/Cellar/emscripten/6.0.3/libexec/cache/sysroot/include/emscripten/version.h:12:80: note: macro marked 'deprecated' here
   12 | #pragma clang deprecated(__EMSCRIPTEN_tiny__, "Use __EMSCRIPTEN_TINY__ instead")
      |                                                                                ^
In file included from /Users/miu/Code/peach-cat/.cache/vcv-library-sources/SurgeXTRack/640153d4e70896a707bc3a7cbff1d375c44581b6/surge/src/common/UserDefaults.cpp:23:
In file included from /Users/miu/Code/peach-cat/.cache/vcv-library-sources/SurgeXTRack/640153d4e70896a707bc3a7cbff1d375c44581b6/surge/src/common/SurgeStorage.h:25:
In file included from /Users/miu/Code/peach-cat/.cache/vcv-library-sources/SurgeXTRack/640153d4e70896a707bc3a7cbff1d375c44581b6/surge/src/common/globals.h:62:
In file included from /Users/miu/Code/peach-cat/.cache/vcv-library-sources/SurgeXTRack/640153d4e70896a707bc3a7cbff1d375c44581b6/surge/libs/simde/simde/x86/sse2.h:35:
In file included from /Users/miu/Code/peach-cat/.cache/vcv-library-sources/SurgeXTRack/640153d4e70896a707bc3a7cbff1d375c44581b6/surge/libs/simde/simde/x86/sse.h:33:
In file included from /Users/miu/Code/peach-cat/.cache/vcv-library-sources/SurgeXTRack/640153d4e70896a707bc3a7cbff1d375c44581b6/surge/libs/simde/simde/x86/mmx.h:30:
In file included from /Users/miu/Code/peach-cat/.cache/vcv-library-sources/SurgeXTRack/640153d4e70896a707bc3a7cbff1d375c44581b6/surge/libs/simde/simde/x86/../simde-common.h:47:
/Users/miu/Code/peach-cat/.cache/vcv-library-sources/SurgeXTRack/640153d4e70896a707bc3a7cbff1d375c44581b6/surge/libs/simde/simde/x86/../simde-math.h:1289:47: warning: macro '__EMSCRIPTEN_major__' has been marked as deprecated: Use __EMSCRIPTEN_MAJOR__ instead [-Wdeprecated-pragma]
 1289 |      ((!defined(HEDLEY_EMSCRIPTEN_VERSION) || HEDLEY_EMSCRIPTEN_VERSION_CHECK(3, 1, 43)) && HEDLEY_HAS_BUILTIN(__builtin_roundevenf)) || \
      |                                               ^
/Users/miu/Code/peach-cat/.cache/vcv-library-sources/SurgeXTRack/640153d4e70896a707bc3a7cbff1d375c44581b6/surge/libs/simde/simde/x86/../hedley.h:195:63: note: expanded from macro 'HEDLEY_EMSCRIPTEN_VERSION_CHECK'
  195 | #  define HEDLEY_EMSCRIPTEN_VERSION_CHECK(major,minor,patch) (HEDLEY_EMSCRIPTEN_VERSION >= HEDLEY_VERSION_ENCODE(major, minor, patch))
      |                                                               ^
/Users/miu/Code/peach-cat/.cache/vcv-library-sources/SurgeXTRack/640153d4e70896a707bc3a7cbff1d375c44581b6/surge/libs/simde/simde/x86/../hedley.h:188:59: note: expanded from macro 'HEDLEY_EMSCRIPTEN_VERSION'
  188 | #  define HEDLEY_EMSCRIPTEN_VERSION HEDLEY_VERSION_ENCODE(__EMSCRIPTEN_major__, __EMSCRIPTEN_minor__, __EMSCRIPTEN_tiny__)
      |                                                           ^
/opt/homebrew/Cellar/emscripten/6.0.3/libexec/cache/sysroot/include/emscripten/version.h:10:82: note: macro marked 'deprecated' here
   10 | #pragma clang deprecated(__EMSCRIPTEN_major__, "Use __EMSCRIPTEN_MAJOR__ instead")
      |                                                                                  ^
In file included from /Users/miu/Code/peach-cat/.cache/vcv-library-sources/SurgeXTRack/640153d4e70896a707bc3a7cbff1d375c44581b6/surge/src/common/UserDefaults.cpp:23:
In file included from /Users/miu/Code/peach-cat/.cache/vcv-library-sources/SurgeXTRack/640153d4e70896a707bc3a7cbff1d375c44581b6/surge/src/common/SurgeStorage.h:25:
In file included from /Users/miu/Code/peach-cat/.cache/vcv-library-sources/SurgeXTRack/640153d4e70896a707bc3a7cbff1d375c44581b6/surge/src/common/globals.h:62:
In file included from /Users/miu/Code/peach-cat/.cache/vcv-library-sources/SurgeXTRack/640153d4e70896a707bc3a7cbff1d375c44581b6/surge/libs/simde/simde/x86/sse2.h:35:
In file included from /Users/miu/Code/peach-cat/.cache/vcv-library-sources/SurgeXTRack/640153d4e70896a707bc3a7cbff1d375c44581b6/surge/libs/simde/simde/x86/sse.h:33:
In file included from /Users/miu/Code/peach-cat/.cache/vcv-library-sources/SurgeXTRack/640153d4e70896a707bc3a7cbff1d375c44581b6/surge/libs/simde/simde/x86/mmx.h:30:
In file included from /Users/miu/Code/peach-cat/.cache/vcv-library-sources/SurgeXTRack/640153d4e70896a707bc3a7cbff1d375c44581b6/surge/libs/simde/simde/x86/../simde-common.h:47:
/Users/miu/Code/peach-cat/.cache/vcv-library-sources/SurgeXTRack/640153d4e70896a707bc3a7cbff1d375c44581b6/surge/libs/simde/simde/x86/../simde-math.h:1289:47: warning: macro '__EMSCRIPTEN_minor__' has been marked as deprecated: Use __EMSCRIPTEN_MINOR__ instead [-Wdeprecated-pragma]
 1289 |      ((!defined(HEDLEY_EMSCRIPTEN_VERSION) || HEDLEY_EMSCRIPTEN_VERSION_CHECK(3, 1, 43)) && HEDLEY_HAS_BUILTIN(__builtin_roundevenf)) || \
      |                                               ^
/Users/miu/Code/peach-cat/.cache/vcv-library-sources/SurgeXTRack/640153d4e70896a707bc3a7cbff1d375c44581b6/surge/libs/simde/simde/x86/../hedley.h:195:63: note: expanded from macro 'HEDLEY_EMSCRIPTEN_VERSION_CHECK'
  195 | #  define HEDLEY_EMSCRIPTEN_VERSION_CHECK(major,minor,patch) (HEDLEY_EMSCRIPTEN_VERSION >= HEDLEY_VERSION_ENCODE(major, minor, patch))
      |                                                               ^
/Users/miu/Code/peach-cat/.cache/vcv-library-sources/SurgeXTRack/640153d4e70896a707bc3a7cbff1d375c44581b6/surge/libs/simde/simde/x86/../hedley.h:188:81: note: expanded from macro 'HEDLEY_EMSCRIPTEN_VERSION'
  188 | #  define HEDLEY_EMSCRIPTEN_VERSION HEDLEY_VERSION_ENCODE(__EMSCRIPTEN_major__, __EMSCRIPTEN_minor__, __EMSCRIPTEN_tiny__)
      |                                                                                 ^
/opt/homebrew/Cellar/emscripten/6.0.3/libexec/cache/sysroot/include/emscripten/version.h:11:82: note: macro marked 'deprecated' here
   11 | #pragma clang deprecated(__EMSCRIPTEN_minor__, "Use __EMSCRIPTEN_MINOR__ instead")
      |                                                                                  ^
In file included from /Users/miu/Code/peach-cat/.cache/vcv-library-sources/SurgeXTRack/640153d4e70896a707bc3a7cbff1d375c44581b6/surge/src/common/UserDefaults.cpp:23:
In file included from /Users/miu/Code/peach-cat/.cache/vcv-library-sources/SurgeXTRack/640153d4e70896a707bc3a7cbff1d375c44581b6/surge/src/common/SurgeStorage.h:25:
In file included from /Users/miu/Code/peach-cat/.cache/vcv-library-sources/SurgeXTRack/640153d4e70896a707bc3a7cbff1d375c44581b6/surge/src/common/globals.h:62:
In file included from /Users/miu/Code/peach-cat/.cache/vcv-library-sources/SurgeXTRack/640153d4e70896a707bc3a7cbff1d375c44581b6/surge/libs/simde/simde/x86/sse2.h:35:
In file included from /Users/miu/Code/peach-cat/.cache/vcv-library-sources/SurgeXTRack/640153d4e70896a707bc3a7cbff1d375c44581b6/surge/libs/simde/simde/x86/sse.h:33:
In file included from /Users/miu/Code/peach-cat/.cache/vcv-library-sources/SurgeXTRack/640153d4e70896a707bc3a7cbff1d375c44581b6/surge/libs/simde/simde/x86/mmx.h:30:
In file included from /Users/miu/Code/peach-cat/.cache/vcv-library-sources/SurgeXTRack/640153d4e70896a707bc3a7cbff1d375c44581b6/surge/libs/simde/simde/x86/../simde-common.h:47:
/Users/miu/Code/peach-cat/.cache/vcv-library-sources/SurgeXTRack/640153d4e70896a707bc3a7cbff1d375c44581b6/surge/libs/simde/simde/x86/../simde-math.h:1289:47: warning: macro '__EMSCRIPTEN_tiny__' has been marked as deprecated: Use __EMSCRIPTEN_TINY__ instead [-Wdeprecated-pragma]
 1289 |      ((!defined(HEDLEY_EMSCRIPTEN_VERSION) || HEDLEY_EMSCRIPTEN_VERSION_CHECK(3, 1, 43)) && HEDLEY_HAS_BUILTIN(__builtin_roundevenf)) || \
      |                                               ^
/Users/miu/Code/peach-cat/.cache/vcv-library-sources/SurgeXTRack/640153d4e70896a707bc3a7cbff1d375c44581b6/surge/libs/simde/simde/x86/../hedley.h:195:63: note: expanded from macro 'HEDLEY_EMSCRIPTEN_VERSION_CHECK'
  195 | #  define HEDLEY_EMSCRIPTEN_VERSION_CHECK(major,minor,patch) (HEDLEY_EMSCRIPTEN_VERSION >= HEDLEY_VERSION_ENCODE(major, minor, patch))
      |                                                               ^
/Users/miu/Code/peach-cat/.cache/vcv-library-sources/SurgeXTRack/640153d4e70896a707bc3a7cbff1d375c44581b6/surge/libs/simde/simde/x86/../hedley.h:188:103: note: expanded from macro 'HEDLEY_EMSCRIPTEN_VERSION'
  188 | #  define HEDLEY_EMSCRIPTEN_VERSION HEDLEY_VERSION_ENCODE(__EMSCRIPTEN_major__, __EMSCRIPTEN_minor__, __EMSCRIPTEN_tiny__)
      |                                                                                                       ^
/opt/homebrew/Cellar/emscripten/6.0.3/libexec/cache/sysroot/include/emscripten/version.h:12:80: note: macro marked 'deprecated' here
   12 | #pragma clang deprecated(__EMSCRIPTEN_tiny__, "Use __EMSCRIPTEN_TINY__ instead")
      |                                                                                ^
6 warnings generated.
In file included from /Users/miu/Code/peach-cat/.cache/vcv-library-sources/SurgeXTRack/640153d4e70896a707bc3a7cbff1d375c44581b6/surge/src/common/dsp/oscillators/SineOscillator.cpp:23:
In file included from /Users/miu/Code/peach-cat/.cache/vcv-library-sources/SurgeXTRack/640153d4e70896a707bc3a7cbff1d375c44581b6/surge/src/common/dsp/oscillators/SineOscillator.h:26:
In file included from /Users/miu/Code/peach-cat/.cache/vcv-library-sources/SurgeXTRack/640153d4e70896a707bc3a7cbff1d375c44581b6/surge/src/common/dsp/oscillators/OscillatorBase.h:26:
In file included from /Users/miu/Code/peach-cat/.cache/vcv-library-sources/SurgeXTRack/640153d4e70896a707bc3a7cbff1d375c44581b6/surge/src/common/SurgeStorage.h:25:
In file included from /Users/miu/Code/peach-cat/.cache/vcv-library-sources/SurgeXTRack/640153d4e70896a707bc3a7cbff1d375c44581b6/surge/src/common/globals.h:62:
In file included from /Users/miu/Code/peach-cat/.cache/vcv-library-sources/SurgeXTRack/640153d4e70896a707bc3a7cbff1d375c44581b6/surge/libs/simde/simde/x86/sse2.h:35:
In file included from /Users/miu/Code/peach-cat/.cache/vcv-library-sources/SurgeXTRack/640153d4e70896a707bc3a7cbff1d375c44581b6/surge/libs/simde/simde/x86/sse.h:33:
In file included from /Users/miu/Code/peach-cat/.cache/vcv-library-sources/SurgeXTRack/640153d4e70896a707bc3a7cbff1d375c44581b6/surge/libs/simde/simde/x86/mmx.h:30:
In file included from /Users/miu/Code/peach-cat/.cache/vcv-library-sources/SurgeXTRack/640153d4e70896a707bc3a7cbff1d375c44581b6/surge/libs/simde/simde/x86/../simde-common.h:47:
/Users/miu/Code/peach-cat/.cache/vcv-library-sources/SurgeXTRack/640153d4e70896a707bc3a7cbff1d375c44581b6/surge/libs/simde/simde/x86/../simde-math.h:1269:47: warning: macro '__EMSCRIPTEN_major__' has been marked as deprecated: Use __EMSCRIPTEN_MAJOR__ instead [-Wdeprecated-pragma]
 1269 |      ((!defined(HEDLEY_EMSCRIPTEN_VERSION) || HEDLEY_EMSCRIPTEN_VERSION_CHECK(3, 1, 43)) && HEDLEY_HAS_BUILTIN(__builtin_roundeven)) || \
      |                                               ^
/Users/miu/Code/peach-cat/.cache/vcv-library-sources/SurgeXTRack/640153d4e70896a707bc3a7cbff1d375c44581b6/surge/libs/simde/simde/x86/../hedley.h:195:63: note: expanded from macro 'HEDLEY_EMSCRIPTEN_VERSION_CHECK'
  195 | #  define HEDLEY_EMSCRIPTEN_VERSION_CHECK(major,minor,patch) (HEDLEY_EMSCRIPTEN_VERSION >= HEDLEY_VERSION_ENCODE(major, minor, patch))
      |                                                               ^
/Users/miu/Code/peach-cat/.cache/vcv-library-sources/SurgeXTRack/640153d4e70896a707bc3a7cbff1d375c44581b6/surge/libs/simde/simde/x86/../hedley.h:188:59: note: expanded from macro 'HEDLEY_EMSCRIPTEN_VERSION'
  188 | #  define HEDLEY_EMSCRIPTEN_VERSION HEDLEY_VERSION_ENCODE(__EMSCRIPTEN_major__, __EMSCRIPTEN_minor__, __EMSCRIPTEN_tiny__)
      |                                                           ^
/opt/homebrew/Cellar/emscripten/6.0.3/libexec/cache/sysroot/include/emscripten/version.h:10:82: note: macro marked 'deprecated' here
   10 | #pragma clang deprecated(__EMSCRIPTEN_major__, "Use __EMSCRIPTEN_MAJOR__ instead")
      |                                                                                  ^
In file included from /Users/miu/Code/peach-cat/.cache/vcv-library-sources/SurgeXTRack/640153d4e70896a707bc3a7cbff1d375c44581b6/surge/src/common/dsp/oscillators/SineOscillator.cpp:23:
In file included from /Users/miu/Code/peach-cat/.cache/vcv-library-sources/SurgeXTRack/640153d4e70896a707bc3a7cbff1d375c44581b6/surge/src/common/dsp/oscillators/SineOscillator.h:26:
In file included from /Users/miu/Code/peach-cat/.cache/vcv-library-sources/SurgeXTRack/640153d4e70896a707bc3a7cbff1d375c44581b6/surge/src/common/dsp/oscillators/OscillatorBase.h:26:
In file included from /Users/miu/Code/peach-cat/.cache/vcv-library-sources/SurgeXTRack/640153d4e70896a707bc3a7cbff1d375c44581b6/surge/src/common/SurgeStorage.h:25:
In file included from /Users/miu/Code/peach-cat/.cache/vcv-library-sources/SurgeXTRack/640153d4e70896a707bc3a7cbff1d375c44581b6/surge/src/common/globals.h:62:
In file included from /Users/miu/Code/peach-cat/.cache/vcv-library-sources/SurgeXTRack/640153d4e70896a707bc3a7cbff1d375c44581b6/surge/libs/simde/simde/x86/sse2.h:35:
In file included from /Users/miu/Code/peach-cat/.cache/vcv-library-sources/SurgeXTRack/640153d4e70896a707bc3a7cbff1d375c44581b6/surge/libs/simde/simde/x86/sse.h:33:
In file included from /Users/miu/Code/peach-cat/.cache/vcv-library-sources/SurgeXTRack/640153d4e70896a707bc3a7cbff1d375c44581b6/surge/libs/simde/simde/x86/mmx.h:30:
In file included from /Users/miu/Code/peach-cat/.cache/vcv-library-sources/SurgeXTRack/640153d4e70896a707bc3a7cbff1d375c44581b6/surge/libs/simde/simde/x86/../simde-common.h:47:
/Users/miu/Code/peach-cat/.cache/vcv-library-sources/SurgeXTRack/640153d4e70896a707bc3a7cbff1d375c44581b6/surge/libs/simde/simde/x86/../simde-math.h:1269:47: warning: macro '__EMSCRIPTEN_minor__' has been marked as deprecated: Use __EMSCRIPTEN_MINOR__ instead [-Wdeprecated-pragma]
 1269 |      ((!defined(HEDLEY_EMSCRIPTEN_VERSION) || HEDLEY_EMSCRIPTEN_VERSION_CHECK(3, 1, 43)) && HEDLEY_HAS_BUILTIN(__builtin_roundeven)) || \
      |                                               ^
/Users/miu/Code/peach-cat/.cache/vcv-library-sources/SurgeXTRack/640153d4e70896a707bc3a7cbff1d375c44581b6/surge/libs/simde/simde/x86/../hedley.h:195:63: note: expanded from macro 'HEDLEY_EMSCRIPTEN_VERSION_CHECK'
  195 | #  define HEDLEY_EMSCRIPTEN_VERSION_CHECK(major,minor,patch) (HEDLEY_EMSCRIPTEN_VERSION >= HEDLEY_VERSION_ENCODE(major, minor, patch))
      |                                                               ^
/Users/miu/Code/peach-cat/.cache/vcv-library-sources/SurgeXTRack/640153d4e70896a707bc3a7cbff1d375c44581b6/surge/libs/simde/simde/x86/../hedley.h:188:81: note: expanded from macro 'HEDLEY_EMSCRIPTEN_VERSION'
  188 | #  define HEDLEY_EMSCRIPTEN_VERSION HEDLEY_VERSION_ENCODE(__EMSCRIPTEN_major__, __EMSCRIPTEN_minor__, __EMSCRIPTEN_tiny__)
      |                                                                                 ^
/opt/homebrew/Cellar/emscripten/6.0.3/libexec/cache/sysroot/include/emscripten/version.h:11:82: note: macro marked 'deprecated' here
   11 | #pragma clang deprecated(__EMSCRIPTEN_minor__, "Use __EMSCRIPTEN_MINOR__ instead")
      |                                                                                  ^
In file included from /Users/miu/Code/peach-cat/.cache/vcv-library-sources/SurgeXTRack/640153d4e70896a707bc3a7cbff1d375c44581b6/surge/src/common/dsp/oscillators/SineOscillator.cpp:23:
In file included from /Users/miu/Code/peach-cat/.cache/vcv-library-sources/SurgeXTRack/640153d4e70896a707bc3a7cbff1d375c44581b6/surge/src/common/dsp/oscillators/SineOscillator.h:26:
In file included from /Users/miu/Code/peach-cat/.cache/vcv-library-sources/SurgeXTRack/640153d4e70896a707bc3a7cbff1d375c44581b6/surge/src/common/dsp/oscillators/OscillatorBase.h:26:
In file included from /Users/miu/Code/peach-cat/.cache/vcv-library-sources/SurgeXTRack/640153d4e70896a707bc3a7cbff1d375c44581b6/surge/src/common/SurgeStorage.h:25:
In file included from /Users/miu/Code/peach-cat/.cache/vcv-library-sources/SurgeXTRack/640153d4e70896a707bc3a7cbff1d375c44581b6/surge/src/common/globals.h:62:
In file included from /Users/miu/Code/peach-cat/.cache/vcv-library-sources/SurgeXTRack/640153d4e70896a707bc3a7cbff1d375c44581b6/surge/libs/simde/simde/x86/sse2.h:35:
In file included from /Users/miu/Code/peach-cat/.cache/vcv-library-sources/SurgeXTRack/640153d4e70896a707bc3a7cbff1d375c44581b6/surge/libs/simde/simde/x86/sse.h:33:
In file included from /Users/miu/Code/peach-cat/.cache/vcv-library-sources/SurgeXTRack/640153d4e70896a707bc3a7cbff1d375c44581b6/surge/libs/simde/simde/x86/mmx.h:30:
In file included from /Users/miu/Code/peach-cat/.cache/vcv-library-sources/SurgeXTRack/640153d4e70896a707bc3a7cbff1d375c44581b6/surge/libs/simde/simde/x86/../simde-common.h:47:
/Users/miu/Code/peach-cat/.cache/vcv-library-sources/SurgeXTRack/640153d4e70896a707bc3a7cbff1d375c44581b6/surge/libs/simde/simde/x86/../simde-math.h:1269:47: warning: macro '__EMSCRIPTEN_tiny__' has been marked as deprecated: Use __EMSCRIPTEN_TINY__ instead [-Wdeprecated-pragma]
 1269 |      ((!defined(HEDLEY_EMSCRIPTEN_VERSION) || HEDLEY_EMSCRIPTEN_VERSION_CHECK(3, 1, 43)) && HEDLEY_HAS_BUILTIN(__builtin_roundeven)) || \
      |                                               ^
/Users/miu/Code/peach-cat/.cache/vcv-library-sources/SurgeXTRack/640153d4e70896a707bc3a7cbff1d375c44581b6/surge/libs/simde/simde/x86/../hedley.h:195:63: note: expanded from macro 'HEDLEY_EMSCRIPTEN_VERSION_CHECK'
  195 | #  define HEDLEY_EMSCRIPTEN_VERSION_CHECK(major,minor,patch) (HEDLEY_EMSCRIPTEN_VERSION >= HEDLEY_VERSION_ENCODE(major, minor, patch))
      |                                                               ^
/Users/miu/Code/peach-cat/.cache/vcv-library-sources/SurgeXTRack/640153d4e70896a707bc3a7cbff1d375c44581b6/surge/libs/simde/simde/x86/../hedley.h:188:103: note: expanded from macro 'HEDLEY_EMSCRIPTEN_VERSION'
  188 | #  define HEDLEY_EMSCRIPTEN_VERSION HEDLEY_VERSION_ENCODE(__EMSCRIPTEN_major__, __EMSCRIPTEN_minor__, __EMSCRIPTEN_tiny__)
      |                                                                                                       ^
/opt/homebrew/Cellar/emscripten/6.0.3/libexec/cache/sysroot/include/emscripten/version.h:12:80: note: macro marked 'deprecated' here
   12 | #pragma clang deprecated(__EMSCRIPTEN_tiny__, "Use __EMSCRIPTEN_TINY__ instead")
      |                                                                                ^
In file included from /Users/miu/Code/peach-cat/.cache/vcv-library-sources/SurgeXTRack/640153d4e70896a707bc3a7cbff1d375c44581b6/surge/src/common/dsp/oscillators/SineOscillator.cpp:23:
In file included from /Users/miu/Code/peach-cat/.cache/vcv-library-sources/SurgeXTRack/640153d4e70896a707bc3a7cbff1d375c44581b6/surge/src/common/dsp/oscillators/SineOscillator.h:26:
In file included from /Users/miu/Code/peach-cat/.cache/vcv-library-sources/SurgeXTRack/640153d4e70896a707bc3a7cbff1d375c44581b6/surge/src/common/dsp/oscillators/OscillatorBase.h:26:
In file included from /Users/miu/Code/peach-cat/.cache/vcv-library-sources/SurgeXTRack/640153d4e70896a707bc3a7cbff1d375c44581b6/surge/src/common/SurgeStorage.h:25:
In file included from /Users/miu/Code/peach-cat/.cache/vcv-library-sources/SurgeXTRack/640153d4e70896a707bc3a7cbff1d375c44581b6/surge/src/common/globals.h:62:
In file included from /Users/miu/Code/peach-cat/.cache/vcv-library-sources/SurgeXTRack/640153d4e70896a707bc3a7cbff1d375c44581b6/surge/libs/simde/simde/x86/sse2.h:35:
In file included from /Users/miu/Code/peach-cat/.cache/vcv-library-sources/SurgeXTRack/640153d4e70896a707bc3a7cbff1d375c44581b6/surge/libs/simde/simde/x86/sse.h:33:
In file included from /Users/miu/Code/peach-cat/.cache/vcv-library-sources/SurgeXTRack/640153d4e70896a707bc3a7cbff1d375c44581b6/surge/libs/simde/simde/x86/mmx.h:30:
In file included from /Users/miu/Code/peach-cat/.cache/vcv-library-sources/SurgeXTRack/640153d4e70896a707bc3a7cbff1d375c44581b6/surge/libs/simde/simde/x86/../simde-common.h:47:
/Users/miu/Code/peach-cat/.cache/vcv-library-sources/SurgeXTRack/640153d4e70896a707bc3a7cbff1d375c44581b6/surge/libs/simde/simde/x86/../simde-math.h:1289:47: warning: macro '__EMSCRIPTEN_major__' has been marked as deprecated: Use __EMSCRIPTEN_MAJOR__ instead [-Wdeprecated-pragma]
 1289 |      ((!defined(HEDLEY_EMSCRIPTEN_VERSION) || HEDLEY_EMSCRIPTEN_VERSION_CHECK(3, 1, 43)) && HEDLEY_HAS_BUILTIN(__builtin_roundevenf)) || \
      |                                               ^
/Users/miu/Code/peach-cat/.cache/vcv-library-sources/SurgeXTRack/640153d4e70896a707bc3a7cbff1d375c44581b6/surge/libs/simde/simde/x86/../hedley.h:195:63: note: expanded from macro 'HEDLEY_EMSCRIPTEN_VERSION_CHECK'
  195 | #  define HEDLEY_EMSCRIPTEN_VERSION_CHECK(major,minor,patch) (HEDLEY_EMSCRIPTEN_VERSION >= HEDLEY_VERSION_ENCODE(major, minor, patch))
      |                                                               ^
/Users/miu/Code/peach-cat/.cache/vcv-library-sources/SurgeXTRack/640153d4e70896a707bc3a7cbff1d375c44581b6/surge/libs/simde/simde/x86/../hedley.h:188:59: note: expanded from macro 'HEDLEY_EMSCRIPTEN_VERSION'
  188 | #  define HEDLEY_EMSCRIPTEN_VERSION HEDLEY_VERSION_ENCODE(__EMSCRIPTEN_major__, __EMSCRIPTEN_minor__, __EMSCRIPTEN_tiny__)
      |                                                           ^
/opt/homebrew/Cellar/emscripten/6.0.3/libexec/cache/sysroot/include/emscripten/version.h:10:82: note: macro marked 'deprecated' here
   10 | #pragma clang deprecated(__EMSCRIPTEN_major__, "Use __EMSCRIPTEN_MAJOR__ instead")
      |                                                                                  ^
In file included from /Users/miu/Code/peach-cat/.cache/vcv-library-sources/SurgeXTRack/640153d4e70896a707bc3a7cbff1d375c44581b6/surge/src/common/dsp/oscillators/SineOscillator.cpp:23:
In file included from /Users/miu/Code/peach-cat/.cache/vcv-library-sources/SurgeXTRack/640153d4e70896a707bc3a7cbff1d375c44581b6/surge/src/common/dsp/oscillators/SineOscillator.h:26:
In file included from /Users/miu/Code/peach-cat/.cache/vcv-library-sources/SurgeXTRack/640153d4e70896a707bc3a7cbff1d375c44581b6/surge/src/common/dsp/oscillators/OscillatorBase.h:26:
In file included from /Users/miu/Code/peach-cat/.cache/vcv-library-sources/SurgeXTRack/640153d4e70896a707bc3a7cbff1d375c44581b6/surge/src/common/SurgeStorage.h:25:
In file included from /Users/miu/Code/peach-cat/.cache/vcv-library-sources/SurgeXTRack/640153d4e70896a707bc3a7cbff1d375c44581b6/surge/src/common/globals.h:62:
In file included from /Users/miu/Code/peach-cat/.cache/vcv-library-sources/SurgeXTRack/640153d4e70896a707bc3a7cbff1d375c44581b6/surge/libs/simde/simde/x86/sse2.h:35:
In file included from /Users/miu/Code/peach-cat/.cache/vcv-library-sources/SurgeXTRack/640153d4e70896a707bc3a7cbff1d375c44581b6/surge/libs/simde/simde/x86/sse.h:33:
In file included from /Users/miu/Code/peach-cat/.cache/vcv-library-sources/SurgeXTRack/640153d4e70896a707bc3a7cbff1d375c44581b6/surge/libs/simde/simde/x86/mmx.h:30:
In file included from /Users/miu/Code/peach-cat/.cache/vcv-library-sources/SurgeXTRack/640153d4e70896a707bc3a7cbff1d375c44581b6/surge/libs/simde/simde/x86/../simde-common.h:47:
/Users/miu/Code/peach-cat/.cache/vcv-library-sources/SurgeXTRack/640153d4e70896a707bc3a7cbff1d375c44581b6/surge/libs/simde/simde/x86/../simde-math.h:1289:47: warning: macro '__EMSCRIPTEN_minor__' has been marked as deprecated: Use __EMSCRIPTEN_MINOR__ instead [-Wdeprecated-pragma]
 1289 |      ((!defined(HEDLEY_EMSCRIPTEN_VERSION) || HEDLEY_EMSCRIPTEN_VERSION_CHECK(3, 1, 43)) && HEDLEY_HAS_BUILTIN(__builtin_roundevenf)) || \
      |                                               ^
/Users/miu/Code/peach-cat/.cache/vcv-library-sources/SurgeXTRack/640153d4e70896a707bc3a7cbff1d375c44581b6/surge/libs/simde/simde/x86/../hedley.h:195:63: note: expanded from macro 'HEDLEY_EMSCRIPTEN_VERSION_CHECK'
  195 | #  define HEDLEY_EMSCRIPTEN_VERSION_CHECK(major,minor,patch) (HEDLEY_EMSCRIPTEN_VERSION >= HEDLEY_VERSION_ENCODE(major, minor, patch))
      |                                                               ^
/Users/miu/Code/peach-cat/.cache/vcv-library-sources/SurgeXTRack/640153d4e70896a707bc3a7cbff1d375c44581b6/surge/libs/simde/simde/x86/../hedley.h:188:81: note: expanded from macro 'HEDLEY_EMSCRIPTEN_VERSION'
  188 | #  define HEDLEY_EMSCRIPTEN_VERSION HEDLEY_VERSION_ENCODE(__EMSCRIPTEN_major__, __EMSCRIPTEN_minor__, __EMSCRIPTEN_tiny__)
      |                                                                                 ^
/opt/homebrew/Cellar/emscripten/6.0.3/libexec/cache/sysroot/include/emscripten/version.h:11:82: note: macro marked 'deprecated' here
   11 | #pragma clang deprecated(__EMSCRIPTEN_minor__, "Use __EMSCRIPTEN_MINOR__ instead")
      |                                                                                  ^
In file included from /Users/miu/Code/peach-cat/.cache/vcv-library-sources/SurgeXTRack/640153d4e70896a707bc3a7cbff1d375c44581b6/surge/src/common/dsp/oscillators/SineOscillator.cpp:23:
In file included from /Users/miu/Code/peach-cat/.cache/vcv-library-sources/SurgeXTRack/640153d4e70896a707bc3a7cbff1d375c44581b6/surge/src/common/dsp/oscillators/SineOscillator.h:26:
In file included from /Users/miu/Code/peach-cat/.cache/vcv-library-sources/SurgeXTRack/640153d4e70896a707bc3a7cbff1d375c44581b6/surge/src/common/dsp/oscillators/OscillatorBase.h:26:
In file included from /Users/miu/Code/peach-cat/.cache/vcv-library-sources/SurgeXTRack/640153d4e70896a707bc3a7cbff1d375c44581b6/surge/src/common/SurgeStorage.h:25:
In file included from /Users/miu/Code/peach-cat/.cache/vcv-library-sources/SurgeXTRack/640153d4e70896a707bc3a7cbff1d375c44581b6/surge/src/common/globals.h:62:
In file included from /Users/miu/Code/peach-cat/.cache/vcv-library-sources/SurgeXTRack/640153d4e70896a707bc3a7cbff1d375c44581b6/surge/libs/simde/simde/x86/sse2.h:35:
In file included from /Users/miu/Code/peach-cat/.cache/vcv-library-sources/SurgeXTRack/640153d4e70896a707bc3a7cbff1d375c44581b6/surge/libs/simde/simde/x86/sse.h:33:
In file included from /Users/miu/Code/peach-cat/.cache/vcv-library-sources/SurgeXTRack/640153d4e70896a707bc3a7cbff1d375c44581b6/surge/libs/simde/simde/x86/mmx.h:30:
In file included from /Users/miu/Code/peach-cat/.cache/vcv-library-sources/SurgeXTRack/640153d4e70896a707bc3a7cbff1d375c44581b6/surge/libs/simde/simde/x86/../simde-common.h:47:
/Users/miu/Code/peach-cat/.cache/vcv-library-sources/SurgeXTRack/640153d4e70896a707bc3a7cbff1d375c44581b6/surge/libs/simde/simde/x86/../simde-math.h:1289:47: warning: macro '__EMSCRIPTEN_tiny__' has been marked as deprecated: Use __EMSCRIPTEN_TINY__ instead [-Wdeprecated-pragma]
 1289 |      ((!defined(HEDLEY_EMSCRIPTEN_VERSION) || HEDLEY_EMSCRIPTEN_VERSION_CHECK(3, 1, 43)) && HEDLEY_HAS_BUILTIN(__builtin_roundevenf)) || \
      |                                               ^
/Users/miu/Code/peach-cat/.cache/vcv-library-sources/SurgeXTRack/640153d4e70896a707bc3a7cbff1d375c44581b6/surge/libs/simde/simde/x86/../hedley.h:195:63: note: expanded from macro 'HEDLEY_EMSCRIPTEN_VERSION_CHECK'
  195 | #  define HEDLEY_EMSCRIPTEN_VERSION_CHECK(major,minor,patch) (HEDLEY_EMSCRIPTEN_VERSION >= HEDLEY_VERSION_ENCODE(major, minor, patch))
      |                                                               ^
/Users/miu/Code/peach-cat/.cache/vcv-library-sources/SurgeXTRack/640153d4e70896a707bc3a7cbff1d375c44581b6/surge/libs/simde/simde/x86/../hedley.h:188:103: note: expanded from macro 'HEDLEY_EMSCRIPTEN_VERSION'
  188 | #  define HEDLEY_EMSCRIPTEN_VERSION HEDLEY_VERSION_ENCODE(__EMSCRIPTEN_major__, __EMSCRIPTEN_minor__, __EMSCRIPTEN_tiny__)
      |                                                                                                       ^
/opt/homebrew/Cellar/emscripten/6.0.3/libexec/cache/sysroot/include/emscripten/version.h:12:80: note: macro marked 'deprecated' here
   12 | #pragma clang deprecated(__EMSCRIPTEN_tiny__, "Use __EMSCRIPTEN_TINY__ instead")
      |                                                                                ^
6 warnings generated.
In file included from /Users/miu/Code/peach-cat/.cache/vcv-library-sources/SurgeXTRack/640153d4e70896a707bc3a7cbff1d375c44581b6/surge/src/common/SurgePatch.cpp:23:
In file included from /Users/miu/Code/peach-cat/.cache/vcv-library-sources/SurgeXTRack/640153d4e70896a707bc3a7cbff1d375c44581b6/surge/src/common/SurgeStorage.h:25:
In file included from /Users/miu/Code/peach-cat/.cache/vcv-library-sources/SurgeXTRack/640153d4e70896a707bc3a7cbff1d375c44581b6/surge/src/common/globals.h:62:
In file included from /Users/miu/Code/peach-cat/.cache/vcv-library-sources/SurgeXTRack/640153d4e70896a707bc3a7cbff1d375c44581b6/surge/libs/simde/simde/x86/sse2.h:35:
In file included from /Users/miu/Code/peach-cat/.cache/vcv-library-sources/SurgeXTRack/640153d4e70896a707bc3a7cbff1d375c44581b6/surge/libs/simde/simde/x86/sse.h:33:
In file included from /Users/miu/Code/peach-cat/.cache/vcv-library-sources/SurgeXTRack/640153d4e70896a707bc3a7cbff1d375c44581b6/surge/libs/simde/simde/x86/mmx.h:30:
In file included from /Users/miu/Code/peach-cat/.cache/vcv-library-sources/SurgeXTRack/640153d4e70896a707bc3a7cbff1d375c44581b6/surge/libs/simde/simde/x86/../simde-common.h:47:
/Users/miu/Code/peach-cat/.cache/vcv-library-sources/SurgeXTRack/640153d4e70896a707bc3a7cbff1d375c44581b6/surge/libs/simde/simde/x86/../simde-math.h:1269:47: warning: macro '__EMSCRIPTEN_major__' has been marked as deprecated: Use __EMSCRIPTEN_MAJOR__ instead [-Wdeprecated-pragma]
 1269 |      ((!defined(HEDLEY_EMSCRIPTEN_VERSION) || HEDLEY_EMSCRIPTEN_VERSION_CHECK(3, 1, 43)) && HEDLEY_HAS_BUILTIN(__builtin_roundeven)) || \
      |                                               ^
/Users/miu/Code/peach-cat/.cache/vcv-library-sources/SurgeXTRack/640153d4e70896a707bc3a7cbff1d375c44581b6/surge/libs/simde/simde/x86/../hedley.h:195:63: note: expanded from macro 'HEDLEY_EMSCRIPTEN_VERSION_CHECK'
  195 | #  define HEDLEY_EMSCRIPTEN_VERSION_CHECK(major,minor,patch) (HEDLEY_EMSCRIPTEN_VERSION >= HEDLEY_VERSION_ENCODE(major, minor, patch))
      |                                                               ^
/Users/miu/Code/peach-cat/.cache/vcv-library-sources/SurgeXTRack/640153d4e70896a707bc3a7cbff1d375c44581b6/surge/libs/simde/simde/x86/../hedley.h:188:59: note: expanded from macro 'HEDLEY_EMSCRIPTEN_VERSION'
  188 | #  define HEDLEY_EMSCRIPTEN_VERSION HEDLEY_VERSION_ENCODE(__EMSCRIPTEN_major__, __EMSCRIPTEN_minor__, __EMSCRIPTEN_tiny__)
      |                                                           ^
/opt/homebrew/Cellar/emscripten/6.0.3/libexec/cache/sysroot/include/emscripten/version.h:10:82: note: macro marked 'deprecated' here
   10 | #pragma clang deprecated(__EMSCRIPTEN_major__, "Use __EMSCRIPTEN_MAJOR__ instead")
      |                                                                                  ^
In file included from /Users/miu/Code/peach-cat/.cache/vcv-library-sources/SurgeXTRack/640153d4e70896a707bc3a7cbff1d375c44581b6/surge/src/common/SurgePatch.cpp:23:
In file included from /Users/miu/Code/peach-cat/.cache/vcv-library-sources/SurgeXTRack/640153d4e70896a707bc3a7cbff1d375c44581b6/surge/src/common/SurgeStorage.h:25:
In file included from /Users/miu/Code/peach-cat/.cache/vcv-library-sources/SurgeXTRack/640153d4e70896a707bc3a7cbff1d375c44581b6/surge/src/common/globals.h:62:
In file included from /Users/miu/Code/peach-cat/.cache/vcv-library-sources/SurgeXTRack/640153d4e70896a707bc3a7cbff1d375c44581b6/surge/libs/simde/simde/x86/sse2.h:35:
In file included from /Users/miu/Code/peach-cat/.cache/vcv-library-sources/SurgeXTRack/640153d4e70896a707bc3a7cbff1d375c44581b6/surge/libs/simde/simde/x86/sse.h:33:
In file included from /Users/miu/Code/peach-cat/.cache/vcv-library-sources/SurgeXTRack/640153d4e70896a707bc3a7cbff1d375c44581b6/surge/libs/simde/simde/x86/mmx.h:30:
In file included from /Users/miu/Code/peach-cat/.cache/vcv-library-sources/SurgeXTRack/640153d4e70896a707bc3a7cbff1d375c44581b6/surge/libs/simde/simde/x86/../simde-common.h:47:
/Users/miu/Code/peach-cat/.cache/vcv-library-sources/SurgeXTRack/640153d4e70896a707bc3a7cbff1d375c44581b6/surge/libs/simde/simde/x86/../simde-math.h:1269:47: warning: macro '__EMSCRIPTEN_minor__' has been marked as deprecated: Use __EMSCRIPTEN_MINOR__ instead [-Wdeprecated-pragma]
 1269 |      ((!defined(HEDLEY_EMSCRIPTEN_VERSION) || HEDLEY_EMSCRIPTEN_VERSION_CHECK(3, 1, 43)) && HEDLEY_HAS_BUILTIN(__builtin_roundeven)) || \
      |                                               ^
/Users/miu/Code/peach-cat/.cache/vcv-library-sources/SurgeXTRack/640153d4e70896a707bc3a7cbff1d375c44581b6/surge/libs/simde/simde/x86/../hedley.h:195:63: note: expanded from macro 'HEDLEY_EMSCRIPTEN_VERSION_CHECK'
  195 | #  define HEDLEY_EMSCRIPTEN_VERSION_CHECK(major,minor,patch) (HEDLEY_EMSCRIPTEN_VERSION >= HEDLEY_VERSION_ENCODE(major, minor, patch))
      |                                                               ^
/Users/miu/Code/peach-cat/.cache/vcv-library-sources/SurgeXTRack/640153d4e70896a707bc3a7cbff1d375c44581b6/surge/libs/simde/simde/x86/../hedley.h:188:81: note: expanded from macro 'HEDLEY_EMSCRIPTEN_VERSION'
  188 | #  define HEDLEY_EMSCRIPTEN_VERSION HEDLEY_VERSION_ENCODE(__EMSCRIPTEN_major__, __EMSCRIPTEN_minor__, __EMSCRIPTEN_tiny__)
      |                                                                                 ^
/opt/homebrew/Cellar/emscripten/6.0.3/libexec/cache/sysroot/include/emscripten/version.h:11:82: note: macro marked 'deprecated' here
   11 | #pragma clang deprecated(__EMSCRIPTEN_minor__, "Use __EMSCRIPTEN_MINOR__ instead")
      |                                                                                  ^
In file included from /Users/miu/Code/peach-cat/.cache/vcv-library-sources/SurgeXTRack/640153d4e70896a707bc3a7cbff1d375c44581b6/surge/src/common/SurgePatch.cpp:23:
In file included from /Users/miu/Code/peach-cat/.cache/vcv-library-sources/SurgeXTRack/640153d4e70896a707bc3a7cbff1d375c44581b6/surge/src/common/SurgeStorage.h:25:
In file included from /Users/miu/Code/peach-cat/.cache/vcv-library-sources/SurgeXTRack/640153d4e70896a707bc3a7cbff1d375c44581b6/surge/src/common/globals.h:62:
In file included from /Users/miu/Code/peach-cat/.cache/vcv-library-sources/SurgeXTRack/640153d4e70896a707bc3a7cbff1d375c44581b6/surge/libs/simde/simde/x86/sse2.h:35:
In file included from /Users/miu/Code/peach-cat/.cache/vcv-library-sources/SurgeXTRack/640153d4e70896a707bc3a7cbff1d375c44581b6/surge/libs/simde/simde/x86/sse.h:33:
In file included from /Users/miu/Code/peach-cat/.cache/vcv-library-sources/SurgeXTRack/640153d4e70896a707bc3a7cbff1d375c44581b6/surge/libs/simde/simde/x86/mmx.h:30:
In file included from /Users/miu/Code/peach-cat/.cache/vcv-library-sources/SurgeXTRack/640153d4e70896a707bc3a7cbff1d375c44581b6/surge/libs/simde/simde/x86/../simde-common.h:47:
/Users/miu/Code/peach-cat/.cache/vcv-library-sources/SurgeXTRack/640153d4e70896a707bc3a7cbff1d375c44581b6/surge/libs/simde/simde/x86/../simde-math.h:1269:47: warning: macro '__EMSCRIPTEN_tiny__' has been marked as deprecated: Use __EMSCRIPTEN_TINY__ instead [-Wdeprecated-pragma]
 1269 |      ((!defined(HEDLEY_EMSCRIPTEN_VERSION) || HEDLEY_EMSCRIPTEN_VERSION_CHECK(3, 1, 43)) && HEDLEY_HAS_BUILTIN(__builtin_roundeven)) || \
      |                                               ^
/Users/miu/Code/peach-cat/.cache/vcv-library-sources/SurgeXTRack/640153d4e70896a707bc3a7cbff1d375c44581b6/surge/libs/simde/simde/x86/../hedley.h:195:63: note: expanded from macro 'HEDLEY_EMSCRIPTEN_VERSION_CHECK'
  195 | #  define HEDLEY_EMSCRIPTEN_VERSION_CHECK(major,minor,patch) (HEDLEY_EMSCRIPTEN_VERSION >= HEDLEY_VERSION_ENCODE(major, minor, patch))
      |                                                               ^
/Users/miu/Code/peach-cat/.cache/vcv-library-sources/SurgeXTRack/640153d4e70896a707bc3a7cbff1d375c44581b6/surge/libs/simde/simde/x86/../hedley.h:188:103: note: expanded from macro 'HEDLEY_EMSCRIPTEN_VERSION'
  188 | #  define HEDLEY_EMSCRIPTEN_VERSION HEDLEY_VERSION_ENCODE(__EMSCRIPTEN_major__, __EMSCRIPTEN_minor__, __EMSCRIPTEN_tiny__)
      |                                                                                                       ^
/opt/homebrew/Cellar/emscripten/6.0.3/libexec/cache/sysroot/include/emscripten/version.h:12:80: note: macro marked 'deprecated' here
   12 | #pragma clang deprecated(__EMSCRIPTEN_tiny__, "Use __EMSCRIPTEN_TINY__ instead")
      |                                                                                ^
In file included from /Users/miu/Code/peach-cat/.cache/vcv-library-sources/SurgeXTRack/640153d4e70896a707bc3a7cbff1d375c44581b6/surge/src/common/SurgePatch.cpp:23:
In file included from /Users/miu/Code/peach-cat/.cache/vcv-library-sources/SurgeXTRack/640153d4e70896a707bc3a7cbff1d375c44581b6/surge/src/common/SurgeStorage.h:25:
In file included from /Users/miu/Code/peach-cat/.cache/vcv-library-sources/SurgeXTRack/640153d4e70896a707bc3a7cbff1d375c44581b6/surge/src/common/globals.h:62:
In file included from /Users/miu/Code/peach-cat/.cache/vcv-library-sources/SurgeXTRack/640153d4e70896a707bc3a7cbff1d375c44581b6/surge/libs/simde/simde/x86/sse2.h:35:
In file included from /Users/miu/Code/peach-cat/.cache/vcv-library-sources/SurgeXTRack/640153d4e70896a707bc3a7cbff1d375c44581b6/surge/libs/simde/simde/x86/sse.h:33:
In file included from /Users/miu/Code/peach-cat/.cache/vcv-library-sources/SurgeXTRack/640153d4e70896a707bc3a7cbff1d375c44581b6/surge/libs/simde/simde/x86/mmx.h:30:
In file included from /Users/miu/Code/peach-cat/.cache/vcv-library-sources/SurgeXTRack/640153d4e70896a707bc3a7cbff1d375c44581b6/surge/libs/simde/simde/x86/../simde-common.h:47:
/Users/miu/Code/peach-cat/.cache/vcv-library-sources/SurgeXTRack/640153d4e70896a707bc3a7cbff1d375c44581b6/surge/libs/simde/simde/x86/../simde-math.h:1289:47: warning: macro '__EMSCRIPTEN_major__' has been marked as deprecated: Use __EMSCRIPTEN_MAJOR__ instead [-Wdeprecated-pragma]
 1289 |      ((!defined(HEDLEY_EMSCRIPTEN_VERSION) || HEDLEY_EMSCRIPTEN_VERSION_CHECK(3, 1, 43)) && HEDLEY_HAS_BUILTIN(__builtin_roundevenf)) || \
      |                                               ^
/Users/miu/Code/peach-cat/.cache/vcv-library-sources/SurgeXTRack/640153d4e70896a707bc3a7cbff1d375c44581b6/surge/libs/simde/simde/x86/../hedley.h:195:63: note: expanded from macro 'HEDLEY_EMSCRIPTEN_VERSION_CHECK'
  195 | #  define HEDLEY_EMSCRIPTEN_VERSION_CHECK(major,minor,patch) (HEDLEY_EMSCRIPTEN_VERSION >= HEDLEY_VERSION_ENCODE(major, minor, patch))
      |                                                               ^
/Users/miu/Code/peach-cat/.cache/vcv-library-sources/SurgeXTRack/640153d4e70896a707bc3a7cbff1d375c44581b6/surge/libs/simde/simde/x86/../hedley.h:188:59: note: expanded from macro 'HEDLEY_EMSCRIPTEN_VERSION'
  188 | #  define HEDLEY_EMSCRIPTEN_VERSION HEDLEY_VERSION_ENCODE(__EMSCRIPTEN_major__, __EMSCRIPTEN_minor__, __EMSCRIPTEN_tiny__)
      |                                                           ^
/opt/homebrew/Cellar/emscripten/6.0.3/libexec/cache/sysroot/include/emscripten/version.h:10:82: note: macro marked 'deprecated' here
   10 | #pragma clang deprecated(__EMSCRIPTEN_major__, "Use __EMSCRIPTEN_MAJOR__ instead")
      |                                                                                  ^
In file included from /Users/miu/Code/peach-cat/.cache/vcv-library-sources/SurgeXTRack/640153d4e70896a707bc3a7cbff1d375c44581b6/surge/src/common/SurgePatch.cpp:23:
In file included from /Users/miu/Code/peach-cat/.cache/vcv-library-sources/SurgeXTRack/640153d4e70896a707bc3a7cbff1d375c44581b6/surge/src/common/SurgeStorage.h:25:
In file included from /Users/miu/Code/peach-cat/.cache/vcv-library-sources/SurgeXTRack/640153d4e70896a707bc3a7cbff1d375c44581b6/surge/src/common/globals.h:62:
In file included from /Users/miu/Code/peach-cat/.cache/vcv-library-sources/SurgeXTRack/640153d4e70896a707bc3a7cbff1d375c44581b6/surge/libs/simde/simde/x86/sse2.h:35:
In file included from /Users/miu/Code/peach-cat/.cache/vcv-library-sources/SurgeXTRack/640153d4e70896a707bc3a7cbff1d375c44581b6/surge/libs/simde/simde/x86/sse.h:33:
In file included from /Users/miu/Code/peach-cat/.cache/vcv-library-sources/SurgeXTRack/640153d4e70896a707bc3a7cbff1d375c44581b6/surge/libs/simde/simde/x86/mmx.h:30:
In file included from /Users/miu/Code/peach-cat/.cache/vcv-library-sources/SurgeXTRack/640153d4e70896a707bc3a7cbff1d375c44581b6/surge/libs/simde/simde/x86/../simde-common.h:47:
/Users/miu/Code/peach-cat/.cache/vcv-library-sources/SurgeXTRack/640153d4e70896a707bc3a7cbff1d375c44581b6/surge/libs/simde/simde/x86/../simde-math.h:1289:47: warning: macro '__EMSCRIPTEN_minor__' has been marked as deprecated: Use __EMSCRIPTEN_MINOR__ instead [-Wdeprecated-pragma]
 1289 |      ((!defined(HEDLEY_EMSCRIPTEN_VERSION) || HEDLEY_EMSCRIPTEN_VERSION_CHECK(3, 1, 43)) && HEDLEY_HAS_BUILTIN(__builtin_roundevenf)) || \
      |                                               ^
/Users/miu/Code/peach-cat/.cache/vcv-library-sources/SurgeXTRack/640153d4e70896a707bc3a7cbff1d375c44581b6/surge/libs/simde/simde/x86/../hedley.h:195:63: note: expanded from macro 'HEDLEY_EMSCRIPTEN_VERSION_CHECK'
  195 | #  define HEDLEY_EMSCRIPTEN_VERSION_CHECK(major,minor,patch) (HEDLEY_EMSCRIPTEN_VERSION >= HEDLEY_VERSION_ENCODE(major, minor, patch))
      |                                                               ^
/Users/miu/Code/peach-cat/.cache/vcv-library-sources/SurgeXTRack/640153d4e70896a707bc3a7cbff1d375c44581b6/surge/libs/simde/simde/x86/../hedley.h:188:81: note: expanded from macro 'HEDLEY_EMSCRIPTEN_VERSION'
  188 | #  define HEDLEY_EMSCRIPTEN_VERSION HEDLEY_VERSION_ENCODE(__EMSCRIPTEN_major__, __EMSCRIPTEN_minor__, __EMSCRIPTEN_tiny__)
      |                                                                                 ^
/opt/homebrew/Cellar/emscripten/6.0.3/libexec/cache/sysroot/include/emscripten/version.h:11:82: note: macro marked 'deprecated' here
   11 | #pragma clang deprecated(__EMSCRIPTEN_minor__, "Use __EMSCRIPTEN_MINOR__ instead")
      |                                                                                  ^
In file included from /Users/miu/Code/peach-cat/.cache/vcv-library-sources/SurgeXTRack/640153d4e70896a707bc3a7cbff1d375c44581b6/surge/src/common/SurgePatch.cpp:23:
In file included from /Users/miu/Code/peach-cat/.cache/vcv-library-sources/SurgeXTRack/640153d4e70896a707bc3a7cbff1d375c44581b6/surge/src/common/SurgeStorage.h:25:
In file included from /Users/miu/Code/peach-cat/.cache/vcv-library-sources/SurgeXTRack/640153d4e70896a707bc3a7cbff1d375c44581b6/surge/src/common/globals.h:62:
In file included from /Users/miu/Code/peach-cat/.cache/vcv-library-sources/SurgeXTRack/640153d4e70896a707bc3a7cbff1d375c44581b6/surge/libs/simde/simde/x86/sse2.h:35:
In file included from /Users/miu/Code/peach-cat/.cache/vcv-library-sources/SurgeXTRack/640153d4e70896a707bc3a7cbff1d375c44581b6/surge/libs/simde/simde/x86/sse.h:33:
In file included from /Users/miu/Code/peach-cat/.cache/vcv-library-sources/SurgeXTRack/640153d4e70896a707bc3a7cbff1d375c44581b6/surge/libs/simde/simde/x86/mmx.h:30:
In file included from /Users/miu/Code/peach-cat/.cache/vcv-library-sources/SurgeXTRack/640153d4e70896a707bc3a7cbff1d375c44581b6/surge/libs/simde/simde/x86/../simde-common.h:47:
/Users/miu/Code/peach-cat/.cache/vcv-library-sources/SurgeXTRack/640153d4e70896a707bc3a7cbff1d375c44581b6/surge/libs/simde/simde/x86/../simde-math.h:1289:47: warning: macro '__EMSCRIPTEN_tiny__' has been marked as deprecated: Use __EMSCRIPTEN_TINY__ instead [-Wdeprecated-pragma]
 1289 |      ((!defined(HEDLEY_EMSCRIPTEN_VERSION) || HEDLEY_EMSCRIPTEN_VERSION_CHECK(3, 1, 43)) && HEDLEY_HAS_BUILTIN(__builtin_roundevenf)) || \
      |                                               ^
/Users/miu/Code/peach-cat/.cache/vcv-library-sources/SurgeXTRack/640153d4e70896a707bc3a7cbff1d375c44581b6/surge/libs/simde/simde/x86/../hedley.h:195:63: note: expanded from macro 'HEDLEY_EMSCRIPTEN_VERSION_CHECK'
  195 | #  define HEDLEY_EMSCRIPTEN_VERSION_CHECK(major,minor,patch) (HEDLEY_EMSCRIPTEN_VERSION >= HEDLEY_VERSION_ENCODE(major, minor, patch))
      |                                                               ^
/Users/miu/Code/peach-cat/.cache/vcv-library-sources/SurgeXTRack/640153d4e70896a707bc3a7cbff1d375c44581b6/surge/libs/simde/simde/x86/../hedley.h:188:103: note: expanded from macro 'HEDLEY_EMSCRIPTEN_VERSION'
  188 | #  define HEDLEY_EMSCRIPTEN_VERSION HEDLEY_VERSION_ENCODE(__EMSCRIPTEN_major__, __EMSCRIPTEN_minor__, __EMSCRIPTEN_tiny__)
      |                                                                                                       ^
/opt/homebrew/Cellar/emscripten/6.0.3/libexec/cache/sysroot/include/emscripten/version.h:12:80: note: macro marked 'deprecated' here
   12 | #pragma clang deprecated(__EMSCRIPTEN_tiny__, "Use __EMSCRIPTEN_TINY__ instead")
      |                                                                                ^
In file included from /Users/miu/Code/peach-cat/.cache/vcv-library-sources/SurgeXTRack/640153d4e70896a707bc3a7cbff1d375c44581b6/surge/src/common/SurgePatch.cpp:37:
/Users/miu/Code/peach-cat/.cache/vcv-library-sources/SurgeXTRack/640153d4e70896a707bc3a7cbff1d375c44581b6/surge/libs/fmt/include/fmt/format.h:4168:27: warning: identifier '_a' preceded by whitespace in a literal operator declaration is deprecated [-Wdeprecated-literal-operator]
 4168 | constexpr auto operator"" _a(const char* s, size_t) -> detail::udl_arg<char> {
      |                ~~~~~~~~~~~^~
      |                operator""_a
7 warnings generated.
In file included from /Users/miu/Code/peach-cat/.cache/vcv-library-sources/SurgeXTRack/640153d4e70896a707bc3a7cbff1d375c44581b6/surge/src/common/dsp/modulators/MSEGModulationHelper.cpp:23:
In file included from /Users/miu/Code/peach-cat/.cache/vcv-library-sources/SurgeXTRack/640153d4e70896a707bc3a7cbff1d375c44581b6/surge/src/common/dsp/modulators/MSEGModulationHelper.h:25:
In file included from /Users/miu/Code/peach-cat/.cache/vcv-library-sources/SurgeXTRack/640153d4e70896a707bc3a7cbff1d375c44581b6/surge/src/common/SurgeStorage.h:25:
In file included from /Users/miu/Code/peach-cat/.cache/vcv-library-sources/SurgeXTRack/640153d4e70896a707bc3a7cbff1d375c44581b6/surge/src/common/globals.h:62:
In file included from /Users/miu/Code/peach-cat/.cache/vcv-library-sources/SurgeXTRack/640153d4e70896a707bc3a7cbff1d375c44581b6/surge/libs/simde/simde/x86/sse2.h:35:
In file included from /Users/miu/Code/peach-cat/.cache/vcv-library-sources/SurgeXTRack/640153d4e70896a707bc3a7cbff1d375c44581b6/surge/libs/simde/simde/x86/sse.h:33:
In file included from /Users/miu/Code/peach-cat/.cache/vcv-library-sources/SurgeXTRack/640153d4e70896a707bc3a7cbff1d375c44581b6/surge/libs/simde/simde/x86/mmx.h:30:
In file included from /Users/miu/Code/peach-cat/.cache/vcv-library-sources/SurgeXTRack/640153d4e70896a707bc3a7cbff1d375c44581b6/surge/libs/simde/simde/x86/../simde-common.h:47:
/Users/miu/Code/peach-cat/.cache/vcv-library-sources/SurgeXTRack/640153d4e70896a707bc3a7cbff1d375c44581b6/surge/libs/simde/simde/x86/../simde-math.h:1269:47: warning: macro '__EMSCRIPTEN_major__' has been marked as deprecated: Use __EMSCRIPTEN_MAJOR__ instead [-Wdeprecated-pragma]
 1269 |      ((!defined(HEDLEY_EMSCRIPTEN_VERSION) || HEDLEY_EMSCRIPTEN_VERSION_CHECK(3, 1, 43)) && HEDLEY_HAS_BUILTIN(__builtin_roundeven)) || \
      |                                               ^
/Users/miu/Code/peach-cat/.cache/vcv-library-sources/SurgeXTRack/640153d4e70896a707bc3a7cbff1d375c44581b6/surge/libs/simde/simde/x86/../hedley.h:195:63: note: expanded from macro 'HEDLEY_EMSCRIPTEN_VERSION_CHECK'
  195 | #  define HEDLEY_EMSCRIPTEN_VERSION_CHECK(major,minor,patch) (HEDLEY_EMSCRIPTEN_VERSION >= HEDLEY_VERSION_ENCODE(major, minor, patch))
      |                                                               ^
/Users/miu/Code/peach-cat/.cache/vcv-library-sources/SurgeXTRack/640153d4e70896a707bc3a7cbff1d375c44581b6/surge/libs/simde/simde/x86/../hedley.h:188:59: note: expanded from macro 'HEDLEY_EMSCRIPTEN_VERSION'
  188 | #  define HEDLEY_EMSCRIPTEN_VERSION HEDLEY_VERSION_ENCODE(__EMSCRIPTEN_major__, __EMSCRIPTEN_minor__, __EMSCRIPTEN_tiny__)
      |                                                           ^
/opt/homebrew/Cellar/emscripten/6.0.3/libexec/cache/sysroot/include/emscripten/version.h:10:82: note: macro marked 'deprecated' here
   10 | #pragma clang deprecated(__EMSCRIPTEN_major__, "Use __EMSCRIPTEN_MAJOR__ instead")
      |                                                                                  ^
In file included from /Users/miu/Code/peach-cat/.cache/vcv-library-sources/SurgeXTRack/640153d4e70896a707bc3a7cbff1d375c44581b6/surge/src/common/dsp/modulators/MSEGModulationHelper.cpp:23:
In file included from /Users/miu/Code/peach-cat/.cache/vcv-library-sources/SurgeXTRack/640153d4e70896a707bc3a7cbff1d375c44581b6/surge/src/common/dsp/modulators/MSEGModulationHelper.h:25:
In file included from /Users/miu/Code/peach-cat/.cache/vcv-library-sources/SurgeXTRack/640153d4e70896a707bc3a7cbff1d375c44581b6/surge/src/common/SurgeStorage.h:25:
In file included from /Users/miu/Code/peach-cat/.cache/vcv-library-sources/SurgeXTRack/640153d4e70896a707bc3a7cbff1d375c44581b6/surge/src/common/globals.h:62:
In file included from /Users/miu/Code/peach-cat/.cache/vcv-library-sources/SurgeXTRack/640153d4e70896a707bc3a7cbff1d375c44581b6/surge/libs/simde/simde/x86/sse2.h:35:
In file included from /Users/miu/Code/peach-cat/.cache/vcv-library-sources/SurgeXTRack/640153d4e70896a707bc3a7cbff1d375c44581b6/surge/libs/simde/simde/x86/sse.h:33:
In file included from /Users/miu/Code/peach-cat/.cache/vcv-library-sources/SurgeXTRack/640153d4e70896a707bc3a7cbff1d375c44581b6/surge/libs/simde/simde/x86/mmx.h:30:
In file included from /Users/miu/Code/peach-cat/.cache/vcv-library-sources/SurgeXTRack/640153d4e70896a707bc3a7cbff1d375c44581b6/surge/libs/simde/simde/x86/../simde-common.h:47:
/Users/miu/Code/peach-cat/.cache/vcv-library-sources/SurgeXTRack/640153d4e70896a707bc3a7cbff1d375c44581b6/surge/libs/simde/simde/x86/../simde-math.h:1269:47: warning: macro '__EMSCRIPTEN_minor__' has been marked as deprecated: Use __EMSCRIPTEN_MINOR__ instead [-Wdeprecated-pragma]
 1269 |      ((!defined(HEDLEY_EMSCRIPTEN_VERSION) || HEDLEY_EMSCRIPTEN_VERSION_CHECK(3, 1, 43)) && HEDLEY_HAS_BUILTIN(__builtin_roundeven)) || \
      |                                               ^
/Users/miu/Code/peach-cat/.cache/vcv-library-sources/SurgeXTRack/640153d4e70896a707bc3a7cbff1d375c44581b6/surge/libs/simde/simde/x86/../hedley.h:195:63: note: expanded from macro 'HEDLEY_EMSCRIPTEN_VERSION_CHECK'
  195 | #  define HEDLEY_EMSCRIPTEN_VERSION_CHECK(major,minor,patch) (HEDLEY_EMSCRIPTEN_VERSION >= HEDLEY_VERSION_ENCODE(major, minor, patch))
      |                                                               ^
/Users/miu/Code/peach-cat/.cache/vcv-library-sources/SurgeXTRack/640153d4e70896a707bc3a7cbff1d375c44581b6/surge/libs/simde/simde/x86/../hedley.h:188:81: note: expanded from macro 'HEDLEY_EMSCRIPTEN_VERSION'
  188 | #  define HEDLEY_EMSCRIPTEN_VERSION HEDLEY_VERSION_ENCODE(__EMSCRIPTEN_major__, __EMSCRIPTEN_minor__, __EMSCRIPTEN_tiny__)
      |                                                                                 ^
/opt/homebrew/Cellar/emscripten/6.0.3/libexec/cache/sysroot/include/emscripten/version.h:11:82: note: macro marked 'deprecated' here
   11 | #pragma clang deprecated(__EMSCRIPTEN_minor__, "Use __EMSCRIPTEN_MINOR__ instead")
      |                                                                                  ^
In file included from /Users/miu/Code/peach-cat/.cache/vcv-library-sources/SurgeXTRack/640153d4e70896a707bc3a7cbff1d375c44581b6/surge/src/common/dsp/modulators/MSEGModulationHelper.cpp:23:
In file included from /Users/miu/Code/peach-cat/.cache/vcv-library-sources/SurgeXTRack/640153d4e70896a707bc3a7cbff1d375c44581b6/surge/src/common/dsp/modulators/MSEGModulationHelper.h:25:
In file included from /Users/miu/Code/peach-cat/.cache/vcv-library-sources/SurgeXTRack/640153d4e70896a707bc3a7cbff1d375c44581b6/surge/src/common/SurgeStorage.h:25:
In file included from /Users/miu/Code/peach-cat/.cache/vcv-library-sources/SurgeXTRack/640153d4e70896a707bc3a7cbff1d375c44581b6/surge/src/common/globals.h:62:
In file included from /Users/miu/Code/peach-cat/.cache/vcv-library-sources/SurgeXTRack/640153d4e70896a707bc3a7cbff1d375c44581b6/surge/libs/simde/simde/x86/sse2.h:35:
In file included from /Users/miu/Code/peach-cat/.cache/vcv-library-sources/SurgeXTRack/640153d4e70896a707bc3a7cbff1d375c44581b6/surge/libs/simde/simde/x86/sse.h:33:
In file included from /Users/miu/Code/peach-cat/.cache/vcv-library-sources/SurgeXTRack/640153d4e70896a707bc3a7cbff1d375c44581b6/surge/libs/simde/simde/x86/mmx.h:30:
In file included from /Users/miu/Code/peach-cat/.cache/vcv-library-sources/SurgeXTRack/640153d4e70896a707bc3a7cbff1d375c44581b6/surge/libs/simde/simde/x86/../simde-common.h:47:
/Users/miu/Code/peach-cat/.cache/vcv-library-sources/SurgeXTRack/640153d4e70896a707bc3a7cbff1d375c44581b6/surge/libs/simde/simde/x86/../simde-math.h:1269:47: warning: macro '__EMSCRIPTEN_tiny__' has been marked as deprecated: Use __EMSCRIPTEN_TINY__ instead [-Wdeprecated-pragma]
 1269 |      ((!defined(HEDLEY_EMSCRIPTEN_VERSION) || HEDLEY_EMSCRIPTEN_VERSION_CHECK(3, 1, 43)) && HEDLEY_HAS_BUILTIN(__builtin_roundeven)) || \
      |                                               ^
/Users/miu/Code/peach-cat/.cache/vcv-library-sources/SurgeXTRack/640153d4e70896a707bc3a7cbff1d375c44581b6/surge/libs/simde/simde/x86/../hedley.h:195:63: note: expanded from macro 'HEDLEY_EMSCRIPTEN_VERSION_CHECK'
  195 | #  define HEDLEY_EMSCRIPTEN_VERSION_CHECK(major,minor,patch) (HEDLEY_EMSCRIPTEN_VERSION >= HEDLEY_VERSION_ENCODE(major, minor, patch))
      |                                                               ^
/Users/miu/Code/peach-cat/.cache/vcv-library-sources/SurgeXTRack/640153d4e70896a707bc3a7cbff1d375c44581b6/surge/libs/simde/simde/x86/../hedley.h:188:103: note: expanded from macro 'HEDLEY_EMSCRIPTEN_VERSION'
  188 | #  define HEDLEY_EMSCRIPTEN_VERSION HEDLEY_VERSION_ENCODE(__EMSCRIPTEN_major__, __EMSCRIPTEN_minor__, __EMSCRIPTEN_tiny__)
      |                                                                                                       ^
/opt/homebrew/Cellar/emscripten/6.0.3/libexec/cache/sysroot/include/emscripten/version.h:12:80: note: macro marked 'deprecated' here
   12 | #pragma clang deprecated(__EMSCRIPTEN_tiny__, "Use __EMSCRIPTEN_TINY__ instead")
      |                                                                                ^
In file included from /Users/miu/Code/peach-cat/.cache/vcv-library-sources/SurgeXTRack/640153d4e70896a707bc3a7cbff1d375c44581b6/surge/src/common/dsp/modulators/MSEGModulationHelper.cpp:23:
In file included from /Users/miu/Code/peach-cat/.cache/vcv-library-sources/SurgeXTRack/640153d4e70896a707bc3a7cbff1d375c44581b6/surge/src/common/dsp/modulators/MSEGModulationHelper.h:25:
In file included from /Users/miu/Code/peach-cat/.cache/vcv-library-sources/SurgeXTRack/640153d4e70896a707bc3a7cbff1d375c44581b6/surge/src/common/SurgeStorage.h:25:
In file included from /Users/miu/Code/peach-cat/.cache/vcv-library-sources/SurgeXTRack/640153d4e70896a707bc3a7cbff1d375c44581b6/surge/src/common/globals.h:62:
In file included from /Users/miu/Code/peach-cat/.cache/vcv-library-sources/SurgeXTRack/640153d4e70896a707bc3a7cbff1d375c44581b6/surge/libs/simde/simde/x86/sse2.h:35:
In file included from /Users/miu/Code/peach-cat/.cache/vcv-library-sources/SurgeXTRack/640153d4e70896a707bc3a7cbff1d375c44581b6/surge/libs/simde/simde/x86/sse.h:33:
In file included from /Users/miu/Code/peach-cat/.cache/vcv-library-sources/SurgeXTRack/640153d4e70896a707bc3a7cbff1d375c44581b6/surge/libs/simde/simde/x86/mmx.h:30:
In file included from /Users/miu/Code/peach-cat/.cache/vcv-library-sources/SurgeXTRack/640153d4e70896a707bc3a7cbff1d375c44581b6/surge/libs/simde/simde/x86/../simde-common.h:47:
/Users/miu/Code/peach-cat/.cache/vcv-library-sources/SurgeXTRack/640153d4e70896a707bc3a7cbff1d375c44581b6/surge/libs/simde/simde/x86/../simde-math.h:1289:47: warning: macro '__EMSCRIPTEN_major__' has been marked as deprecated: Use __EMSCRIPTEN_MAJOR__ instead [-Wdeprecated-pragma]
 1289 |      ((!defined(HEDLEY_EMSCRIPTEN_VERSION) || HEDLEY_EMSCRIPTEN_VERSION_CHECK(3, 1, 43)) && HEDLEY_HAS_BUILTIN(__builtin_roundevenf)) || \
      |                                               ^
/Users/miu/Code/peach-cat/.cache/vcv-library-sources/SurgeXTRack/640153d4e70896a707bc3a7cbff1d375c44581b6/surge/libs/simde/simde/x86/../hedley.h:195:63: note: expanded from macro 'HEDLEY_EMSCRIPTEN_VERSION_CHECK'
  195 | #  define HEDLEY_EMSCRIPTEN_VERSION_CHECK(major,minor,patch) (HEDLEY_EMSCRIPTEN_VERSION >= HEDLEY_VERSION_ENCODE(major, minor, patch))
      |                                                               ^
/Users/miu/Code/peach-cat/.cache/vcv-library-sources/SurgeXTRack/640153d4e70896a707bc3a7cbff1d375c44581b6/surge/libs/simde/simde/x86/../hedley.h:188:59: note: expanded from macro 'HEDLEY_EMSCRIPTEN_VERSION'
  188 | #  define HEDLEY_EMSCRIPTEN_VERSION HEDLEY_VERSION_ENCODE(__EMSCRIPTEN_major__, __EMSCRIPTEN_minor__, __EMSCRIPTEN_tiny__)
      |                                                           ^
/opt/homebrew/Cellar/emscripten/6.0.3/libexec/cache/sysroot/include/emscripten/version.h:10:82: note: macro marked 'deprecated' here
   10 | #pragma clang deprecated(__EMSCRIPTEN_major__, "Use __EMSCRIPTEN_MAJOR__ instead")
      |                                                                                  ^
In file included from /Users/miu/Code/peach-cat/.cache/vcv-library-sources/SurgeXTRack/640153d4e70896a707bc3a7cbff1d375c44581b6/surge/src/common/dsp/modulators/MSEGModulationHelper.cpp:23:
In file included from /Users/miu/Code/peach-cat/.cache/vcv-library-sources/SurgeXTRack/640153d4e70896a707bc3a7cbff1d375c44581b6/surge/src/common/dsp/modulators/MSEGModulationHelper.h:25:
In file included from /Users/miu/Code/peach-cat/.cache/vcv-library-sources/SurgeXTRack/640153d4e70896a707bc3a7cbff1d375c44581b6/surge/src/common/SurgeStorage.h:25:
In file included from /Users/miu/Code/peach-cat/.cache/vcv-library-sources/SurgeXTRack/640153d4e70896a707bc3a7cbff1d375c44581b6/surge/src/common/globals.h:62:
In file included from /Users/miu/Code/peach-cat/.cache/vcv-library-sources/SurgeXTRack/640153d4e70896a707bc3a7cbff1d375c44581b6/surge/libs/simde/simde/x86/sse2.h:35:
In file included from /Users/miu/Code/peach-cat/.cache/vcv-library-sources/SurgeXTRack/640153d4e70896a707bc3a7cbff1d375c44581b6/surge/libs/simde/simde/x86/sse.h:33:
In file included from /Users/miu/Code/peach-cat/.cache/vcv-library-sources/SurgeXTRack/640153d4e70896a707bc3a7cbff1d375c44581b6/surge/libs/simde/simde/x86/mmx.h:30:
In file included from /Users/miu/Code/peach-cat/.cache/vcv-library-sources/SurgeXTRack/640153d4e70896a707bc3a7cbff1d375c44581b6/surge/libs/simde/simde/x86/../simde-common.h:47:
/Users/miu/Code/peach-cat/.cache/vcv-library-sources/SurgeXTRack/640153d4e70896a707bc3a7cbff1d375c44581b6/surge/libs/simde/simde/x86/../simde-math.h:1289:47: warning: macro '__EMSCRIPTEN_minor__' has been marked as deprecated: Use __EMSCRIPTEN_MINOR__ instead [-Wdeprecated-pragma]
 1289 |      ((!defined(HEDLEY_EMSCRIPTEN_VERSION) || HEDLEY_EMSCRIPTEN_VERSION_CHECK(3, 1, 43)) && HEDLEY_HAS_BUILTIN(__builtin_roundevenf)) || \
      |                                               ^
/Users/miu/Code/peach-cat/.cache/vcv-library-sources/SurgeXTRack/640153d4e70896a707bc3a7cbff1d375c44581b6/surge/libs/simde/simde/x86/../hedley.h:195:63: note: expanded from macro 'HEDLEY_EMSCRIPTEN_VERSION_CHECK'
  195 | #  define HEDLEY_EMSCRIPTEN_VERSION_CHECK(major,minor,patch) (HEDLEY_EMSCRIPTEN_VERSION >= HEDLEY_VERSION_ENCODE(major, minor, patch))
      |                                                               ^
/Users/miu/Code/peach-cat/.cache/vcv-library-sources/SurgeXTRack/640153d4e70896a707bc3a7cbff1d375c44581b6/surge/libs/simde/simde/x86/../hedley.h:188:81: note: expanded from macro 'HEDLEY_EMSCRIPTEN_VERSION'
  188 | #  define HEDLEY_EMSCRIPTEN_VERSION HEDLEY_VERSION_ENCODE(__EMSCRIPTEN_major__, __EMSCRIPTEN_minor__, __EMSCRIPTEN_tiny__)
      |                                                                                 ^
/opt/homebrew/Cellar/emscripten/6.0.3/libexec/cache/sysroot/include/emscripten/version.h:11:82: note: macro marked 'deprecated' here
   11 | #pragma clang deprecated(__EMSCRIPTEN_minor__, "Use __EMSCRIPTEN_MINOR__ instead")
      |                                                                                  ^
In file included from /Users/miu/Code/peach-cat/.cache/vcv-library-sources/SurgeXTRack/640153d4e70896a707bc3a7cbff1d375c44581b6/surge/src/common/dsp/modulators/MSEGModulationHelper.cpp:23:
In file included from /Users/miu/Code/peach-cat/.cache/vcv-library-sources/SurgeXTRack/640153d4e70896a707bc3a7cbff1d375c44581b6/surge/src/common/dsp/modulators/MSEGModulationHelper.h:25:
In file included from /Users/miu/Code/peach-cat/.cache/vcv-library-sources/SurgeXTRack/640153d4e70896a707bc3a7cbff1d375c44581b6/surge/src/common/SurgeStorage.h:25:
In file included from /Users/miu/Code/peach-cat/.cache/vcv-library-sources/SurgeXTRack/640153d4e70896a707bc3a7cbff1d375c44581b6/surge/src/common/globals.h:62:
In file included from /Users/miu/Code/peach-cat/.cache/vcv-library-sources/SurgeXTRack/640153d4e70896a707bc3a7cbff1d375c44581b6/surge/libs/simde/simde/x86/sse2.h:35:
In file included from /Users/miu/Code/peach-cat/.cache/vcv-library-sources/SurgeXTRack/640153d4e70896a707bc3a7cbff1d375c44581b6/surge/libs/simde/simde/x86/sse.h:33:
In file included from /Users/miu/Code/peach-cat/.cache/vcv-library-sources/SurgeXTRack/640153d4e70896a707bc3a7cbff1d375c44581b6/surge/libs/simde/simde/x86/mmx.h:30:
In file included from /Users/miu/Code/peach-cat/.cache/vcv-library-sources/SurgeXTRack/640153d4e70896a707bc3a7cbff1d375c44581b6/surge/libs/simde/simde/x86/../simde-common.h:47:
/Users/miu/Code/peach-cat/.cache/vcv-library-sources/SurgeXTRack/640153d4e70896a707bc3a7cbff1d375c44581b6/surge/libs/simde/simde/x86/../simde-math.h:1289:47: warning: macro '__EMSCRIPTEN_tiny__' has been marked as deprecated: Use __EMSCRIPTEN_TINY__ instead [-Wdeprecated-pragma]
 1289 |      ((!defined(HEDLEY_EMSCRIPTEN_VERSION) || HEDLEY_EMSCRIPTEN_VERSION_CHECK(3, 1, 43)) && HEDLEY_HAS_BUILTIN(__builtin_roundevenf)) || \
      |                                               ^
/Users/miu/Code/peach-cat/.cache/vcv-library-sources/SurgeXTRack/640153d4e70896a707bc3a7cbff1d375c44581b6/surge/libs/simde/simde/x86/../hedley.h:195:63: note: expanded from macro 'HEDLEY_EMSCRIPTEN_VERSION_CHECK'
  195 | #  define HEDLEY_EMSCRIPTEN_VERSION_CHECK(major,minor,patch) (HEDLEY_EMSCRIPTEN_VERSION >= HEDLEY_VERSION_ENCODE(major, minor, patch))
      |                                                               ^
/Users/miu/Code/peach-cat/.cache/vcv-library-sources/SurgeXTRack/640153d4e70896a707bc3a7cbff1d375c44581b6/surge/libs/simde/simde/x86/../hedley.h:188:103: note: expanded from macro 'HEDLEY_EMSCRIPTEN_VERSION'
  188 | #  define HEDLEY_EMSCRIPTEN_VERSION HEDLEY_VERSION_ENCODE(__EMSCRIPTEN_major__, __EMSCRIPTEN_minor__, __EMSCRIPTEN_tiny__)
      |                                                                                                       ^
/opt/homebrew/Cellar/emscripten/6.0.3/libexec/cache/sysroot/include/emscripten/version.h:12:80: note: macro marked 'deprecated' here
   12 | #pragma clang deprecated(__EMSCRIPTEN_tiny__, "Use __EMSCRIPTEN_TINY__ instead")
      |                                                                                ^
6 warnings generated.
In file included from /Users/miu/Code/peach-cat/.cache/vcv-library-sources/SurgeXTRack/640153d4e70896a707bc3a7cbff1d375c44581b6/surge/src/common/dsp/modulators/FormulaModulationHelper.cpp:23:
In file included from /Users/miu/Code/peach-cat/.cache/vcv-library-sources/SurgeXTRack/640153d4e70896a707bc3a7cbff1d375c44581b6/surge/src/common/dsp/modulators/FormulaModulationHelper.h:26:
In file included from /Users/miu/Code/peach-cat/.cache/vcv-library-sources/SurgeXTRack/640153d4e70896a707bc3a7cbff1d375c44581b6/surge/src/common/SurgeStorage.h:25:
In file included from /Users/miu/Code/peach-cat/.cache/vcv-library-sources/SurgeXTRack/640153d4e70896a707bc3a7cbff1d375c44581b6/surge/src/common/globals.h:62:
In file included from /Users/miu/Code/peach-cat/.cache/vcv-library-sources/SurgeXTRack/640153d4e70896a707bc3a7cbff1d375c44581b6/surge/libs/simde/simde/x86/sse2.h:35:
In file included from /Users/miu/Code/peach-cat/.cache/vcv-library-sources/SurgeXTRack/640153d4e70896a707bc3a7cbff1d375c44581b6/surge/libs/simde/simde/x86/sse.h:33:
In file included from /Users/miu/Code/peach-cat/.cache/vcv-library-sources/SurgeXTRack/640153d4e70896a707bc3a7cbff1d375c44581b6/surge/libs/simde/simde/x86/mmx.h:30:
In file included from /Users/miu/Code/peach-cat/.cache/vcv-library-sources/SurgeXTRack/640153d4e70896a707bc3a7cbff1d375c44581b6/surge/libs/simde/simde/x86/../simde-common.h:47:
/Users/miu/Code/peach-cat/.cache/vcv-library-sources/SurgeXTRack/640153d4e70896a707bc3a7cbff1d375c44581b6/surge/libs/simde/simde/x86/../simde-math.h:1269:47: warning: macro '__EMSCRIPTEN_major__' has been marked as deprecated: Use __EMSCRIPTEN_MAJOR__ instead [-Wdeprecated-pragma]
 1269 |      ((!defined(HEDLEY_EMSCRIPTEN_VERSION) || HEDLEY_EMSCRIPTEN_VERSION_CHECK(3, 1, 43)) && HEDLEY_HAS_BUILTIN(__builtin_roundeven)) || \
      |                                               ^
/Users/miu/Code/peach-cat/.cache/vcv-library-sources/SurgeXTRack/640153d4e70896a707bc3a7cbff1d375c44581b6/surge/libs/simde/simde/x86/../hedley.h:195:63: note: expanded from macro 'HEDLEY_EMSCRIPTEN_VERSION_CHECK'
  195 | #  define HEDLEY_EMSCRIPTEN_VERSION_CHECK(major,minor,patch) (HEDLEY_EMSCRIPTEN_VERSION >= HEDLEY_VERSION_ENCODE(major, minor, patch))
      |                                                               ^
/Users/miu/Code/peach-cat/.cache/vcv-library-sources/SurgeXTRack/640153d4e70896a707bc3a7cbff1d375c44581b6/surge/libs/simde/simde/x86/../hedley.h:188:59: note: expanded from macro 'HEDLEY_EMSCRIPTEN_VERSION'
  188 | #  define HEDLEY_EMSCRIPTEN_VERSION HEDLEY_VERSION_ENCODE(__EMSCRIPTEN_major__, __EMSCRIPTEN_minor__, __EMSCRIPTEN_tiny__)
      |                                                           ^
/opt/homebrew/Cellar/emscripten/6.0.3/libexec/cache/sysroot/include/emscripten/version.h:10:82: note: macro marked 'deprecated' here
   10 | #pragma clang deprecated(__EMSCRIPTEN_major__, "Use __EMSCRIPTEN_MAJOR__ instead")
      |                                                                                  ^
In file included from /Users/miu/Code/peach-cat/.cache/vcv-library-sources/SurgeXTRack/640153d4e70896a707bc3a7cbff1d375c44581b6/surge/src/common/dsp/modulators/FormulaModulationHelper.cpp:23:
In file included from /Users/miu/Code/peach-cat/.cache/vcv-library-sources/SurgeXTRack/640153d4e70896a707bc3a7cbff1d375c44581b6/surge/src/common/dsp/modulators/FormulaModulationHelper.h:26:
In file included from /Users/miu/Code/peach-cat/.cache/vcv-library-sources/SurgeXTRack/640153d4e70896a707bc3a7cbff1d375c44581b6/surge/src/common/SurgeStorage.h:25:
In file included from /Users/miu/Code/peach-cat/.cache/vcv-library-sources/SurgeXTRack/640153d4e70896a707bc3a7cbff1d375c44581b6/surge/src/common/globals.h:62:
In file included from /Users/miu/Code/peach-cat/.cache/vcv-library-sources/SurgeXTRack/640153d4e70896a707bc3a7cbff1d375c44581b6/surge/libs/simde/simde/x86/sse2.h:35:
In file included from /Users/miu/Code/peach-cat/.cache/vcv-library-sources/SurgeXTRack/640153d4e70896a707bc3a7cbff1d375c44581b6/surge/libs/simde/simde/x86/sse.h:33:
In file included from /Users/miu/Code/peach-cat/.cache/vcv-library-sources/SurgeXTRack/640153d4e70896a707bc3a7cbff1d375c44581b6/surge/libs/simde/simde/x86/mmx.h:30:
In file included from /Users/miu/Code/peach-cat/.cache/vcv-library-sources/SurgeXTRack/640153d4e70896a707bc3a7cbff1d375c44581b6/surge/libs/simde/simde/x86/../simde-common.h:47:
/Users/miu/Code/peach-cat/.cache/vcv-library-sources/SurgeXTRack/640153d4e70896a707bc3a7cbff1d375c44581b6/surge/libs/simde/simde/x86/../simde-math.h:1269:47: warning: macro '__EMSCRIPTEN_minor__' has been marked as deprecated: Use __EMSCRIPTEN_MINOR__ instead [-Wdeprecated-pragma]
 1269 |      ((!defined(HEDLEY_EMSCRIPTEN_VERSION) || HEDLEY_EMSCRIPTEN_VERSION_CHECK(3, 1, 43)) && HEDLEY_HAS_BUILTIN(__builtin_roundeven)) || \
      |                                               ^
/Users/miu/Code/peach-cat/.cache/vcv-library-sources/SurgeXTRack/640153d4e70896a707bc3a7cbff1d375c44581b6/surge/libs/simde/simde/x86/../hedley.h:195:63: note: expanded from macro 'HEDLEY_EMSCRIPTEN_VERSION_CHECK'
  195 | #  define HEDLEY_EMSCRIPTEN_VERSION_CHECK(major,minor,patch) (HEDLEY_EMSCRIPTEN_VERSION >= HEDLEY_VERSION_ENCODE(major, minor, patch))
      |                                                               ^
/Users/miu/Code/peach-cat/.cache/vcv-library-sources/SurgeXTRack/640153d4e70896a707bc3a7cbff1d375c44581b6/surge/libs/simde/simde/x86/../hedley.h:188:81: note: expanded from macro 'HEDLEY_EMSCRIPTEN_VERSION'
  188 | #  define HEDLEY_EMSCRIPTEN_VERSION HEDLEY_VERSION_ENCODE(__EMSCRIPTEN_major__, __EMSCRIPTEN_minor__, __EMSCRIPTEN_tiny__)
      |                                                                                 ^
/opt/homebrew/Cellar/emscripten/6.0.3/libexec/cache/sysroot/include/emscripten/version.h:11:82: note: macro marked 'deprecated' here
   11 | #pragma clang deprecated(__EMSCRIPTEN_minor__, "Use __EMSCRIPTEN_MINOR__ instead")
      |                                                                                  ^
In file included from /Users/miu/Code/peach-cat/.cache/vcv-library-sources/SurgeXTRack/640153d4e70896a707bc3a7cbff1d375c44581b6/surge/src/common/dsp/modulators/FormulaModulationHelper.cpp:23:
In file included from /Users/miu/Code/peach-cat/.cache/vcv-library-sources/SurgeXTRack/640153d4e70896a707bc3a7cbff1d375c44581b6/surge/src/common/dsp/modulators/FormulaModulationHelper.h:26:
In file included from /Users/miu/Code/peach-cat/.cache/vcv-library-sources/SurgeXTRack/640153d4e70896a707bc3a7cbff1d375c44581b6/surge/src/common/SurgeStorage.h:25:
In file included from /Users/miu/Code/peach-cat/.cache/vcv-library-sources/SurgeXTRack/640153d4e70896a707bc3a7cbff1d375c44581b6/surge/src/common/globals.h:62:
In file included from /Users/miu/Code/peach-cat/.cache/vcv-library-sources/SurgeXTRack/640153d4e70896a707bc3a7cbff1d375c44581b6/surge/libs/simde/simde/x86/sse2.h:35:
In file included from /Users/miu/Code/peach-cat/.cache/vcv-library-sources/SurgeXTRack/640153d4e70896a707bc3a7cbff1d375c44581b6/surge/libs/simde/simde/x86/sse.h:33:
In file included from /Users/miu/Code/peach-cat/.cache/vcv-library-sources/SurgeXTRack/640153d4e70896a707bc3a7cbff1d375c44581b6/surge/libs/simde/simde/x86/mmx.h:30:
In file included from /Users/miu/Code/peach-cat/.cache/vcv-library-sources/SurgeXTRack/640153d4e70896a707bc3a7cbff1d375c44581b6/surge/libs/simde/simde/x86/../simde-common.h:47:
/Users/miu/Code/peach-cat/.cache/vcv-library-sources/SurgeXTRack/640153d4e70896a707bc3a7cbff1d375c44581b6/surge/libs/simde/simde/x86/../simde-math.h:1269:47: warning: macro '__EMSCRIPTEN_tiny__' has been marked as deprecated: Use __EMSCRIPTEN_TINY__ instead [-Wdeprecated-pragma]
 1269 |      ((!defined(HEDLEY_EMSCRIPTEN_VERSION) || HEDLEY_EMSCRIPTEN_VERSION_CHECK(3, 1, 43)) && HEDLEY_HAS_BUILTIN(__builtin_roundeven)) || \
      |                                               ^
/Users/miu/Code/peach-cat/.cache/vcv-library-sources/SurgeXTRack/640153d4e70896a707bc3a7cbff1d375c44581b6/surge/libs/simde/simde/x86/../hedley.h:195:63: note: expanded from macro 'HEDLEY_EMSCRIPTEN_VERSION_CHECK'
  195 | #  define HEDLEY_EMSCRIPTEN_VERSION_CHECK(major,minor,patch) (HEDLEY_EMSCRIPTEN_VERSION >= HEDLEY_VERSION_ENCODE(major, minor, patch))
      |                                                               ^
/Users/miu/Code/peach-cat/.cache/vcv-library-sources/SurgeXTRack/640153d4e70896a707bc3a7cbff1d375c44581b6/surge/libs/simde/simde/x86/../hedley.h:188:103: note: expanded from macro 'HEDLEY_EMSCRIPTEN_VERSION'
  188 | #  define HEDLEY_EMSCRIPTEN_VERSION HEDLEY_VERSION_ENCODE(__EMSCRIPTEN_major__, __EMSCRIPTEN_minor__, __EMSCRIPTEN_tiny__)
      |                                                                                                       ^
/opt/homebrew/Cellar/emscripten/6.0.3/libexec/cache/sysroot/include/emscripten/version.h:12:80: note: macro marked 'deprecated' here
   12 | #pragma clang deprecated(__EMSCRIPTEN_tiny__, "Use __EMSCRIPTEN_TINY__ instead")
      |                                                                                ^
In file included from /Users/miu/Code/peach-cat/.cache/vcv-library-sources/SurgeXTRack/640153d4e70896a707bc3a7cbff1d375c44581b6/surge/src/common/dsp/modulators/FormulaModulationHelper.cpp:23:
In file included from /Users/miu/Code/peach-cat/.cache/vcv-library-sources/SurgeXTRack/640153d4e70896a707bc3a7cbff1d375c44581b6/surge/src/common/dsp/modulators/FormulaModulationHelper.h:26:
In file included from /Users/miu/Code/peach-cat/.cache/vcv-library-sources/SurgeXTRack/640153d4e70896a707bc3a7cbff1d375c44581b6/surge/src/common/SurgeStorage.h:25:
In file included from /Users/miu/Code/peach-cat/.cache/vcv-library-sources/SurgeXTRack/640153d4e70896a707bc3a7cbff1d375c44581b6/surge/src/common/globals.h:62:
In file included from /Users/miu/Code/peach-cat/.cache/vcv-library-sources/SurgeXTRack/640153d4e70896a707bc3a7cbff1d375c44581b6/surge/libs/simde/simde/x86/sse2.h:35:
In file included from /Users/miu/Code/peach-cat/.cache/vcv-library-sources/SurgeXTRack/640153d4e70896a707bc3a7cbff1d375c44581b6/surge/libs/simde/simde/x86/sse.h:33:
In file included from /Users/miu/Code/peach-cat/.cache/vcv-library-sources/SurgeXTRack/640153d4e70896a707bc3a7cbff1d375c44581b6/surge/libs/simde/simde/x86/mmx.h:30:
In file included from /Users/miu/Code/peach-cat/.cache/vcv-library-sources/SurgeXTRack/640153d4e70896a707bc3a7cbff1d375c44581b6/surge/libs/simde/simde/x86/../simde-common.h:47:
/Users/miu/Code/peach-cat/.cache/vcv-library-sources/SurgeXTRack/640153d4e70896a707bc3a7cbff1d375c44581b6/surge/libs/simde/simde/x86/../simde-math.h:1289:47: warning: macro '__EMSCRIPTEN_major__' has been marked as deprecated: Use __EMSCRIPTEN_MAJOR__ instead [-Wdeprecated-pragma]
 1289 |      ((!defined(HEDLEY_EMSCRIPTEN_VERSION) || HEDLEY_EMSCRIPTEN_VERSION_CHECK(3, 1, 43)) && HEDLEY_HAS_BUILTIN(__builtin_roundevenf)) || \
      |                                               ^
/Users/miu/Code/peach-cat/.cache/vcv-library-sources/SurgeXTRack/640153d4e70896a707bc3a7cbff1d375c44581b6/surge/libs/simde/simde/x86/../hedley.h:195:63: note: expanded from macro 'HEDLEY_EMSCRIPTEN_VERSION_CHECK'
  195 | #  define HEDLEY_EMSCRIPTEN_VERSION_CHECK(major,minor,patch) (HEDLEY_EMSCRIPTEN_VERSION >= HEDLEY_VERSION_ENCODE(major, minor, patch))
      |                                                               ^
/Users/miu/Code/peach-cat/.cache/vcv-library-sources/SurgeXTRack/640153d4e70896a707bc3a7cbff1d375c44581b6/surge/libs/simde/simde/x86/../hedley.h:188:59: note: expanded from macro 'HEDLEY_EMSCRIPTEN_VERSION'
  188 | #  define HEDLEY_EMSCRIPTEN_VERSION HEDLEY_VERSION_ENCODE(__EMSCRIPTEN_major__, __EMSCRIPTEN_minor__, __EMSCRIPTEN_tiny__)
      |                                                           ^
/opt/homebrew/Cellar/emscripten/6.0.3/libexec/cache/sysroot/include/emscripten/version.h:10:82: note: macro marked 'deprecated' here
   10 | #pragma clang deprecated(__EMSCRIPTEN_major__, "Use __EMSCRIPTEN_MAJOR__ instead")
      |                                                                                  ^
In file included from /Users/miu/Code/peach-cat/.cache/vcv-library-sources/SurgeXTRack/640153d4e70896a707bc3a7cbff1d375c44581b6/surge/src/common/dsp/modulators/FormulaModulationHelper.cpp:23:
In file included from /Users/miu/Code/peach-cat/.cache/vcv-library-sources/SurgeXTRack/640153d4e70896a707bc3a7cbff1d375c44581b6/surge/src/common/dsp/modulators/FormulaModulationHelper.h:26:
In file included from /Users/miu/Code/peach-cat/.cache/vcv-library-sources/SurgeXTRack/640153d4e70896a707bc3a7cbff1d375c44581b6/surge/src/common/SurgeStorage.h:25:
In file included from /Users/miu/Code/peach-cat/.cache/vcv-library-sources/SurgeXTRack/640153d4e70896a707bc3a7cbff1d375c44581b6/surge/src/common/globals.h:62:
In file included from /Users/miu/Code/peach-cat/.cache/vcv-library-sources/SurgeXTRack/640153d4e70896a707bc3a7cbff1d375c44581b6/surge/libs/simde/simde/x86/sse2.h:35:
In file included from /Users/miu/Code/peach-cat/.cache/vcv-library-sources/SurgeXTRack/640153d4e70896a707bc3a7cbff1d375c44581b6/surge/libs/simde/simde/x86/sse.h:33:
In file included from /Users/miu/Code/peach-cat/.cache/vcv-library-sources/SurgeXTRack/640153d4e70896a707bc3a7cbff1d375c44581b6/surge/libs/simde/simde/x86/mmx.h:30:
In file included from /Users/miu/Code/peach-cat/.cache/vcv-library-sources/SurgeXTRack/640153d4e70896a707bc3a7cbff1d375c44581b6/surge/libs/simde/simde/x86/../simde-common.h:47:
/Users/miu/Code/peach-cat/.cache/vcv-library-sources/SurgeXTRack/640153d4e70896a707bc3a7cbff1d375c44581b6/surge/libs/simde/simde/x86/../simde-math.h:1289:47: warning: macro '__EMSCRIPTEN_minor__' has been marked as deprecated: Use __EMSCRIPTEN_MINOR__ instead [-Wdeprecated-pragma]
 1289 |      ((!defined(HEDLEY_EMSCRIPTEN_VERSION) || HEDLEY_EMSCRIPTEN_VERSION_CHECK(3, 1, 43)) && HEDLEY_HAS_BUILTIN(__builtin_roundevenf)) || \
      |                                               ^
/Users/miu/Code/peach-cat/.cache/vcv-library-sources/SurgeXTRack/640153d4e70896a707bc3a7cbff1d375c44581b6/surge/libs/simde/simde/x86/../hedley.h:195:63: note: expanded from macro 'HEDLEY_EMSCRIPTEN_VERSION_CHECK'
  195 | #  define HEDLEY_EMSCRIPTEN_VERSION_CHECK(major,minor,patch) (HEDLEY_EMSCRIPTEN_VERSION >= HEDLEY_VERSION_ENCODE(major, minor, patch))
      |                                                               ^
/Users/miu/Code/peach-cat/.cache/vcv-library-sources/SurgeXTRack/640153d4e70896a707bc3a7cbff1d375c44581b6/surge/libs/simde/simde/x86/../hedley.h:188:81: note: expanded from macro 'HEDLEY_EMSCRIPTEN_VERSION'
  188 | #  define HEDLEY_EMSCRIPTEN_VERSION HEDLEY_VERSION_ENCODE(__EMSCRIPTEN_major__, __EMSCRIPTEN_minor__, __EMSCRIPTEN_tiny__)
      |                                                                                 ^
/opt/homebrew/Cellar/emscripten/6.0.3/libexec/cache/sysroot/include/emscripten/version.h:11:82: note: macro marked 'deprecated' here
   11 | #pragma clang deprecated(__EMSCRIPTEN_minor__, "Use __EMSCRIPTEN_MINOR__ instead")
      |                                                                                  ^
In file included from /Users/miu/Code/peach-cat/.cache/vcv-library-sources/SurgeXTRack/640153d4e70896a707bc3a7cbff1d375c44581b6/surge/src/common/dsp/modulators/FormulaModulationHelper.cpp:23:
In file included from /Users/miu/Code/peach-cat/.cache/vcv-library-sources/SurgeXTRack/640153d4e70896a707bc3a7cbff1d375c44581b6/surge/src/common/dsp/modulators/FormulaModulationHelper.h:26:
In file included from /Users/miu/Code/peach-cat/.cache/vcv-library-sources/SurgeXTRack/640153d4e70896a707bc3a7cbff1d375c44581b6/surge/src/common/SurgeStorage.h:25:
In file included from /Users/miu/Code/peach-cat/.cache/vcv-library-sources/SurgeXTRack/640153d4e70896a707bc3a7cbff1d375c44581b6/surge/src/common/globals.h:62:
In file included from /Users/miu/Code/peach-cat/.cache/vcv-library-sources/SurgeXTRack/640153d4e70896a707bc3a7cbff1d375c44581b6/surge/libs/simde/simde/x86/sse2.h:35:
In file included from /Users/miu/Code/peach-cat/.cache/vcv-library-sources/SurgeXTRack/640153d4e70896a707bc3a7cbff1d375c44581b6/surge/libs/simde/simde/x86/sse.h:33:
In file included from /Users/miu/Code/peach-cat/.cache/vcv-library-sources/SurgeXTRack/640153d4e70896a707bc3a7cbff1d375c44581b6/surge/libs/simde/simde/x86/mmx.h:30:
In file included from /Users/miu/Code/peach-cat/.cache/vcv-library-sources/SurgeXTRack/640153d4e70896a707bc3a7cbff1d375c44581b6/surge/libs/simde/simde/x86/../simde-common.h:47:
/Users/miu/Code/peach-cat/.cache/vcv-library-sources/SurgeXTRack/640153d4e70896a707bc3a7cbff1d375c44581b6/surge/libs/simde/simde/x86/../simde-math.h:1289:47: warning: macro '__EMSCRIPTEN_tiny__' has been marked as deprecated: Use __EMSCRIPTEN_TINY__ instead [-Wdeprecated-pragma]
 1289 |      ((!defined(HEDLEY_EMSCRIPTEN_VERSION) || HEDLEY_EMSCRIPTEN_VERSION_CHECK(3, 1, 43)) && HEDLEY_HAS_BUILTIN(__builtin_roundevenf)) || \
      |                                               ^
/Users/miu/Code/peach-cat/.cache/vcv-library-sources/SurgeXTRack/640153d4e70896a707bc3a7cbff1d375c44581b6/surge/libs/simde/simde/x86/../hedley.h:195:63: note: expanded from macro 'HEDLEY_EMSCRIPTEN_VERSION_CHECK'
  195 | #  define HEDLEY_EMSCRIPTEN_VERSION_CHECK(major,minor,patch) (HEDLEY_EMSCRIPTEN_VERSION >= HEDLEY_VERSION_ENCODE(major, minor, patch))
      |                                                               ^
/Users/miu/Code/peach-cat/.cache/vcv-library-sources/SurgeXTRack/640153d4e70896a707bc3a7cbff1d375c44581b6/surge/libs/simde/simde/x86/../hedley.h:188:103: note: expanded from macro 'HEDLEY_EMSCRIPTEN_VERSION'
  188 | #  define HEDLEY_EMSCRIPTEN_VERSION HEDLEY_VERSION_ENCODE(__EMSCRIPTEN_major__, __EMSCRIPTEN_minor__, __EMSCRIPTEN_tiny__)
      |                                                                                                       ^
/opt/homebrew/Cellar/emscripten/6.0.3/libexec/cache/sysroot/include/emscripten/version.h:12:80: note: macro marked 'deprecated' here
   12 | #pragma clang deprecated(__EMSCRIPTEN_tiny__, "Use __EMSCRIPTEN_TINY__ instead")
      |                                                                                ^
6 warnings generated.
In file included from /Users/miu/Code/peach-cat/.cache/vcv-library-sources/SurgeXTRack/640153d4e70896a707bc3a7cbff1d375c44581b6/surge/libs/fmt/src/format.cc:8:
In file included from /Users/miu/Code/peach-cat/.cache/vcv-library-sources/SurgeXTRack/640153d4e70896a707bc3a7cbff1d375c44581b6/surge/libs/fmt/include/fmt/format-inl.h:29:
/Users/miu/Code/peach-cat/.cache/vcv-library-sources/SurgeXTRack/640153d4e70896a707bc3a7cbff1d375c44581b6/surge/libs/fmt/include/fmt/format.h:4168:27: warning: identifier '_a' preceded by whitespace in a literal operator declaration is deprecated [-Wdeprecated-literal-operator]
 4168 | constexpr auto operator"" _a(const char* s, size_t) -> detail::udl_arg<char> {
      |                ~~~~~~~~~~~^~
      |                operator""_a
1 warning generated.
In file included from /Users/miu/Code/peach-cat/.tmp/surge-reverb-debug/surge_oscillator_factory.cpp:2:
In file included from /Users/miu/Code/peach-cat/.cache/vcv-library-sources/SurgeXTRack/640153d4e70896a707bc3a7cbff1d375c44581b6/surge/src/common/dsp/Oscillator.h:25:
In file included from /Users/miu/Code/peach-cat/.cache/vcv-library-sources/SurgeXTRack/640153d4e70896a707bc3a7cbff1d375c44581b6/surge/src/common/SurgeStorage.h:25:
In file included from /Users/miu/Code/peach-cat/.cache/vcv-library-sources/SurgeXTRack/640153d4e70896a707bc3a7cbff1d375c44581b6/surge/src/common/globals.h:62:
In file included from /Users/miu/Code/peach-cat/.cache/vcv-library-sources/SurgeXTRack/640153d4e70896a707bc3a7cbff1d375c44581b6/surge/libs/simde/simde/x86/sse2.h:35:
In file included from /Users/miu/Code/peach-cat/.cache/vcv-library-sources/SurgeXTRack/640153d4e70896a707bc3a7cbff1d375c44581b6/surge/libs/simde/simde/x86/sse.h:33:
In file included from /Users/miu/Code/peach-cat/.cache/vcv-library-sources/SurgeXTRack/640153d4e70896a707bc3a7cbff1d375c44581b6/surge/libs/simde/simde/x86/mmx.h:30:
In file included from /Users/miu/Code/peach-cat/.cache/vcv-library-sources/SurgeXTRack/640153d4e70896a707bc3a7cbff1d375c44581b6/surge/libs/simde/simde/x86/../simde-common.h:47:
/Users/miu/Code/peach-cat/.cache/vcv-library-sources/SurgeXTRack/640153d4e70896a707bc3a7cbff1d375c44581b6/surge/libs/simde/simde/x86/../simde-math.h:1269:47: warning: macro '__EMSCRIPTEN_major__' has been marked as deprecated: Use __EMSCRIPTEN_MAJOR__ instead [-Wdeprecated-pragma]
 1269 |      ((!defined(HEDLEY_EMSCRIPTEN_VERSION) || HEDLEY_EMSCRIPTEN_VERSION_CHECK(3, 1, 43)) && HEDLEY_HAS_BUILTIN(__builtin_roundeven)) || \
      |                                               ^
/Users/miu/Code/peach-cat/.cache/vcv-library-sources/SurgeXTRack/640153d4e70896a707bc3a7cbff1d375c44581b6/surge/libs/simde/simde/x86/../hedley.h:195:63: note: expanded from macro 'HEDLEY_EMSCRIPTEN_VERSION_CHECK'
  195 | #  define HEDLEY_EMSCRIPTEN_VERSION_CHECK(major,minor,patch) (HEDLEY_EMSCRIPTEN_VERSION >= HEDLEY_VERSION_ENCODE(major, minor, patch))
      |                                                               ^
/Users/miu/Code/peach-cat/.cache/vcv-library-sources/SurgeXTRack/640153d4e70896a707bc3a7cbff1d375c44581b6/surge/libs/simde/simde/x86/../hedley.h:188:59: note: expanded from macro 'HEDLEY_EMSCRIPTEN_VERSION'
  188 | #  define HEDLEY_EMSCRIPTEN_VERSION HEDLEY_VERSION_ENCODE(__EMSCRIPTEN_major__, __EMSCRIPTEN_minor__, __EMSCRIPTEN_tiny__)
      |                                                           ^
/opt/homebrew/Cellar/emscripten/6.0.3/libexec/cache/sysroot/include/emscripten/version.h:10:82: note: macro marked 'deprecated' here
   10 | #pragma clang deprecated(__EMSCRIPTEN_major__, "Use __EMSCRIPTEN_MAJOR__ instead")
      |                                                                                  ^
In file included from /Users/miu/Code/peach-cat/.tmp/surge-reverb-debug/surge_oscillator_factory.cpp:2:
In file included from /Users/miu/Code/peach-cat/.cache/vcv-library-sources/SurgeXTRack/640153d4e70896a707bc3a7cbff1d375c44581b6/surge/src/common/dsp/Oscillator.h:25:
In file included from /Users/miu/Code/peach-cat/.cache/vcv-library-sources/SurgeXTRack/640153d4e70896a707bc3a7cbff1d375c44581b6/surge/src/common/SurgeStorage.h:25:
In file included from /Users/miu/Code/peach-cat/.cache/vcv-library-sources/SurgeXTRack/640153d4e70896a707bc3a7cbff1d375c44581b6/surge/src/common/globals.h:62:
In file included from /Users/miu/Code/peach-cat/.cache/vcv-library-sources/SurgeXTRack/640153d4e70896a707bc3a7cbff1d375c44581b6/surge/libs/simde/simde/x86/sse2.h:35:
In file included from /Users/miu/Code/peach-cat/.cache/vcv-library-sources/SurgeXTRack/640153d4e70896a707bc3a7cbff1d375c44581b6/surge/libs/simde/simde/x86/sse.h:33:
In file included from /Users/miu/Code/peach-cat/.cache/vcv-library-sources/SurgeXTRack/640153d4e70896a707bc3a7cbff1d375c44581b6/surge/libs/simde/simde/x86/mmx.h:30:
In file included from /Users/miu/Code/peach-cat/.cache/vcv-library-sources/SurgeXTRack/640153d4e70896a707bc3a7cbff1d375c44581b6/surge/libs/simde/simde/x86/../simde-common.h:47:
/Users/miu/Code/peach-cat/.cache/vcv-library-sources/SurgeXTRack/640153d4e70896a707bc3a7cbff1d375c44581b6/surge/libs/simde/simde/x86/../simde-math.h:1269:47: warning: macro '__EMSCRIPTEN_minor__' has been marked as deprecated: Use __EMSCRIPTEN_MINOR__ instead [-Wdeprecated-pragma]
 1269 |      ((!defined(HEDLEY_EMSCRIPTEN_VERSION) || HEDLEY_EMSCRIPTEN_VERSION_CHECK(3, 1, 43)) && HEDLEY_HAS_BUILTIN(__builtin_roundeven)) || \
      |                                               ^
/Users/miu/Code/peach-cat/.cache/vcv-library-sources/SurgeXTRack/640153d4e70896a707bc3a7cbff1d375c44581b6/surge/libs/simde/simde/x86/../hedley.h:195:63: note: expanded from macro 'HEDLEY_EMSCRIPTEN_VERSION_CHECK'
  195 | #  define HEDLEY_EMSCRIPTEN_VERSION_CHECK(major,minor,patch) (HEDLEY_EMSCRIPTEN_VERSION >= HEDLEY_VERSION_ENCODE(major, minor, patch))
      |                                                               ^
/Users/miu/Code/peach-cat/.cache/vcv-library-sources/SurgeXTRack/640153d4e70896a707bc3a7cbff1d375c44581b6/surge/libs/simde/simde/x86/../hedley.h:188:81: note: expanded from macro 'HEDLEY_EMSCRIPTEN_VERSION'
  188 | #  define HEDLEY_EMSCRIPTEN_VERSION HEDLEY_VERSION_ENCODE(__EMSCRIPTEN_major__, __EMSCRIPTEN_minor__, __EMSCRIPTEN_tiny__)
      |                                                                                 ^
/opt/homebrew/Cellar/emscripten/6.0.3/libexec/cache/sysroot/include/emscripten/version.h:11:82: note: macro marked 'deprecated' here
   11 | #pragma clang deprecated(__EMSCRIPTEN_minor__, "Use __EMSCRIPTEN_MINOR__ instead")
      |                                                                                  ^
In file included from /Users/miu/Code/peach-cat/.tmp/surge-reverb-debug/surge_oscillator_factory.cpp:2:
In file included from /Users/miu/Code/peach-cat/.cache/vcv-library-sources/SurgeXTRack/640153d4e70896a707bc3a7cbff1d375c44581b6/surge/src/common/dsp/Oscillator.h:25:
In file included from /Users/miu/Code/peach-cat/.cache/vcv-library-sources/SurgeXTRack/640153d4e70896a707bc3a7cbff1d375c44581b6/surge/src/common/SurgeStorage.h:25:
In file included from /Users/miu/Code/peach-cat/.cache/vcv-library-sources/SurgeXTRack/640153d4e70896a707bc3a7cbff1d375c44581b6/surge/src/common/globals.h:62:
In file included from /Users/miu/Code/peach-cat/.cache/vcv-library-sources/SurgeXTRack/640153d4e70896a707bc3a7cbff1d375c44581b6/surge/libs/simde/simde/x86/sse2.h:35:
In file included from /Users/miu/Code/peach-cat/.cache/vcv-library-sources/SurgeXTRack/640153d4e70896a707bc3a7cbff1d375c44581b6/surge/libs/simde/simde/x86/sse.h:33:
In file included from /Users/miu/Code/peach-cat/.cache/vcv-library-sources/SurgeXTRack/640153d4e70896a707bc3a7cbff1d375c44581b6/surge/libs/simde/simde/x86/mmx.h:30:
In file included from /Users/miu/Code/peach-cat/.cache/vcv-library-sources/SurgeXTRack/640153d4e70896a707bc3a7cbff1d375c44581b6/surge/libs/simde/simde/x86/../simde-common.h:47:
/Users/miu/Code/peach-cat/.cache/vcv-library-sources/SurgeXTRack/640153d4e70896a707bc3a7cbff1d375c44581b6/surge/libs/simde/simde/x86/../simde-math.h:1269:47: warning: macro '__EMSCRIPTEN_tiny__' has been marked as deprecated: Use __EMSCRIPTEN_TINY__ instead [-Wdeprecated-pragma]
 1269 |      ((!defined(HEDLEY_EMSCRIPTEN_VERSION) || HEDLEY_EMSCRIPTEN_VERSION_CHECK(3, 1, 43)) && HEDLEY_HAS_BUILTIN(__builtin_roundeven)) || \
      |                                               ^
/Users/miu/Code/peach-cat/.cache/vcv-library-sources/SurgeXTRack/640153d4e70896a707bc3a7cbff1d375c44581b6/surge/libs/simde/simde/x86/../hedley.h:195:63: note: expanded from macro 'HEDLEY_EMSCRIPTEN_VERSION_CHECK'
  195 | #  define HEDLEY_EMSCRIPTEN_VERSION_CHECK(major,minor,patch) (HEDLEY_EMSCRIPTEN_VERSION >= HEDLEY_VERSION_ENCODE(major, minor, patch))
      |                                                               ^
/Users/miu/Code/peach-cat/.cache/vcv-library-sources/SurgeXTRack/640153d4e70896a707bc3a7cbff1d375c44581b6/surge/libs/simde/simde/x86/../hedley.h:188:103: note: expanded from macro 'HEDLEY_EMSCRIPTEN_VERSION'
  188 | #  define HEDLEY_EMSCRIPTEN_VERSION HEDLEY_VERSION_ENCODE(__EMSCRIPTEN_major__, __EMSCRIPTEN_minor__, __EMSCRIPTEN_tiny__)
      |                                                                                                       ^
/opt/homebrew/Cellar/emscripten/6.0.3/libexec/cache/sysroot/include/emscripten/version.h:12:80: note: macro marked 'deprecated' here
   12 | #pragma clang deprecated(__EMSCRIPTEN_tiny__, "Use __EMSCRIPTEN_TINY__ instead")
      |                                                                                ^
In file included from /Users/miu/Code/peach-cat/.tmp/surge-reverb-debug/surge_oscillator_factory.cpp:2:
In file included from /Users/miu/Code/peach-cat/.cache/vcv-library-sources/SurgeXTRack/640153d4e70896a707bc3a7cbff1d375c44581b6/surge/src/common/dsp/Oscillator.h:25:
In file included from /Users/miu/Code/peach-cat/.cache/vcv-library-sources/SurgeXTRack/640153d4e70896a707bc3a7cbff1d375c44581b6/surge/src/common/SurgeStorage.h:25:
In file included from /Users/miu/Code/peach-cat/.cache/vcv-library-sources/SurgeXTRack/640153d4e70896a707bc3a7cbff1d375c44581b6/surge/src/common/globals.h:62:
In file included from /Users/miu/Code/peach-cat/.cache/vcv-library-sources/SurgeXTRack/640153d4e70896a707bc3a7cbff1d375c44581b6/surge/libs/simde/simde/x86/sse2.h:35:
In file included from /Users/miu/Code/peach-cat/.cache/vcv-library-sources/SurgeXTRack/640153d4e70896a707bc3a7cbff1d375c44581b6/surge/libs/simde/simde/x86/sse.h:33:
In file included from /Users/miu/Code/peach-cat/.cache/vcv-library-sources/SurgeXTRack/640153d4e70896a707bc3a7cbff1d375c44581b6/surge/libs/simde/simde/x86/mmx.h:30:
In file included from /Users/miu/Code/peach-cat/.cache/vcv-library-sources/SurgeXTRack/640153d4e70896a707bc3a7cbff1d375c44581b6/surge/libs/simde/simde/x86/../simde-common.h:47:
/Users/miu/Code/peach-cat/.cache/vcv-library-sources/SurgeXTRack/640153d4e70896a707bc3a7cbff1d375c44581b6/surge/libs/simde/simde/x86/../simde-math.h:1289:47: warning: macro '__EMSCRIPTEN_major__' has been marked as deprecated: Use __EMSCRIPTEN_MAJOR__ instead [-Wdeprecated-pragma]
 1289 |      ((!defined(HEDLEY_EMSCRIPTEN_VERSION) || HEDLEY_EMSCRIPTEN_VERSION_CHECK(3, 1, 43)) && HEDLEY_HAS_BUILTIN(__builtin_roundevenf)) || \
      |                                               ^
/Users/miu/Code/peach-cat/.cache/vcv-library-sources/SurgeXTRack/640153d4e70896a707bc3a7cbff1d375c44581b6/surge/libs/simde/simde/x86/../hedley.h:195:63: note: expanded from macro 'HEDLEY_EMSCRIPTEN_VERSION_CHECK'
  195 | #  define HEDLEY_EMSCRIPTEN_VERSION_CHECK(major,minor,patch) (HEDLEY_EMSCRIPTEN_VERSION >= HEDLEY_VERSION_ENCODE(major, minor, patch))
      |                                                               ^
/Users/miu/Code/peach-cat/.cache/vcv-library-sources/SurgeXTRack/640153d4e70896a707bc3a7cbff1d375c44581b6/surge/libs/simde/simde/x86/../hedley.h:188:59: note: expanded from macro 'HEDLEY_EMSCRIPTEN_VERSION'
  188 | #  define HEDLEY_EMSCRIPTEN_VERSION HEDLEY_VERSION_ENCODE(__EMSCRIPTEN_major__, __EMSCRIPTEN_minor__, __EMSCRIPTEN_tiny__)
      |                                                           ^
/opt/homebrew/Cellar/emscripten/6.0.3/libexec/cache/sysroot/include/emscripten/version.h:10:82: note: macro marked 'deprecated' here
   10 | #pragma clang deprecated(__EMSCRIPTEN_major__, "Use __EMSCRIPTEN_MAJOR__ instead")
      |                                                                                  ^
In file included from /Users/miu/Code/peach-cat/.tmp/surge-reverb-debug/surge_oscillator_factory.cpp:2:
In file included from /Users/miu/Code/peach-cat/.cache/vcv-library-sources/SurgeXTRack/640153d4e70896a707bc3a7cbff1d375c44581b6/surge/src/common/dsp/Oscillator.h:25:
In file included from /Users/miu/Code/peach-cat/.cache/vcv-library-sources/SurgeXTRack/640153d4e70896a707bc3a7cbff1d375c44581b6/surge/src/common/SurgeStorage.h:25:
In file included from /Users/miu/Code/peach-cat/.cache/vcv-library-sources/SurgeXTRack/640153d4e70896a707bc3a7cbff1d375c44581b6/surge/src/common/globals.h:62:
In file included from /Users/miu/Code/peach-cat/.cache/vcv-library-sources/SurgeXTRack/640153d4e70896a707bc3a7cbff1d375c44581b6/surge/libs/simde/simde/x86/sse2.h:35:
In file included from /Users/miu/Code/peach-cat/.cache/vcv-library-sources/SurgeXTRack/640153d4e70896a707bc3a7cbff1d375c44581b6/surge/libs/simde/simde/x86/sse.h:33:
In file included from /Users/miu/Code/peach-cat/.cache/vcv-library-sources/SurgeXTRack/640153d4e70896a707bc3a7cbff1d375c44581b6/surge/libs/simde/simde/x86/mmx.h:30:
In file included from /Users/miu/Code/peach-cat/.cache/vcv-library-sources/SurgeXTRack/640153d4e70896a707bc3a7cbff1d375c44581b6/surge/libs/simde/simde/x86/../simde-common.h:47:
/Users/miu/Code/peach-cat/.cache/vcv-library-sources/SurgeXTRack/640153d4e70896a707bc3a7cbff1d375c44581b6/surge/libs/simde/simde/x86/../simde-math.h:1289:47: warning: macro '__EMSCRIPTEN_minor__' has been marked as deprecated: Use __EMSCRIPTEN_MINOR__ instead [-Wdeprecated-pragma]
 1289 |      ((!defined(HEDLEY_EMSCRIPTEN_VERSION) || HEDLEY_EMSCRIPTEN_VERSION_CHECK(3, 1, 43)) && HEDLEY_HAS_BUILTIN(__builtin_roundevenf)) || \
      |                                               ^
/Users/miu/Code/peach-cat/.cache/vcv-library-sources/SurgeXTRack/640153d4e70896a707bc3a7cbff1d375c44581b6/surge/libs/simde/simde/x86/../hedley.h:195:63: note: expanded from macro 'HEDLEY_EMSCRIPTEN_VERSION_CHECK'
  195 | #  define HEDLEY_EMSCRIPTEN_VERSION_CHECK(major,minor,patch) (HEDLEY_EMSCRIPTEN_VERSION >= HEDLEY_VERSION_ENCODE(major, minor, patch))
      |                                                               ^
/Users/miu/Code/peach-cat/.cache/vcv-library-sources/SurgeXTRack/640153d4e70896a707bc3a7cbff1d375c44581b6/surge/libs/simde/simde/x86/../hedley.h:188:81: note: expanded from macro 'HEDLEY_EMSCRIPTEN_VERSION'
  188 | #  define HEDLEY_EMSCRIPTEN_VERSION HEDLEY_VERSION_ENCODE(__EMSCRIPTEN_major__, __EMSCRIPTEN_minor__, __EMSCRIPTEN_tiny__)
      |                                                                                 ^
/opt/homebrew/Cellar/emscripten/6.0.3/libexec/cache/sysroot/include/emscripten/version.h:11:82: note: macro marked 'deprecated' here
   11 | #pragma clang deprecated(__EMSCRIPTEN_minor__, "Use __EMSCRIPTEN_MINOR__ instead")
      |                                                                                  ^
In file included from /Users/miu/Code/peach-cat/.tmp/surge-reverb-debug/surge_oscillator_factory.cpp:2:
In file included from /Users/miu/Code/peach-cat/.cache/vcv-library-sources/SurgeXTRack/640153d4e70896a707bc3a7cbff1d375c44581b6/surge/src/common/dsp/Oscillator.h:25:
In file included from /Users/miu/Code/peach-cat/.cache/vcv-library-sources/SurgeXTRack/640153d4e70896a707bc3a7cbff1d375c44581b6/surge/src/common/SurgeStorage.h:25:
In file included from /Users/miu/Code/peach-cat/.cache/vcv-library-sources/SurgeXTRack/640153d4e70896a707bc3a7cbff1d375c44581b6/surge/src/common/globals.h:62:
In file included from /Users/miu/Code/peach-cat/.cache/vcv-library-sources/SurgeXTRack/640153d4e70896a707bc3a7cbff1d375c44581b6/surge/libs/simde/simde/x86/sse2.h:35:
In file included from /Users/miu/Code/peach-cat/.cache/vcv-library-sources/SurgeXTRack/640153d4e70896a707bc3a7cbff1d375c44581b6/surge/libs/simde/simde/x86/sse.h:33:
In file included from /Users/miu/Code/peach-cat/.cache/vcv-library-sources/SurgeXTRack/640153d4e70896a707bc3a7cbff1d375c44581b6/surge/libs/simde/simde/x86/mmx.h:30:
In file included from /Users/miu/Code/peach-cat/.cache/vcv-library-sources/SurgeXTRack/640153d4e70896a707bc3a7cbff1d375c44581b6/surge/libs/simde/simde/x86/../simde-common.h:47:
/Users/miu/Code/peach-cat/.cache/vcv-library-sources/SurgeXTRack/640153d4e70896a707bc3a7cbff1d375c44581b6/surge/libs/simde/simde/x86/../simde-math.h:1289:47: warning: macro '__EMSCRIPTEN_tiny__' has been marked as deprecated: Use __EMSCRIPTEN_TINY__ instead [-Wdeprecated-pragma]
 1289 |      ((!defined(HEDLEY_EMSCRIPTEN_VERSION) || HEDLEY_EMSCRIPTEN_VERSION_CHECK(3, 1, 43)) && HEDLEY_HAS_BUILTIN(__builtin_roundevenf)) || \
      |                                               ^
/Users/miu/Code/peach-cat/.cache/vcv-library-sources/SurgeXTRack/640153d4e70896a707bc3a7cbff1d375c44581b6/surge/libs/simde/simde/x86/../hedley.h:195:63: note: expanded from macro 'HEDLEY_EMSCRIPTEN_VERSION_CHECK'
  195 | #  define HEDLEY_EMSCRIPTEN_VERSION_CHECK(major,minor,patch) (HEDLEY_EMSCRIPTEN_VERSION >= HEDLEY_VERSION_ENCODE(major, minor, patch))
      |                                                               ^
/Users/miu/Code/peach-cat/.cache/vcv-library-sources/SurgeXTRack/640153d4e70896a707bc3a7cbff1d375c44581b6/surge/libs/simde/simde/x86/../hedley.h:188:103: note: expanded from macro 'HEDLEY_EMSCRIPTEN_VERSION'
  188 | #  define HEDLEY_EMSCRIPTEN_VERSION HEDLEY_VERSION_ENCODE(__EMSCRIPTEN_major__, __EMSCRIPTEN_minor__, __EMSCRIPTEN_tiny__)
      |                                                                                                       ^
/opt/homebrew/Cellar/emscripten/6.0.3/libexec/cache/sysroot/include/emscripten/version.h:12:80: note: macro marked 'deprecated' here
   12 | #pragma clang deprecated(__EMSCRIPTEN_tiny__, "Use __EMSCRIPTEN_TINY__ instead")
      |                                                                                ^
6 warnings generated.
In file included from /Users/miu/Code/peach-cat/.tmp/surge-reverb-debug/surge_effect_factory.cpp:2:
In file included from /Users/miu/Code/peach-cat/.cache/vcv-library-sources/SurgeXTRack/640153d4e70896a707bc3a7cbff1d375c44581b6/surge/src/common/dsp/Effect.h:26:
In file included from /Users/miu/Code/peach-cat/.cache/vcv-library-sources/SurgeXTRack/640153d4e70896a707bc3a7cbff1d375c44581b6/surge/src/common/dsp/utilities/DSPUtils.h:29:
In file included from /Users/miu/Code/peach-cat/.cache/vcv-library-sources/SurgeXTRack/640153d4e70896a707bc3a7cbff1d375c44581b6/surge/src/common/globals.h:62:
In file included from /Users/miu/Code/peach-cat/.cache/vcv-library-sources/SurgeXTRack/640153d4e70896a707bc3a7cbff1d375c44581b6/surge/libs/simde/simde/x86/sse2.h:35:
In file included from /Users/miu/Code/peach-cat/.cache/vcv-library-sources/SurgeXTRack/640153d4e70896a707bc3a7cbff1d375c44581b6/surge/libs/simde/simde/x86/sse.h:33:
In file included from /Users/miu/Code/peach-cat/.cache/vcv-library-sources/SurgeXTRack/640153d4e70896a707bc3a7cbff1d375c44581b6/surge/libs/simde/simde/x86/mmx.h:30:
In file included from /Users/miu/Code/peach-cat/.cache/vcv-library-sources/SurgeXTRack/640153d4e70896a707bc3a7cbff1d375c44581b6/surge/libs/simde/simde/x86/../simde-common.h:47:
/Users/miu/Code/peach-cat/.cache/vcv-library-sources/SurgeXTRack/640153d4e70896a707bc3a7cbff1d375c44581b6/surge/libs/simde/simde/x86/../simde-math.h:1269:47: warning: macro '__EMSCRIPTEN_major__' has been marked as deprecated: Use __EMSCRIPTEN_MAJOR__ instead [-Wdeprecated-pragma]
 1269 |      ((!defined(HEDLEY_EMSCRIPTEN_VERSION) || HEDLEY_EMSCRIPTEN_VERSION_CHECK(3, 1, 43)) && HEDLEY_HAS_BUILTIN(__builtin_roundeven)) || \
      |                                               ^
/Users/miu/Code/peach-cat/.cache/vcv-library-sources/SurgeXTRack/640153d4e70896a707bc3a7cbff1d375c44581b6/surge/libs/simde/simde/x86/../hedley.h:195:63: note: expanded from macro 'HEDLEY_EMSCRIPTEN_VERSION_CHECK'
  195 | #  define HEDLEY_EMSCRIPTEN_VERSION_CHECK(major,minor,patch) (HEDLEY_EMSCRIPTEN_VERSION >= HEDLEY_VERSION_ENCODE(major, minor, patch))
      |                                                               ^
/Users/miu/Code/peach-cat/.cache/vcv-library-sources/SurgeXTRack/640153d4e70896a707bc3a7cbff1d375c44581b6/surge/libs/simde/simde/x86/../hedley.h:188:59: note: expanded from macro 'HEDLEY_EMSCRIPTEN_VERSION'
  188 | #  define HEDLEY_EMSCRIPTEN_VERSION HEDLEY_VERSION_ENCODE(__EMSCRIPTEN_major__, __EMSCRIPTEN_minor__, __EMSCRIPTEN_tiny__)
      |                                                           ^
/opt/homebrew/Cellar/emscripten/6.0.3/libexec/cache/sysroot/include/emscripten/version.h:10:82: note: macro marked 'deprecated' here
   10 | #pragma clang deprecated(__EMSCRIPTEN_major__, "Use __EMSCRIPTEN_MAJOR__ instead")
      |                                                                                  ^
In file included from /Users/miu/Code/peach-cat/.tmp/surge-reverb-debug/surge_effect_factory.cpp:2:
In file included from /Users/miu/Code/peach-cat/.cache/vcv-library-sources/SurgeXTRack/640153d4e70896a707bc3a7cbff1d375c44581b6/surge/src/common/dsp/Effect.h:26:
In file included from /Users/miu/Code/peach-cat/.cache/vcv-library-sources/SurgeXTRack/640153d4e70896a707bc3a7cbff1d375c44581b6/surge/src/common/dsp/utilities/DSPUtils.h:29:
In file included from /Users/miu/Code/peach-cat/.cache/vcv-library-sources/SurgeXTRack/640153d4e70896a707bc3a7cbff1d375c44581b6/surge/src/common/globals.h:62:
In file included from /Users/miu/Code/peach-cat/.cache/vcv-library-sources/SurgeXTRack/640153d4e70896a707bc3a7cbff1d375c44581b6/surge/libs/simde/simde/x86/sse2.h:35:
In file included from /Users/miu/Code/peach-cat/.cache/vcv-library-sources/SurgeXTRack/640153d4e70896a707bc3a7cbff1d375c44581b6/surge/libs/simde/simde/x86/sse.h:33:
In file included from /Users/miu/Code/peach-cat/.cache/vcv-library-sources/SurgeXTRack/640153d4e70896a707bc3a7cbff1d375c44581b6/surge/libs/simde/simde/x86/mmx.h:30:
In file included from /Users/miu/Code/peach-cat/.cache/vcv-library-sources/SurgeXTRack/640153d4e70896a707bc3a7cbff1d375c44581b6/surge/libs/simde/simde/x86/../simde-common.h:47:
/Users/miu/Code/peach-cat/.cache/vcv-library-sources/SurgeXTRack/640153d4e70896a707bc3a7cbff1d375c44581b6/surge/libs/simde/simde/x86/../simde-math.h:1269:47: warning: macro '__EMSCRIPTEN_minor__' has been marked as deprecated: Use __EMSCRIPTEN_MINOR__ instead [-Wdeprecated-pragma]
 1269 |      ((!defined(HEDLEY_EMSCRIPTEN_VERSION) || HEDLEY_EMSCRIPTEN_VERSION_CHECK(3, 1, 43)) && HEDLEY_HAS_BUILTIN(__builtin_roundeven)) || \
      |                                               ^
/Users/miu/Code/peach-cat/.cache/vcv-library-sources/SurgeXTRack/640153d4e70896a707bc3a7cbff1d375c44581b6/surge/libs/simde/simde/x86/../hedley.h:195:63: note: expanded from macro 'HEDLEY_EMSCRIPTEN_VERSION_CHECK'
  195 | #  define HEDLEY_EMSCRIPTEN_VERSION_CHECK(major,minor,patch) (HEDLEY_EMSCRIPTEN_VERSION >= HEDLEY_VERSION_ENCODE(major, minor, patch))
      |                                                               ^
/Users/miu/Code/peach-cat/.cache/vcv-library-sources/SurgeXTRack/640153d4e70896a707bc3a7cbff1d375c44581b6/surge/libs/simde/simde/x86/../hedley.h:188:81: note: expanded from macro 'HEDLEY_EMSCRIPTEN_VERSION'
  188 | #  define HEDLEY_EMSCRIPTEN_VERSION HEDLEY_VERSION_ENCODE(__EMSCRIPTEN_major__, __EMSCRIPTEN_minor__, __EMSCRIPTEN_tiny__)
      |                                                                                 ^
/opt/homebrew/Cellar/emscripten/6.0.3/libexec/cache/sysroot/include/emscripten/version.h:11:82: note: macro marked 'deprecated' here
   11 | #pragma clang deprecated(__EMSCRIPTEN_minor__, "Use __EMSCRIPTEN_MINOR__ instead")
      |                                                                                  ^
In file included from /Users/miu/Code/peach-cat/.tmp/surge-reverb-debug/surge_effect_factory.cpp:2:
In file included from /Users/miu/Code/peach-cat/.cache/vcv-library-sources/SurgeXTRack/640153d4e70896a707bc3a7cbff1d375c44581b6/surge/src/common/dsp/Effect.h:26:
In file included from /Users/miu/Code/peach-cat/.cache/vcv-library-sources/SurgeXTRack/640153d4e70896a707bc3a7cbff1d375c44581b6/surge/src/common/dsp/utilities/DSPUtils.h:29:
In file included from /Users/miu/Code/peach-cat/.cache/vcv-library-sources/SurgeXTRack/640153d4e70896a707bc3a7cbff1d375c44581b6/surge/src/common/globals.h:62:
In file included from /Users/miu/Code/peach-cat/.cache/vcv-library-sources/SurgeXTRack/640153d4e70896a707bc3a7cbff1d375c44581b6/surge/libs/simde/simde/x86/sse2.h:35:
In file included from /Users/miu/Code/peach-cat/.cache/vcv-library-sources/SurgeXTRack/640153d4e70896a707bc3a7cbff1d375c44581b6/surge/libs/simde/simde/x86/sse.h:33:
In file included from /Users/miu/Code/peach-cat/.cache/vcv-library-sources/SurgeXTRack/640153d4e70896a707bc3a7cbff1d375c44581b6/surge/libs/simde/simde/x86/mmx.h:30:
In file included from /Users/miu/Code/peach-cat/.cache/vcv-library-sources/SurgeXTRack/640153d4e70896a707bc3a7cbff1d375c44581b6/surge/libs/simde/simde/x86/../simde-common.h:47:
/Users/miu/Code/peach-cat/.cache/vcv-library-sources/SurgeXTRack/640153d4e70896a707bc3a7cbff1d375c44581b6/surge/libs/simde/simde/x86/../simde-math.h:1269:47: warning: macro '__EMSCRIPTEN_tiny__' has been marked as deprecated: Use __EMSCRIPTEN_TINY__ instead [-Wdeprecated-pragma]
 1269 |      ((!defined(HEDLEY_EMSCRIPTEN_VERSION) || HEDLEY_EMSCRIPTEN_VERSION_CHECK(3, 1, 43)) && HEDLEY_HAS_BUILTIN(__builtin_roundeven)) || \
      |                                               ^
/Users/miu/Code/peach-cat/.cache/vcv-library-sources/SurgeXTRack/640153d4e70896a707bc3a7cbff1d375c44581b6/surge/libs/simde/simde/x86/../hedley.h:195:63: note: expanded from macro 'HEDLEY_EMSCRIPTEN_VERSION_CHECK'
  195 | #  define HEDLEY_EMSCRIPTEN_VERSION_CHECK(major,minor,patch) (HEDLEY_EMSCRIPTEN_VERSION >= HEDLEY_VERSION_ENCODE(major, minor, patch))
      |                                                               ^
/Users/miu/Code/peach-cat/.cache/vcv-library-sources/SurgeXTRack/640153d4e70896a707bc3a7cbff1d375c44581b6/surge/libs/simde/simde/x86/../hedley.h:188:103: note: expanded from macro 'HEDLEY_EMSCRIPTEN_VERSION'
  188 | #  define HEDLEY_EMSCRIPTEN_VERSION HEDLEY_VERSION_ENCODE(__EMSCRIPTEN_major__, __EMSCRIPTEN_minor__, __EMSCRIPTEN_tiny__)
      |                                                                                                       ^
/opt/homebrew/Cellar/emscripten/6.0.3/libexec/cache/sysroot/include/emscripten/version.h:12:80: note: macro marked 'deprecated' here
   12 | #pragma clang deprecated(__EMSCRIPTEN_tiny__, "Use __EMSCRIPTEN_TINY__ instead")
      |                                                                                ^
In file included from /Users/miu/Code/peach-cat/.tmp/surge-reverb-debug/surge_effect_factory.cpp:2:
In file included from /Users/miu/Code/peach-cat/.cache/vcv-library-sources/SurgeXTRack/640153d4e70896a707bc3a7cbff1d375c44581b6/surge/src/common/dsp/Effect.h:26:
In file included from /Users/miu/Code/peach-cat/.cache/vcv-library-sources/SurgeXTRack/640153d4e70896a707bc3a7cbff1d375c44581b6/surge/src/common/dsp/utilities/DSPUtils.h:29:
In file included from /Users/miu/Code/peach-cat/.cache/vcv-library-sources/SurgeXTRack/640153d4e70896a707bc3a7cbff1d375c44581b6/surge/src/common/globals.h:62:
In file included from /Users/miu/Code/peach-cat/.cache/vcv-library-sources/SurgeXTRack/640153d4e70896a707bc3a7cbff1d375c44581b6/surge/libs/simde/simde/x86/sse2.h:35:
In file included from /Users/miu/Code/peach-cat/.cache/vcv-library-sources/SurgeXTRack/640153d4e70896a707bc3a7cbff1d375c44581b6/surge/libs/simde/simde/x86/sse.h:33:
In file included from /Users/miu/Code/peach-cat/.cache/vcv-library-sources/SurgeXTRack/640153d4e70896a707bc3a7cbff1d375c44581b6/surge/libs/simde/simde/x86/mmx.h:30:
In file included from /Users/miu/Code/peach-cat/.cache/vcv-library-sources/SurgeXTRack/640153d4e70896a707bc3a7cbff1d375c44581b6/surge/libs/simde/simde/x86/../simde-common.h:47:
/Users/miu/Code/peach-cat/.cache/vcv-library-sources/SurgeXTRack/640153d4e70896a707bc3a7cbff1d375c44581b6/surge/libs/simde/simde/x86/../simde-math.h:1289:47: warning: macro '__EMSCRIPTEN_major__' has been marked as deprecated: Use __EMSCRIPTEN_MAJOR__ instead [-Wdeprecated-pragma]
 1289 |      ((!defined(HEDLEY_EMSCRIPTEN_VERSION) || HEDLEY_EMSCRIPTEN_VERSION_CHECK(3, 1, 43)) && HEDLEY_HAS_BUILTIN(__builtin_roundevenf)) || \
      |                                               ^
/Users/miu/Code/peach-cat/.cache/vcv-library-sources/SurgeXTRack/640153d4e70896a707bc3a7cbff1d375c44581b6/surge/libs/simde/simde/x86/../hedley.h:195:63: note: expanded from macro 'HEDLEY_EMSCRIPTEN_VERSION_CHECK'
  195 | #  define HEDLEY_EMSCRIPTEN_VERSION_CHECK(major,minor,patch) (HEDLEY_EMSCRIPTEN_VERSION >= HEDLEY_VERSION_ENCODE(major, minor, patch))
      |                                                               ^
/Users/miu/Code/peach-cat/.cache/vcv-library-sources/SurgeXTRack/640153d4e70896a707bc3a7cbff1d375c44581b6/surge/libs/simde/simde/x86/../hedley.h:188:59: note: expanded from macro 'HEDLEY_EMSCRIPTEN_VERSION'
  188 | #  define HEDLEY_EMSCRIPTEN_VERSION HEDLEY_VERSION_ENCODE(__EMSCRIPTEN_major__, __EMSCRIPTEN_minor__, __EMSCRIPTEN_tiny__)
      |                                                           ^
/opt/homebrew/Cellar/emscripten/6.0.3/libexec/cache/sysroot/include/emscripten/version.h:10:82: note: macro marked 'deprecated' here
   10 | #pragma clang deprecated(__EMSCRIPTEN_major__, "Use __EMSCRIPTEN_MAJOR__ instead")
      |                                                                                  ^
In file included from /Users/miu/Code/peach-cat/.tmp/surge-reverb-debug/surge_effect_factory.cpp:2:
In file included from /Users/miu/Code/peach-cat/.cache/vcv-library-sources/SurgeXTRack/640153d4e70896a707bc3a7cbff1d375c44581b6/surge/src/common/dsp/Effect.h:26:
In file included from /Users/miu/Code/peach-cat/.cache/vcv-library-sources/SurgeXTRack/640153d4e70896a707bc3a7cbff1d375c44581b6/surge/src/common/dsp/utilities/DSPUtils.h:29:
In file included from /Users/miu/Code/peach-cat/.cache/vcv-library-sources/SurgeXTRack/640153d4e70896a707bc3a7cbff1d375c44581b6/surge/src/common/globals.h:62:
In file included from /Users/miu/Code/peach-cat/.cache/vcv-library-sources/SurgeXTRack/640153d4e70896a707bc3a7cbff1d375c44581b6/surge/libs/simde/simde/x86/sse2.h:35:
In file included from /Users/miu/Code/peach-cat/.cache/vcv-library-sources/SurgeXTRack/640153d4e70896a707bc3a7cbff1d375c44581b6/surge/libs/simde/simde/x86/sse.h:33:
In file included from /Users/miu/Code/peach-cat/.cache/vcv-library-sources/SurgeXTRack/640153d4e70896a707bc3a7cbff1d375c44581b6/surge/libs/simde/simde/x86/mmx.h:30:
In file included from /Users/miu/Code/peach-cat/.cache/vcv-library-sources/SurgeXTRack/640153d4e70896a707bc3a7cbff1d375c44581b6/surge/libs/simde/simde/x86/../simde-common.h:47:
/Users/miu/Code/peach-cat/.cache/vcv-library-sources/SurgeXTRack/640153d4e70896a707bc3a7cbff1d375c44581b6/surge/libs/simde/simde/x86/../simde-math.h:1289:47: warning: macro '__EMSCRIPTEN_minor__' has been marked as deprecated: Use __EMSCRIPTEN_MINOR__ instead [-Wdeprecated-pragma]
 1289 |      ((!defined(HEDLEY_EMSCRIPTEN_VERSION) || HEDLEY_EMSCRIPTEN_VERSION_CHECK(3, 1, 43)) && HEDLEY_HAS_BUILTIN(__builtin_roundevenf)) || \
      |                                               ^
/Users/miu/Code/peach-cat/.cache/vcv-library-sources/SurgeXTRack/640153d4e70896a707bc3a7cbff1d375c44581b6/surge/libs/simde/simde/x86/../hedley.h:195:63: note: expanded from macro 'HEDLEY_EMSCRIPTEN_VERSION_CHECK'
  195 | #  define HEDLEY_EMSCRIPTEN_VERSION_CHECK(major,minor,patch) (HEDLEY_EMSCRIPTEN_VERSION >= HEDLEY_VERSION_ENCODE(major, minor, patch))
      |                                                               ^
/Users/miu/Code/peach-cat/.cache/vcv-library-sources/SurgeXTRack/640153d4e70896a707bc3a7cbff1d375c44581b6/surge/libs/simde/simde/x86/../hedley.h:188:81: note: expanded from macro 'HEDLEY_EMSCRIPTEN_VERSION'
  188 | #  define HEDLEY_EMSCRIPTEN_VERSION HEDLEY_VERSION_ENCODE(__EMSCRIPTEN_major__, __EMSCRIPTEN_minor__, __EMSCRIPTEN_tiny__)
      |                                                                                 ^
/opt/homebrew/Cellar/emscripten/6.0.3/libexec/cache/sysroot/include/emscripten/version.h:11:82: note: macro marked 'deprecated' here
   11 | #pragma clang deprecated(__EMSCRIPTEN_minor__, "Use __EMSCRIPTEN_MINOR__ instead")
      |                                                                                  ^
In file included from /Users/miu/Code/peach-cat/.tmp/surge-reverb-debug/surge_effect_factory.cpp:2:
In file included from /Users/miu/Code/peach-cat/.cache/vcv-library-sources/SurgeXTRack/640153d4e70896a707bc3a7cbff1d375c44581b6/surge/src/common/dsp/Effect.h:26:
In file included from /Users/miu/Code/peach-cat/.cache/vcv-library-sources/SurgeXTRack/640153d4e70896a707bc3a7cbff1d375c44581b6/surge/src/common/dsp/utilities/DSPUtils.h:29:
In file included from /Users/miu/Code/peach-cat/.cache/vcv-library-sources/SurgeXTRack/640153d4e70896a707bc3a7cbff1d375c44581b6/surge/src/common/globals.h:62:
In file included from /Users/miu/Code/peach-cat/.cache/vcv-library-sources/SurgeXTRack/640153d4e70896a707bc3a7cbff1d375c44581b6/surge/libs/simde/simde/x86/sse2.h:35:
In file included from /Users/miu/Code/peach-cat/.cache/vcv-library-sources/SurgeXTRack/640153d4e70896a707bc3a7cbff1d375c44581b6/surge/libs/simde/simde/x86/sse.h:33:
In file included from /Users/miu/Code/peach-cat/.cache/vcv-library-sources/SurgeXTRack/640153d4e70896a707bc3a7cbff1d375c44581b6/surge/libs/simde/simde/x86/mmx.h:30:
In file included from /Users/miu/Code/peach-cat/.cache/vcv-library-sources/SurgeXTRack/640153d4e70896a707bc3a7cbff1d375c44581b6/surge/libs/simde/simde/x86/../simde-common.h:47:
/Users/miu/Code/peach-cat/.cache/vcv-library-sources/SurgeXTRack/640153d4e70896a707bc3a7cbff1d375c44581b6/surge/libs/simde/simde/x86/../simde-math.h:1289:47: warning: macro '__EMSCRIPTEN_tiny__' has been marked as deprecated: Use __EMSCRIPTEN_TINY__ instead [-Wdeprecated-pragma]
 1289 |      ((!defined(HEDLEY_EMSCRIPTEN_VERSION) || HEDLEY_EMSCRIPTEN_VERSION_CHECK(3, 1, 43)) && HEDLEY_HAS_BUILTIN(__builtin_roundevenf)) || \
      |                                               ^
/Users/miu/Code/peach-cat/.cache/vcv-library-sources/SurgeXTRack/640153d4e70896a707bc3a7cbff1d375c44581b6/surge/libs/simde/simde/x86/../hedley.h:195:63: note: expanded from macro 'HEDLEY_EMSCRIPTEN_VERSION_CHECK'
  195 | #  define HEDLEY_EMSCRIPTEN_VERSION_CHECK(major,minor,patch) (HEDLEY_EMSCRIPTEN_VERSION >= HEDLEY_VERSION_ENCODE(major, minor, patch))
      |                                                               ^
/Users/miu/Code/peach-cat/.cache/vcv-library-sources/SurgeXTRack/640153d4e70896a707bc3a7cbff1d375c44581b6/surge/libs/simde/simde/x86/../hedley.h:188:103: note: expanded from macro 'HEDLEY_EMSCRIPTEN_VERSION'
  188 | #  define HEDLEY_EMSCRIPTEN_VERSION HEDLEY_VERSION_ENCODE(__EMSCRIPTEN_major__, __EMSCRIPTEN_minor__, __EMSCRIPTEN_tiny__)
      |                                                                                                       ^
/opt/homebrew/Cellar/emscripten/6.0.3/libexec/cache/sysroot/include/emscripten/version.h:12:80: note: macro marked 'deprecated' here
   12 | #pragma clang deprecated(__EMSCRIPTEN_tiny__, "Use __EMSCRIPTEN_TINY__ instead")
      |                                                                                ^
6 warnings generated.
unreachable
