From https://github.com/VCVRack/library
 * branch            v2         -> FETCH_HEAD
In file included from /Users/miu/Code/peach-cat/.tmp/surge-reverb-compiled/adapter.cpp:15:
In file included from /Users/miu/Code/peach-cat/.cache/vcv-library-sources/SurgeXTRack/640153d4e70896a707bc3a7cbff1d375c44581b6/src/TemposyncSupport.h:23:
In file included from /Users/miu/Code/peach-cat/.cache/vcv-library-sources/SurgeXTRack/640153d4e70896a707bc3a7cbff1d375c44581b6/surge/src/common/Parameter.h:25:
In file included from /Users/miu/Code/peach-cat/.cache/vcv-library-sources/SurgeXTRack/640153d4e70896a707bc3a7cbff1d375c44581b6/surge/src/common/globals.h:62:
In file included from /Users/miu/Code/peach-cat/.cache/vcv-library-sources/SurgeXTRack/640153d4e70896a707bc3a7cbff1d375c44581b6/surge/libs/simde/simde/x86/sse2.h:35:
In file included from /Users/miu/Code/peach-cat/.cache/vcv-library-sources/SurgeXTRack/640153d4e70896a707bc3a7cbff1d375c44581b6/surge/libs/simde/simde/x86/sse.h:33:
In file included from /Users/miu/Code/peach-cat/.cache/vcv-library-sources/SurgeXTRack/640153d4e70896a707bc3a7cbff1d375c44581b6/surge/libs/simde/simde/x86/mmx.h:30:
In file included from /Users/miu/Code/peach-cat/.cache/vcv-library-sources/SurgeXTRack/640153d4e70896a707bc3a7cbff1d375c44581b6/surge/libs/simde/simde/x86/../simde-common.h:47:
/Users/miu/Code/peach-cat/.cache/vcv-library-sources/SurgeXTRack/640153d4e70896a707bc3a7cbff1d375c44581b6/surge/libs/simde/simde/x86/../simde-math.h:1269:47: warning: macro '__EMSCRIPTEN_major__' has been marked as deprecated: Use __EMSCRIPTEN_MAJOR__ instead [-Wdeprecated-pragma]
 1269 |      ((!defined(HEDLEY_EMSCRIPTEN_VERSION) || HEDLEY_EMSCRIPTEN_VERSION_CHECK(3, 1, 43)) && HEDLEY_HAS_BUILTIN(__builtin_roundeven)) || \
      |                                               ^
/Users/miu/Code/peach-cat/.cache/vcv-library-sources/SurgeXTRack/640153d4e70896a707bc3a7cbff1d375c44581b6/surge/libs/simde/simde/x86/../hedley.h:195:63: note: expanded from macro 'HEDLEY_EMSCRIPTEN_VERSION_CHECK'
  195 | #  define HEDLEY_EMSCRIPTEN_VERSION_CHECK(major,minor,patch) (HEDLEY_EMSCRIPTEN_VERSION >= HEDLEY_VERSION_ENCODE(major, minor, patch))
      |                                                               ^
/Users/miu/Code/peach-cat/.cache/vcv-library-sources/SurgeXTRack/640153d4e70896a707bc3a7cbff1d375c44581b6/surge/libs/simde/simde/x86/../hedley.h:188:59: note: expanded from macro 'HEDLEY_EMSCRIPTEN_VERSION'
  188 | #  define HEDLEY_EMSCRIPTEN_VERSION HEDLEY_VERSION_ENCODE(__EMSCRIPTEN_major__, __EMSCRIPTEN_minor__, __EMSCRIPTEN_tiny__)
      |                                                           ^
/opt/homebrew/Cellar/emscripten/6.0.3/libexec/cache/sysroot/include/emscripten/version.h:10:82: note: macro marked 'deprecated' here
   10 | #pragma clang deprecated(__EMSCRIPTEN_major__, "Use __EMSCRIPTEN_MAJOR__ instead")
      |                                                                                  ^
In file included from /Users/miu/Code/peach-cat/.tmp/surge-reverb-compiled/adapter.cpp:15:
In file included from /Users/miu/Code/peach-cat/.cache/vcv-library-sources/SurgeXTRack/640153d4e70896a707bc3a7cbff1d375c44581b6/src/TemposyncSupport.h:23:
In file included from /Users/miu/Code/peach-cat/.cache/vcv-library-sources/SurgeXTRack/640153d4e70896a707bc3a7cbff1d375c44581b6/surge/src/common/Parameter.h:25:
In file included from /Users/miu/Code/peach-cat/.cache/vcv-library-sources/SurgeXTRack/640153d4e70896a707bc3a7cbff1d375c44581b6/surge/src/common/globals.h:62:
In file included from /Users/miu/Code/peach-cat/.cache/vcv-library-sources/SurgeXTRack/640153d4e70896a707bc3a7cbff1d375c44581b6/surge/libs/simde/simde/x86/sse2.h:35:
In file included from /Users/miu/Code/peach-cat/.cache/vcv-library-sources/SurgeXTRack/640153d4e70896a707bc3a7cbff1d375c44581b6/surge/libs/simde/simde/x86/sse.h:33:
In file included from /Users/miu/Code/peach-cat/.cache/vcv-library-sources/SurgeXTRack/640153d4e70896a707bc3a7cbff1d375c44581b6/surge/libs/simde/simde/x86/mmx.h:30:
In file included from /Users/miu/Code/peach-cat/.cache/vcv-library-sources/SurgeXTRack/640153d4e70896a707bc3a7cbff1d375c44581b6/surge/libs/simde/simde/x86/../simde-common.h:47:
/Users/miu/Code/peach-cat/.cache/vcv-library-sources/SurgeXTRack/640153d4e70896a707bc3a7cbff1d375c44581b6/surge/libs/simde/simde/x86/../simde-math.h:1269:47: warning: macro '__EMSCRIPTEN_minor__' has been marked as deprecated: Use __EMSCRIPTEN_MINOR__ instead [-Wdeprecated-pragma]
 1269 |      ((!defined(HEDLEY_EMSCRIPTEN_VERSION) || HEDLEY_EMSCRIPTEN_VERSION_CHECK(3, 1, 43)) && HEDLEY_HAS_BUILTIN(__builtin_roundeven)) || \
      |                                               ^
/Users/miu/Code/peach-cat/.cache/vcv-library-sources/SurgeXTRack/640153d4e70896a707bc3a7cbff1d375c44581b6/surge/libs/simde/simde/x86/../hedley.h:195:63: note: expanded from macro 'HEDLEY_EMSCRIPTEN_VERSION_CHECK'
  195 | #  define HEDLEY_EMSCRIPTEN_VERSION_CHECK(major,minor,patch) (HEDLEY_EMSCRIPTEN_VERSION >= HEDLEY_VERSION_ENCODE(major, minor, patch))
      |                                                               ^
/Users/miu/Code/peach-cat/.cache/vcv-library-sources/SurgeXTRack/640153d4e70896a707bc3a7cbff1d375c44581b6/surge/libs/simde/simde/x86/../hedley.h:188:81: note: expanded from macro 'HEDLEY_EMSCRIPTEN_VERSION'
  188 | #  define HEDLEY_EMSCRIPTEN_VERSION HEDLEY_VERSION_ENCODE(__EMSCRIPTEN_major__, __EMSCRIPTEN_minor__, __EMSCRIPTEN_tiny__)
      |                                                                                 ^
/opt/homebrew/Cellar/emscripten/6.0.3/libexec/cache/sysroot/include/emscripten/version.h:11:82: note: macro marked 'deprecated' here
   11 | #pragma clang deprecated(__EMSCRIPTEN_minor__, "Use __EMSCRIPTEN_MINOR__ instead")
      |                                                                                  ^
In file included from /Users/miu/Code/peach-cat/.tmp/surge-reverb-compiled/adapter.cpp:15:
In file included from /Users/miu/Code/peach-cat/.cache/vcv-library-sources/SurgeXTRack/640153d4e70896a707bc3a7cbff1d375c44581b6/src/TemposyncSupport.h:23:
In file included from /Users/miu/Code/peach-cat/.cache/vcv-library-sources/SurgeXTRack/640153d4e70896a707bc3a7cbff1d375c44581b6/surge/src/common/Parameter.h:25:
In file included from /Users/miu/Code/peach-cat/.cache/vcv-library-sources/SurgeXTRack/640153d4e70896a707bc3a7cbff1d375c44581b6/surge/src/common/globals.h:62:
In file included from /Users/miu/Code/peach-cat/.cache/vcv-library-sources/SurgeXTRack/640153d4e70896a707bc3a7cbff1d375c44581b6/surge/libs/simde/simde/x86/sse2.h:35:
In file included from /Users/miu/Code/peach-cat/.cache/vcv-library-sources/SurgeXTRack/640153d4e70896a707bc3a7cbff1d375c44581b6/surge/libs/simde/simde/x86/sse.h:33:
In file included from /Users/miu/Code/peach-cat/.cache/vcv-library-sources/SurgeXTRack/640153d4e70896a707bc3a7cbff1d375c44581b6/surge/libs/simde/simde/x86/mmx.h:30:
In file included from /Users/miu/Code/peach-cat/.cache/vcv-library-sources/SurgeXTRack/640153d4e70896a707bc3a7cbff1d375c44581b6/surge/libs/simde/simde/x86/../simde-common.h:47:
/Users/miu/Code/peach-cat/.cache/vcv-library-sources/SurgeXTRack/640153d4e70896a707bc3a7cbff1d375c44581b6/surge/libs/simde/simde/x86/../simde-math.h:1269:47: warning: macro '__EMSCRIPTEN_tiny__' has been marked as deprecated: Use __EMSCRIPTEN_TINY__ instead [-Wdeprecated-pragma]
 1269 |      ((!defined(HEDLEY_EMSCRIPTEN_VERSION) || HEDLEY_EMSCRIPTEN_VERSION_CHECK(3, 1, 43)) && HEDLEY_HAS_BUILTIN(__builtin_roundeven)) || \
      |                                               ^
/Users/miu/Code/peach-cat/.cache/vcv-library-sources/SurgeXTRack/640153d4e70896a707bc3a7cbff1d375c44581b6/surge/libs/simde/simde/x86/../hedley.h:195:63: note: expanded from macro 'HEDLEY_EMSCRIPTEN_VERSION_CHECK'
  195 | #  define HEDLEY_EMSCRIPTEN_VERSION_CHECK(major,minor,patch) (HEDLEY_EMSCRIPTEN_VERSION >= HEDLEY_VERSION_ENCODE(major, minor, patch))
      |                                                               ^
/Users/miu/Code/peach-cat/.cache/vcv-library-sources/SurgeXTRack/640153d4e70896a707bc3a7cbff1d375c44581b6/surge/libs/simde/simde/x86/../hedley.h:188:103: note: expanded from macro 'HEDLEY_EMSCRIPTEN_VERSION'
  188 | #  define HEDLEY_EMSCRIPTEN_VERSION HEDLEY_VERSION_ENCODE(__EMSCRIPTEN_major__, __EMSCRIPTEN_minor__, __EMSCRIPTEN_tiny__)
      |                                                                                                       ^
/opt/homebrew/Cellar/emscripten/6.0.3/libexec/cache/sysroot/include/emscripten/version.h:12:80: note: macro marked 'deprecated' here
   12 | #pragma clang deprecated(__EMSCRIPTEN_tiny__, "Use __EMSCRIPTEN_TINY__ instead")
      |                                                                                ^
In file included from /Users/miu/Code/peach-cat/.tmp/surge-reverb-compiled/adapter.cpp:15:
In file included from /Users/miu/Code/peach-cat/.cache/vcv-library-sources/SurgeXTRack/640153d4e70896a707bc3a7cbff1d375c44581b6/src/TemposyncSupport.h:23:
In file included from /Users/miu/Code/peach-cat/.cache/vcv-library-sources/SurgeXTRack/640153d4e70896a707bc3a7cbff1d375c44581b6/surge/src/common/Parameter.h:25:
In file included from /Users/miu/Code/peach-cat/.cache/vcv-library-sources/SurgeXTRack/640153d4e70896a707bc3a7cbff1d375c44581b6/surge/src/common/globals.h:62:
In file included from /Users/miu/Code/peach-cat/.cache/vcv-library-sources/SurgeXTRack/640153d4e70896a707bc3a7cbff1d375c44581b6/surge/libs/simde/simde/x86/sse2.h:35:
In file included from /Users/miu/Code/peach-cat/.cache/vcv-library-sources/SurgeXTRack/640153d4e70896a707bc3a7cbff1d375c44581b6/surge/libs/simde/simde/x86/sse.h:33:
In file included from /Users/miu/Code/peach-cat/.cache/vcv-library-sources/SurgeXTRack/640153d4e70896a707bc3a7cbff1d375c44581b6/surge/libs/simde/simde/x86/mmx.h:30:
In file included from /Users/miu/Code/peach-cat/.cache/vcv-library-sources/SurgeXTRack/640153d4e70896a707bc3a7cbff1d375c44581b6/surge/libs/simde/simde/x86/../simde-common.h:47:
/Users/miu/Code/peach-cat/.cache/vcv-library-sources/SurgeXTRack/640153d4e70896a707bc3a7cbff1d375c44581b6/surge/libs/simde/simde/x86/../simde-math.h:1289:47: warning: macro '__EMSCRIPTEN_major__' has been marked as deprecated: Use __EMSCRIPTEN_MAJOR__ instead [-Wdeprecated-pragma]
 1289 |      ((!defined(HEDLEY_EMSCRIPTEN_VERSION) || HEDLEY_EMSCRIPTEN_VERSION_CHECK(3, 1, 43)) && HEDLEY_HAS_BUILTIN(__builtin_roundevenf)) || \
      |                                               ^
/Users/miu/Code/peach-cat/.cache/vcv-library-sources/SurgeXTRack/640153d4e70896a707bc3a7cbff1d375c44581b6/surge/libs/simde/simde/x86/../hedley.h:195:63: note: expanded from macro 'HEDLEY_EMSCRIPTEN_VERSION_CHECK'
  195 | #  define HEDLEY_EMSCRIPTEN_VERSION_CHECK(major,minor,patch) (HEDLEY_EMSCRIPTEN_VERSION >= HEDLEY_VERSION_ENCODE(major, minor, patch))
      |                                                               ^
/Users/miu/Code/peach-cat/.cache/vcv-library-sources/SurgeXTRack/640153d4e70896a707bc3a7cbff1d375c44581b6/surge/libs/simde/simde/x86/../hedley.h:188:59: note: expanded from macro 'HEDLEY_EMSCRIPTEN_VERSION'
  188 | #  define HEDLEY_EMSCRIPTEN_VERSION HEDLEY_VERSION_ENCODE(__EMSCRIPTEN_major__, __EMSCRIPTEN_minor__, __EMSCRIPTEN_tiny__)
      |                                                           ^
/opt/homebrew/Cellar/emscripten/6.0.3/libexec/cache/sysroot/include/emscripten/version.h:10:82: note: macro marked 'deprecated' here
   10 | #pragma clang deprecated(__EMSCRIPTEN_major__, "Use __EMSCRIPTEN_MAJOR__ instead")
      |                                                                                  ^
In file included from /Users/miu/Code/peach-cat/.tmp/surge-reverb-compiled/adapter.cpp:15:
In file included from /Users/miu/Code/peach-cat/.cache/vcv-library-sources/SurgeXTRack/640153d4e70896a707bc3a7cbff1d375c44581b6/src/TemposyncSupport.h:23:
In file included from /Users/miu/Code/peach-cat/.cache/vcv-library-sources/SurgeXTRack/640153d4e70896a707bc3a7cbff1d375c44581b6/surge/src/common/Parameter.h:25:
In file included from /Users/miu/Code/peach-cat/.cache/vcv-library-sources/SurgeXTRack/640153d4e70896a707bc3a7cbff1d375c44581b6/surge/src/common/globals.h:62:
In file included from /Users/miu/Code/peach-cat/.cache/vcv-library-sources/SurgeXTRack/640153d4e70896a707bc3a7cbff1d375c44581b6/surge/libs/simde/simde/x86/sse2.h:35:
In file included from /Users/miu/Code/peach-cat/.cache/vcv-library-sources/SurgeXTRack/640153d4e70896a707bc3a7cbff1d375c44581b6/surge/libs/simde/simde/x86/sse.h:33:
In file included from /Users/miu/Code/peach-cat/.cache/vcv-library-sources/SurgeXTRack/640153d4e70896a707bc3a7cbff1d375c44581b6/surge/libs/simde/simde/x86/mmx.h:30:
In file included from /Users/miu/Code/peach-cat/.cache/vcv-library-sources/SurgeXTRack/640153d4e70896a707bc3a7cbff1d375c44581b6/surge/libs/simde/simde/x86/../simde-common.h:47:
/Users/miu/Code/peach-cat/.cache/vcv-library-sources/SurgeXTRack/640153d4e70896a707bc3a7cbff1d375c44581b6/surge/libs/simde/simde/x86/../simde-math.h:1289:47: warning: macro '__EMSCRIPTEN_minor__' has been marked as deprecated: Use __EMSCRIPTEN_MINOR__ instead [-Wdeprecated-pragma]
 1289 |      ((!defined(HEDLEY_EMSCRIPTEN_VERSION) || HEDLEY_EMSCRIPTEN_VERSION_CHECK(3, 1, 43)) && HEDLEY_HAS_BUILTIN(__builtin_roundevenf)) || \
      |                                               ^
/Users/miu/Code/peach-cat/.cache/vcv-library-sources/SurgeXTRack/640153d4e70896a707bc3a7cbff1d375c44581b6/surge/libs/simde/simde/x86/../hedley.h:195:63: note: expanded from macro 'HEDLEY_EMSCRIPTEN_VERSION_CHECK'
  195 | #  define HEDLEY_EMSCRIPTEN_VERSION_CHECK(major,minor,patch) (HEDLEY_EMSCRIPTEN_VERSION >= HEDLEY_VERSION_ENCODE(major, minor, patch))
      |                                                               ^
/Users/miu/Code/peach-cat/.cache/vcv-library-sources/SurgeXTRack/640153d4e70896a707bc3a7cbff1d375c44581b6/surge/libs/simde/simde/x86/../hedley.h:188:81: note: expanded from macro 'HEDLEY_EMSCRIPTEN_VERSION'
  188 | #  define HEDLEY_EMSCRIPTEN_VERSION HEDLEY_VERSION_ENCODE(__EMSCRIPTEN_major__, __EMSCRIPTEN_minor__, __EMSCRIPTEN_tiny__)
      |                                                                                 ^
/opt/homebrew/Cellar/emscripten/6.0.3/libexec/cache/sysroot/include/emscripten/version.h:11:82: note: macro marked 'deprecated' here
   11 | #pragma clang deprecated(__EMSCRIPTEN_minor__, "Use __EMSCRIPTEN_MINOR__ instead")
      |                                                                                  ^
In file included from /Users/miu/Code/peach-cat/.tmp/surge-reverb-compiled/adapter.cpp:15:
In file included from /Users/miu/Code/peach-cat/.cache/vcv-library-sources/SurgeXTRack/640153d4e70896a707bc3a7cbff1d375c44581b6/src/TemposyncSupport.h:23:
In file included from /Users/miu/Code/peach-cat/.cache/vcv-library-sources/SurgeXTRack/640153d4e70896a707bc3a7cbff1d375c44581b6/surge/src/common/Parameter.h:25:
In file included from /Users/miu/Code/peach-cat/.cache/vcv-library-sources/SurgeXTRack/640153d4e70896a707bc3a7cbff1d375c44581b6/surge/src/common/globals.h:62:
In file included from /Users/miu/Code/peach-cat/.cache/vcv-library-sources/SurgeXTRack/640153d4e70896a707bc3a7cbff1d375c44581b6/surge/libs/simde/simde/x86/sse2.h:35:
In file included from /Users/miu/Code/peach-cat/.cache/vcv-library-sources/SurgeXTRack/640153d4e70896a707bc3a7cbff1d375c44581b6/surge/libs/simde/simde/x86/sse.h:33:
In file included from /Users/miu/Code/peach-cat/.cache/vcv-library-sources/SurgeXTRack/640153d4e70896a707bc3a7cbff1d375c44581b6/surge/libs/simde/simde/x86/mmx.h:30:
In file included from /Users/miu/Code/peach-cat/.cache/vcv-library-sources/SurgeXTRack/640153d4e70896a707bc3a7cbff1d375c44581b6/surge/libs/simde/simde/x86/../simde-common.h:47:
/Users/miu/Code/peach-cat/.cache/vcv-library-sources/SurgeXTRack/640153d4e70896a707bc3a7cbff1d375c44581b6/surge/libs/simde/simde/x86/../simde-math.h:1289:47: warning: macro '__EMSCRIPTEN_tiny__' has been marked as deprecated: Use __EMSCRIPTEN_TINY__ instead [-Wdeprecated-pragma]
 1289 |      ((!defined(HEDLEY_EMSCRIPTEN_VERSION) || HEDLEY_EMSCRIPTEN_VERSION_CHECK(3, 1, 43)) && HEDLEY_HAS_BUILTIN(__builtin_roundevenf)) || \
      |                                               ^
/Users/miu/Code/peach-cat/.cache/vcv-library-sources/SurgeXTRack/640153d4e70896a707bc3a7cbff1d375c44581b6/surge/libs/simde/simde/x86/../hedley.h:195:63: note: expanded from macro 'HEDLEY_EMSCRIPTEN_VERSION_CHECK'
  195 | #  define HEDLEY_EMSCRIPTEN_VERSION_CHECK(major,minor,patch) (HEDLEY_EMSCRIPTEN_VERSION >= HEDLEY_VERSION_ENCODE(major, minor, patch))
      |                                                               ^
/Users/miu/Code/peach-cat/.cache/vcv-library-sources/SurgeXTRack/640153d4e70896a707bc3a7cbff1d375c44581b6/surge/libs/simde/simde/x86/../hedley.h:188:103: note: expanded from macro 'HEDLEY_EMSCRIPTEN_VERSION'
  188 | #  define HEDLEY_EMSCRIPTEN_VERSION HEDLEY_VERSION_ENCODE(__EMSCRIPTEN_major__, __EMSCRIPTEN_minor__, __EMSCRIPTEN_tiny__)
      |                                                                                                       ^
/opt/homebrew/Cellar/emscripten/6.0.3/libexec/cache/sysroot/include/emscripten/version.h:12:80: note: macro marked 'deprecated' here
   12 | #pragma clang deprecated(__EMSCRIPTEN_tiny__, "Use __EMSCRIPTEN_TINY__ instead")
      |                                                                                ^
In file included from /Users/miu/Code/peach-cat/.tmp/surge-reverb-compiled/adapter.cpp:15:
In file included from /Users/miu/Code/peach-cat/.cache/vcv-library-sources/SurgeXTRack/640153d4e70896a707bc3a7cbff1d375c44581b6/src/TemposyncSupport.h:23:
In file included from /Users/miu/Code/peach-cat/.cache/vcv-library-sources/SurgeXTRack/640153d4e70896a707bc3a7cbff1d375c44581b6/surge/src/common/Parameter.h:25:
In file included from /Users/miu/Code/peach-cat/.cache/vcv-library-sources/SurgeXTRack/640153d4e70896a707bc3a7cbff1d375c44581b6/surge/src/common/globals.h:62:
In file included from /Users/miu/Code/peach-cat/.cache/vcv-library-sources/SurgeXTRack/640153d4e70896a707bc3a7cbff1d375c44581b6/surge/libs/simde/simde/x86/sse2.h:35:
/Users/miu/Code/peach-cat/.cache/vcv-library-sources/SurgeXTRack/640153d4e70896a707bc3a7cbff1d375c44581b6/surge/libs/simde/simde/x86/sse.h:4026:11: warning: '_MM_SHUFFLE' macro redefined [-Wmacro-redefined]
 4026 | #  define _MM_SHUFFLE(z, y, x, w) SIMDE_MM_SHUFFLE(z, y, x, w)
      |           ^
/Users/miu/Code/peach-cat/web-runtime/include/rack_web.hpp:490:9: note: previous definition is here
  490 | #define _MM_SHUFFLE(z, y, x, w) (((z) << 6) | ((y) << 4) | ((x) << 2) | (w))
      |         ^
7 warnings generated.
In file included from /Users/miu/Code/peach-cat/.tmp/surge-reverb-compiled/fx_preset_manager_browser.cpp:23:
In file included from /Users/miu/Code/peach-cat/.cache/vcv-library-sources/SurgeXTRack/640153d4e70896a707bc3a7cbff1d375c44581b6/surge/src/common/FxPresetAndClipboardManager.h:26:
In file included from /Users/miu/Code/peach-cat/.cache/vcv-library-sources/SurgeXTRack/640153d4e70896a707bc3a7cbff1d375c44581b6/surge/src/common/SurgeStorage.h:25:
In file included from /Users/miu/Code/peach-cat/.cache/vcv-library-sources/SurgeXTRack/640153d4e70896a707bc3a7cbff1d375c44581b6/surge/src/common/globals.h:62:
In file included from /Users/miu/Code/peach-cat/.cache/vcv-library-sources/SurgeXTRack/640153d4e70896a707bc3a7cbff1d375c44581b6/surge/libs/simde/simde/x86/sse2.h:35:
In file included from /Users/miu/Code/peach-cat/.cache/vcv-library-sources/SurgeXTRack/640153d4e70896a707bc3a7cbff1d375c44581b6/surge/libs/simde/simde/x86/sse.h:33:
In file included from /Users/miu/Code/peach-cat/.cache/vcv-library-sources/SurgeXTRack/640153d4e70896a707bc3a7cbff1d375c44581b6/surge/libs/simde/simde/x86/mmx.h:30:
In file included from /Users/miu/Code/peach-cat/.cache/vcv-library-sources/SurgeXTRack/640153d4e70896a707bc3a7cbff1d375c44581b6/surge/libs/simde/simde/x86/../simde-common.h:47:
/Users/miu/Code/peach-cat/.cache/vcv-library-sources/SurgeXTRack/640153d4e70896a707bc3a7cbff1d375c44581b6/surge/libs/simde/simde/x86/../simde-math.h:1269:47: warning: macro '__EMSCRIPTEN_major__' has been marked as deprecated: Use __EMSCRIPTEN_MAJOR__ instead [-Wdeprecated-pragma]
 1269 |      ((!defined(HEDLEY_EMSCRIPTEN_VERSION) || HEDLEY_EMSCRIPTEN_VERSION_CHECK(3, 1, 43)) && HEDLEY_HAS_BUILTIN(__builtin_roundeven)) || \
      |                                               ^
/Users/miu/Code/peach-cat/.cache/vcv-library-sources/SurgeXTRack/640153d4e70896a707bc3a7cbff1d375c44581b6/surge/libs/simde/simde/x86/../hedley.h:195:63: note: expanded from macro 'HEDLEY_EMSCRIPTEN_VERSION_CHECK'
  195 | #  define HEDLEY_EMSCRIPTEN_VERSION_CHECK(major,minor,patch) (HEDLEY_EMSCRIPTEN_VERSION >= HEDLEY_VERSION_ENCODE(major, minor, patch))
      |                                                               ^
/Users/miu/Code/peach-cat/.cache/vcv-library-sources/SurgeXTRack/640153d4e70896a707bc3a7cbff1d375c44581b6/surge/libs/simde/simde/x86/../hedley.h:188:59: note: expanded from macro 'HEDLEY_EMSCRIPTEN_VERSION'
  188 | #  define HEDLEY_EMSCRIPTEN_VERSION HEDLEY_VERSION_ENCODE(__EMSCRIPTEN_major__, __EMSCRIPTEN_minor__, __EMSCRIPTEN_tiny__)
      |                                                           ^
/opt/homebrew/Cellar/emscripten/6.0.3/libexec/cache/sysroot/include/emscripten/version.h:10:82: note: macro marked 'deprecated' here
   10 | #pragma clang deprecated(__EMSCRIPTEN_major__, "Use __EMSCRIPTEN_MAJOR__ instead")
      |                                                                                  ^
In file included from /Users/miu/Code/peach-cat/.tmp/surge-reverb-compiled/fx_preset_manager_browser.cpp:23:
In file included from /Users/miu/Code/peach-cat/.cache/vcv-library-sources/SurgeXTRack/640153d4e70896a707bc3a7cbff1d375c44581b6/surge/src/common/FxPresetAndClipboardManager.h:26:
In file included from /Users/miu/Code/peach-cat/.cache/vcv-library-sources/SurgeXTRack/640153d4e70896a707bc3a7cbff1d375c44581b6/surge/src/common/SurgeStorage.h:25:
In file included from /Users/miu/Code/peach-cat/.cache/vcv-library-sources/SurgeXTRack/640153d4e70896a707bc3a7cbff1d375c44581b6/surge/src/common/globals.h:62:
In file included from /Users/miu/Code/peach-cat/.cache/vcv-library-sources/SurgeXTRack/640153d4e70896a707bc3a7cbff1d375c44581b6/surge/libs/simde/simde/x86/sse2.h:35:
In file included from /Users/miu/Code/peach-cat/.cache/vcv-library-sources/SurgeXTRack/640153d4e70896a707bc3a7cbff1d375c44581b6/surge/libs/simde/simde/x86/sse.h:33:
In file included from /Users/miu/Code/peach-cat/.cache/vcv-library-sources/SurgeXTRack/640153d4e70896a707bc3a7cbff1d375c44581b6/surge/libs/simde/simde/x86/mmx.h:30:
In file included from /Users/miu/Code/peach-cat/.cache/vcv-library-sources/SurgeXTRack/640153d4e70896a707bc3a7cbff1d375c44581b6/surge/libs/simde/simde/x86/../simde-common.h:47:
/Users/miu/Code/peach-cat/.cache/vcv-library-sources/SurgeXTRack/640153d4e70896a707bc3a7cbff1d375c44581b6/surge/libs/simde/simde/x86/../simde-math.h:1269:47: warning: macro '__EMSCRIPTEN_minor__' has been marked as deprecated: Use __EMSCRIPTEN_MINOR__ instead [-Wdeprecated-pragma]
 1269 |      ((!defined(HEDLEY_EMSCRIPTEN_VERSION) || HEDLEY_EMSCRIPTEN_VERSION_CHECK(3, 1, 43)) && HEDLEY_HAS_BUILTIN(__builtin_roundeven)) || \
      |                                               ^
/Users/miu/Code/peach-cat/.cache/vcv-library-sources/SurgeXTRack/640153d4e70896a707bc3a7cbff1d375c44581b6/surge/libs/simde/simde/x86/../hedley.h:195:63: note: expanded from macro 'HEDLEY_EMSCRIPTEN_VERSION_CHECK'
  195 | #  define HEDLEY_EMSCRIPTEN_VERSION_CHECK(major,minor,patch) (HEDLEY_EMSCRIPTEN_VERSION >= HEDLEY_VERSION_ENCODE(major, minor, patch))
      |                                                               ^
/Users/miu/Code/peach-cat/.cache/vcv-library-sources/SurgeXTRack/640153d4e70896a707bc3a7cbff1d375c44581b6/surge/libs/simde/simde/x86/../hedley.h:188:81: note: expanded from macro 'HEDLEY_EMSCRIPTEN_VERSION'
  188 | #  define HEDLEY_EMSCRIPTEN_VERSION HEDLEY_VERSION_ENCODE(__EMSCRIPTEN_major__, __EMSCRIPTEN_minor__, __EMSCRIPTEN_tiny__)
      |                                                                                 ^
/opt/homebrew/Cellar/emscripten/6.0.3/libexec/cache/sysroot/include/emscripten/version.h:11:82: note: macro marked 'deprecated' here
   11 | #pragma clang deprecated(__EMSCRIPTEN_minor__, "Use __EMSCRIPTEN_MINOR__ instead")
      |                                                                                  ^
In file included from /Users/miu/Code/peach-cat/.tmp/surge-reverb-compiled/fx_preset_manager_browser.cpp:23:
In file included from /Users/miu/Code/peach-cat/.cache/vcv-library-sources/SurgeXTRack/640153d4e70896a707bc3a7cbff1d375c44581b6/surge/src/common/FxPresetAndClipboardManager.h:26:
In file included from /Users/miu/Code/peach-cat/.cache/vcv-library-sources/SurgeXTRack/640153d4e70896a707bc3a7cbff1d375c44581b6/surge/src/common/SurgeStorage.h:25:
In file included from /Users/miu/Code/peach-cat/.cache/vcv-library-sources/SurgeXTRack/640153d4e70896a707bc3a7cbff1d375c44581b6/surge/src/common/globals.h:62:
In file included from /Users/miu/Code/peach-cat/.cache/vcv-library-sources/SurgeXTRack/640153d4e70896a707bc3a7cbff1d375c44581b6/surge/libs/simde/simde/x86/sse2.h:35:
In file included from /Users/miu/Code/peach-cat/.cache/vcv-library-sources/SurgeXTRack/640153d4e70896a707bc3a7cbff1d375c44581b6/surge/libs/simde/simde/x86/sse.h:33:
In file included from /Users/miu/Code/peach-cat/.cache/vcv-library-sources/SurgeXTRack/640153d4e70896a707bc3a7cbff1d375c44581b6/surge/libs/simde/simde/x86/mmx.h:30:
In file included from /Users/miu/Code/peach-cat/.cache/vcv-library-sources/SurgeXTRack/640153d4e70896a707bc3a7cbff1d375c44581b6/surge/libs/simde/simde/x86/../simde-common.h:47:
/Users/miu/Code/peach-cat/.cache/vcv-library-sources/SurgeXTRack/640153d4e70896a707bc3a7cbff1d375c44581b6/surge/libs/simde/simde/x86/../simde-math.h:1269:47: warning: macro '__EMSCRIPTEN_tiny__' has been marked as deprecated: Use __EMSCRIPTEN_TINY__ instead [-Wdeprecated-pragma]
 1269 |      ((!defined(HEDLEY_EMSCRIPTEN_VERSION) || HEDLEY_EMSCRIPTEN_VERSION_CHECK(3, 1, 43)) && HEDLEY_HAS_BUILTIN(__builtin_roundeven)) || \
      |                                               ^
/Users/miu/Code/peach-cat/.cache/vcv-library-sources/SurgeXTRack/640153d4e70896a707bc3a7cbff1d375c44581b6/surge/libs/simde/simde/x86/../hedley.h:195:63: note: expanded from macro 'HEDLEY_EMSCRIPTEN_VERSION_CHECK'
  195 | #  define HEDLEY_EMSCRIPTEN_VERSION_CHECK(major,minor,patch) (HEDLEY_EMSCRIPTEN_VERSION >= HEDLEY_VERSION_ENCODE(major, minor, patch))
      |                                                               ^
/Users/miu/Code/peach-cat/.cache/vcv-library-sources/SurgeXTRack/640153d4e70896a707bc3a7cbff1d375c44581b6/surge/libs/simde/simde/x86/../hedley.h:188:103: note: expanded from macro 'HEDLEY_EMSCRIPTEN_VERSION'
  188 | #  define HEDLEY_EMSCRIPTEN_VERSION HEDLEY_VERSION_ENCODE(__EMSCRIPTEN_major__, __EMSCRIPTEN_minor__, __EMSCRIPTEN_tiny__)
      |                                                                                                       ^
/opt/homebrew/Cellar/emscripten/6.0.3/libexec/cache/sysroot/include/emscripten/version.h:12:80: note: macro marked 'deprecated' here
   12 | #pragma clang deprecated(__EMSCRIPTEN_tiny__, "Use __EMSCRIPTEN_TINY__ instead")
      |                                                                                ^
In file included from /Users/miu/Code/peach-cat/.tmp/surge-reverb-compiled/fx_preset_manager_browser.cpp:23:
In file included from /Users/miu/Code/peach-cat/.cache/vcv-library-sources/SurgeXTRack/640153d4e70896a707bc3a7cbff1d375c44581b6/surge/src/common/FxPresetAndClipboardManager.h:26:
In file included from /Users/miu/Code/peach-cat/.cache/vcv-library-sources/SurgeXTRack/640153d4e70896a707bc3a7cbff1d375c44581b6/surge/src/common/SurgeStorage.h:25:
In file included from /Users/miu/Code/peach-cat/.cache/vcv-library-sources/SurgeXTRack/640153d4e70896a707bc3a7cbff1d375c44581b6/surge/src/common/globals.h:62:
In file included from /Users/miu/Code/peach-cat/.cache/vcv-library-sources/SurgeXTRack/640153d4e70896a707bc3a7cbff1d375c44581b6/surge/libs/simde/simde/x86/sse2.h:35:
In file included from /Users/miu/Code/peach-cat/.cache/vcv-library-sources/SurgeXTRack/640153d4e70896a707bc3a7cbff1d375c44581b6/surge/libs/simde/simde/x86/sse.h:33:
In file included from /Users/miu/Code/peach-cat/.cache/vcv-library-sources/SurgeXTRack/640153d4e70896a707bc3a7cbff1d375c44581b6/surge/libs/simde/simde/x86/mmx.h:30:
In file included from /Users/miu/Code/peach-cat/.cache/vcv-library-sources/SurgeXTRack/640153d4e70896a707bc3a7cbff1d375c44581b6/surge/libs/simde/simde/x86/../simde-common.h:47:
/Users/miu/Code/peach-cat/.cache/vcv-library-sources/SurgeXTRack/640153d4e70896a707bc3a7cbff1d375c44581b6/surge/libs/simde/simde/x86/../simde-math.h:1289:47: warning: macro '__EMSCRIPTEN_major__' has been marked as deprecated: Use __EMSCRIPTEN_MAJOR__ instead [-Wdeprecated-pragma]
 1289 |      ((!defined(HEDLEY_EMSCRIPTEN_VERSION) || HEDLEY_EMSCRIPTEN_VERSION_CHECK(3, 1, 43)) && HEDLEY_HAS_BUILTIN(__builtin_roundevenf)) || \
      |                                               ^
/Users/miu/Code/peach-cat/.cache/vcv-library-sources/SurgeXTRack/640153d4e70896a707bc3a7cbff1d375c44581b6/surge/libs/simde/simde/x86/../hedley.h:195:63: note: expanded from macro 'HEDLEY_EMSCRIPTEN_VERSION_CHECK'
  195 | #  define HEDLEY_EMSCRIPTEN_VERSION_CHECK(major,minor,patch) (HEDLEY_EMSCRIPTEN_VERSION >= HEDLEY_VERSION_ENCODE(major, minor, patch))
      |                                                               ^
/Users/miu/Code/peach-cat/.cache/vcv-library-sources/SurgeXTRack/640153d4e70896a707bc3a7cbff1d375c44581b6/surge/libs/simde/simde/x86/../hedley.h:188:59: note: expanded from macro 'HEDLEY_EMSCRIPTEN_VERSION'
  188 | #  define HEDLEY_EMSCRIPTEN_VERSION HEDLEY_VERSION_ENCODE(__EMSCRIPTEN_major__, __EMSCRIPTEN_minor__, __EMSCRIPTEN_tiny__)
      |                                                           ^
/opt/homebrew/Cellar/emscripten/6.0.3/libexec/cache/sysroot/include/emscripten/version.h:10:82: note: macro marked 'deprecated' here
   10 | #pragma clang deprecated(__EMSCRIPTEN_major__, "Use __EMSCRIPTEN_MAJOR__ instead")
      |                                                                                  ^
In file included from /Users/miu/Code/peach-cat/.tmp/surge-reverb-compiled/fx_preset_manager_browser.cpp:23:
In file included from /Users/miu/Code/peach-cat/.cache/vcv-library-sources/SurgeXTRack/640153d4e70896a707bc3a7cbff1d375c44581b6/surge/src/common/FxPresetAndClipboardManager.h:26:
In file included from /Users/miu/Code/peach-cat/.cache/vcv-library-sources/SurgeXTRack/640153d4e70896a707bc3a7cbff1d375c44581b6/surge/src/common/SurgeStorage.h:25:
In file included from /Users/miu/Code/peach-cat/.cache/vcv-library-sources/SurgeXTRack/640153d4e70896a707bc3a7cbff1d375c44581b6/surge/src/common/globals.h:62:
In file included from /Users/miu/Code/peach-cat/.cache/vcv-library-sources/SurgeXTRack/640153d4e70896a707bc3a7cbff1d375c44581b6/surge/libs/simde/simde/x86/sse2.h:35:
In file included from /Users/miu/Code/peach-cat/.cache/vcv-library-sources/SurgeXTRack/640153d4e70896a707bc3a7cbff1d375c44581b6/surge/libs/simde/simde/x86/sse.h:33:
In file included from /Users/miu/Code/peach-cat/.cache/vcv-library-sources/SurgeXTRack/640153d4e70896a707bc3a7cbff1d375c44581b6/surge/libs/simde/simde/x86/mmx.h:30:
In file included from /Users/miu/Code/peach-cat/.cache/vcv-library-sources/SurgeXTRack/640153d4e70896a707bc3a7cbff1d375c44581b6/surge/libs/simde/simde/x86/../simde-common.h:47:
/Users/miu/Code/peach-cat/.cache/vcv-library-sources/SurgeXTRack/640153d4e70896a707bc3a7cbff1d375c44581b6/surge/libs/simde/simde/x86/../simde-math.h:1289:47: warning: macro '__EMSCRIPTEN_minor__' has been marked as deprecated: Use __EMSCRIPTEN_MINOR__ instead [-Wdeprecated-pragma]
 1289 |      ((!defined(HEDLEY_EMSCRIPTEN_VERSION) || HEDLEY_EMSCRIPTEN_VERSION_CHECK(3, 1, 43)) && HEDLEY_HAS_BUILTIN(__builtin_roundevenf)) || \
      |                                               ^
/Users/miu/Code/peach-cat/.cache/vcv-library-sources/SurgeXTRack/640153d4e70896a707bc3a7cbff1d375c44581b6/surge/libs/simde/simde/x86/../hedley.h:195:63: note: expanded from macro 'HEDLEY_EMSCRIPTEN_VERSION_CHECK'
  195 | #  define HEDLEY_EMSCRIPTEN_VERSION_CHECK(major,minor,patch) (HEDLEY_EMSCRIPTEN_VERSION >= HEDLEY_VERSION_ENCODE(major, minor, patch))
      |                                                               ^
/Users/miu/Code/peach-cat/.cache/vcv-library-sources/SurgeXTRack/640153d4e70896a707bc3a7cbff1d375c44581b6/surge/libs/simde/simde/x86/../hedley.h:188:81: note: expanded from macro 'HEDLEY_EMSCRIPTEN_VERSION'
  188 | #  define HEDLEY_EMSCRIPTEN_VERSION HEDLEY_VERSION_ENCODE(__EMSCRIPTEN_major__, __EMSCRIPTEN_minor__, __EMSCRIPTEN_tiny__)
      |                                                                                 ^
/opt/homebrew/Cellar/emscripten/6.0.3/libexec/cache/sysroot/include/emscripten/version.h:11:82: note: macro marked 'deprecated' here
   11 | #pragma clang deprecated(__EMSCRIPTEN_minor__, "Use __EMSCRIPTEN_MINOR__ instead")
      |                                                                                  ^
In file included from /Users/miu/Code/peach-cat/.tmp/surge-reverb-compiled/fx_preset_manager_browser.cpp:23:
In file included from /Users/miu/Code/peach-cat/.cache/vcv-library-sources/SurgeXTRack/640153d4e70896a707bc3a7cbff1d375c44581b6/surge/src/common/FxPresetAndClipboardManager.h:26:
In file included from /Users/miu/Code/peach-cat/.cache/vcv-library-sources/SurgeXTRack/640153d4e70896a707bc3a7cbff1d375c44581b6/surge/src/common/SurgeStorage.h:25:
In file included from /Users/miu/Code/peach-cat/.cache/vcv-library-sources/SurgeXTRack/640153d4e70896a707bc3a7cbff1d375c44581b6/surge/src/common/globals.h:62:
In file included from /Users/miu/Code/peach-cat/.cache/vcv-library-sources/SurgeXTRack/640153d4e70896a707bc3a7cbff1d375c44581b6/surge/libs/simde/simde/x86/sse2.h:35:
In file included from /Users/miu/Code/peach-cat/.cache/vcv-library-sources/SurgeXTRack/640153d4e70896a707bc3a7cbff1d375c44581b6/surge/libs/simde/simde/x86/sse.h:33:
In file included from /Users/miu/Code/peach-cat/.cache/vcv-library-sources/SurgeXTRack/640153d4e70896a707bc3a7cbff1d375c44581b6/surge/libs/simde/simde/x86/mmx.h:30:
In file included from /Users/miu/Code/peach-cat/.cache/vcv-library-sources/SurgeXTRack/640153d4e70896a707bc3a7cbff1d375c44581b6/surge/libs/simde/simde/x86/../simde-common.h:47:
/Users/miu/Code/peach-cat/.cache/vcv-library-sources/SurgeXTRack/640153d4e70896a707bc3a7cbff1d375c44581b6/surge/libs/simde/simde/x86/../simde-math.h:1289:47: warning: macro '__EMSCRIPTEN_tiny__' has been marked as deprecated: Use __EMSCRIPTEN_TINY__ instead [-Wdeprecated-pragma]
 1289 |      ((!defined(HEDLEY_EMSCRIPTEN_VERSION) || HEDLEY_EMSCRIPTEN_VERSION_CHECK(3, 1, 43)) && HEDLEY_HAS_BUILTIN(__builtin_roundevenf)) || \
      |                                               ^
/Users/miu/Code/peach-cat/.cache/vcv-library-sources/SurgeXTRack/640153d4e70896a707bc3a7cbff1d375c44581b6/surge/libs/simde/simde/x86/../hedley.h:195:63: note: expanded from macro 'HEDLEY_EMSCRIPTEN_VERSION_CHECK'
  195 | #  define HEDLEY_EMSCRIPTEN_VERSION_CHECK(major,minor,patch) (HEDLEY_EMSCRIPTEN_VERSION >= HEDLEY_VERSION_ENCODE(major, minor, patch))
      |                                                               ^
/Users/miu/Code/peach-cat/.cache/vcv-library-sources/SurgeXTRack/640153d4e70896a707bc3a7cbff1d375c44581b6/surge/libs/simde/simde/x86/../hedley.h:188:103: note: expanded from macro 'HEDLEY_EMSCRIPTEN_VERSION'
  188 | #  define HEDLEY_EMSCRIPTEN_VERSION HEDLEY_VERSION_ENCODE(__EMSCRIPTEN_major__, __EMSCRIPTEN_minor__, __EMSCRIPTEN_tiny__)
      |                                                                                                       ^
/opt/homebrew/Cellar/emscripten/6.0.3/libexec/cache/sysroot/include/emscripten/version.h:12:80: note: macro marked 'deprecated' here
   12 | #pragma clang deprecated(__EMSCRIPTEN_tiny__, "Use __EMSCRIPTEN_TINY__ instead")
      |                                                                                ^
6 warnings generated.
In file included from /Users/miu/Code/peach-cat/.cache/vcv-library-sources/SurgeXTRack/640153d4e70896a707bc3a7cbff1d375c44581b6/surge/src/common/dsp/effects/Reverb1Effect.cpp:22:
In file included from /Users/miu/Code/peach-cat/.cache/vcv-library-sources/SurgeXTRack/640153d4e70896a707bc3a7cbff1d375c44581b6/surge/src/common/dsp/effects/Reverb1Effect.h:26:
In file included from /Users/miu/Code/peach-cat/.cache/vcv-library-sources/SurgeXTRack/640153d4e70896a707bc3a7cbff1d375c44581b6/surge/src/common/dsp/Effect.h:26:
In file included from /Users/miu/Code/peach-cat/.cache/vcv-library-sources/SurgeXTRack/640153d4e70896a707bc3a7cbff1d375c44581b6/surge/src/common/dsp/utilities/DSPUtils.h:29:
In file included from /Users/miu/Code/peach-cat/.cache/vcv-library-sources/SurgeXTRack/640153d4e70896a707bc3a7cbff1d375c44581b6/surge/src/common/globals.h:62:
In file included from /Users/miu/Code/peach-cat/.cache/vcv-library-sources/SurgeXTRack/640153d4e70896a707bc3a7cbff1d375c44581b6/surge/libs/simde/simde/x86/sse2.h:35:
In file included from /Users/miu/Code/peach-cat/.cache/vcv-library-sources/SurgeXTRack/640153d4e70896a707bc3a7cbff1d375c44581b6/surge/libs/simde/simde/x86/sse.h:33:
In file included from /Users/miu/Code/peach-cat/.cache/vcv-library-sources/SurgeXTRack/640153d4e70896a707bc3a7cbff1d375c44581b6/surge/libs/simde/simde/x86/mmx.h:30:
In file included from /Users/miu/Code/peach-cat/.cache/vcv-library-sources/SurgeXTRack/640153d4e70896a707bc3a7cbff1d375c44581b6/surge/libs/simde/simde/x86/../simde-common.h:47:
/Users/miu/Code/peach-cat/.cache/vcv-library-sources/SurgeXTRack/640153d4e70896a707bc3a7cbff1d375c44581b6/surge/libs/simde/simde/x86/../simde-math.h:1269:47: warning: macro '__EMSCRIPTEN_major__' has been marked as deprecated: Use __EMSCRIPTEN_MAJOR__ instead [-Wdeprecated-pragma]
 1269 |      ((!defined(HEDLEY_EMSCRIPTEN_VERSION) || HEDLEY_EMSCRIPTEN_VERSION_CHECK(3, 1, 43)) && HEDLEY_HAS_BUILTIN(__builtin_roundeven)) || \
      |                                               ^
/Users/miu/Code/peach-cat/.cache/vcv-library-sources/SurgeXTRack/640153d4e70896a707bc3a7cbff1d375c44581b6/surge/libs/simde/simde/x86/../hedley.h:195:63: note: expanded from macro 'HEDLEY_EMSCRIPTEN_VERSION_CHECK'
  195 | #  define HEDLEY_EMSCRIPTEN_VERSION_CHECK(major,minor,patch) (HEDLEY_EMSCRIPTEN_VERSION >= HEDLEY_VERSION_ENCODE(major, minor, patch))
      |                                                               ^
/Users/miu/Code/peach-cat/.cache/vcv-library-sources/SurgeXTRack/640153d4e70896a707bc3a7cbff1d375c44581b6/surge/libs/simde/simde/x86/../hedley.h:188:59: note: expanded from macro 'HEDLEY_EMSCRIPTEN_VERSION'
  188 | #  define HEDLEY_EMSCRIPTEN_VERSION HEDLEY_VERSION_ENCODE(__EMSCRIPTEN_major__, __EMSCRIPTEN_minor__, __EMSCRIPTEN_tiny__)
      |                                                           ^
/opt/homebrew/Cellar/emscripten/6.0.3/libexec/cache/sysroot/include/emscripten/version.h:10:82: note: macro marked 'deprecated' here
   10 | #pragma clang deprecated(__EMSCRIPTEN_major__, "Use __EMSCRIPTEN_MAJOR__ instead")
      |                                                                                  ^
In file included from /Users/miu/Code/peach-cat/.cache/vcv-library-sources/SurgeXTRack/640153d4e70896a707bc3a7cbff1d375c44581b6/surge/src/common/dsp/effects/Reverb1Effect.cpp:22:
In file included from /Users/miu/Code/peach-cat/.cache/vcv-library-sources/SurgeXTRack/640153d4e70896a707bc3a7cbff1d375c44581b6/surge/src/common/dsp/effects/Reverb1Effect.h:26:
In file included from /Users/miu/Code/peach-cat/.cache/vcv-library-sources/SurgeXTRack/640153d4e70896a707bc3a7cbff1d375c44581b6/surge/src/common/dsp/Effect.h:26:
In file included from /Users/miu/Code/peach-cat/.cache/vcv-library-sources/SurgeXTRack/640153d4e70896a707bc3a7cbff1d375c44581b6/surge/src/common/dsp/utilities/DSPUtils.h:29:
In file included from /Users/miu/Code/peach-cat/.cache/vcv-library-sources/SurgeXTRack/640153d4e70896a707bc3a7cbff1d375c44581b6/surge/src/common/globals.h:62:
In file included from /Users/miu/Code/peach-cat/.cache/vcv-library-sources/SurgeXTRack/640153d4e70896a707bc3a7cbff1d375c44581b6/surge/libs/simde/simde/x86/sse2.h:35:
In file included from /Users/miu/Code/peach-cat/.cache/vcv-library-sources/SurgeXTRack/640153d4e70896a707bc3a7cbff1d375c44581b6/surge/libs/simde/simde/x86/sse.h:33:
In file included from /Users/miu/Code/peach-cat/.cache/vcv-library-sources/SurgeXTRack/640153d4e70896a707bc3a7cbff1d375c44581b6/surge/libs/simde/simde/x86/mmx.h:30:
In file included from /Users/miu/Code/peach-cat/.cache/vcv-library-sources/SurgeXTRack/640153d4e70896a707bc3a7cbff1d375c44581b6/surge/libs/simde/simde/x86/../simde-common.h:47:
/Users/miu/Code/peach-cat/.cache/vcv-library-sources/SurgeXTRack/640153d4e70896a707bc3a7cbff1d375c44581b6/surge/libs/simde/simde/x86/../simde-math.h:1269:47: warning: macro '__EMSCRIPTEN_minor__' has been marked as deprecated: Use __EMSCRIPTEN_MINOR__ instead [-Wdeprecated-pragma]
 1269 |      ((!defined(HEDLEY_EMSCRIPTEN_VERSION) || HEDLEY_EMSCRIPTEN_VERSION_CHECK(3, 1, 43)) && HEDLEY_HAS_BUILTIN(__builtin_roundeven)) || \
      |                                               ^
/Users/miu/Code/peach-cat/.cache/vcv-library-sources/SurgeXTRack/640153d4e70896a707bc3a7cbff1d375c44581b6/surge/libs/simde/simde/x86/../hedley.h:195:63: note: expanded from macro 'HEDLEY_EMSCRIPTEN_VERSION_CHECK'
  195 | #  define HEDLEY_EMSCRIPTEN_VERSION_CHECK(major,minor,patch) (HEDLEY_EMSCRIPTEN_VERSION >= HEDLEY_VERSION_ENCODE(major, minor, patch))
      |                                                               ^
/Users/miu/Code/peach-cat/.cache/vcv-library-sources/SurgeXTRack/640153d4e70896a707bc3a7cbff1d375c44581b6/surge/libs/simde/simde/x86/../hedley.h:188:81: note: expanded from macro 'HEDLEY_EMSCRIPTEN_VERSION'
  188 | #  define HEDLEY_EMSCRIPTEN_VERSION HEDLEY_VERSION_ENCODE(__EMSCRIPTEN_major__, __EMSCRIPTEN_minor__, __EMSCRIPTEN_tiny__)
      |                                                                                 ^
/opt/homebrew/Cellar/emscripten/6.0.3/libexec/cache/sysroot/include/emscripten/version.h:11:82: note: macro marked 'deprecated' here
   11 | #pragma clang deprecated(__EMSCRIPTEN_minor__, "Use __EMSCRIPTEN_MINOR__ instead")
      |                                                                                  ^
In file included from /Users/miu/Code/peach-cat/.cache/vcv-library-sources/SurgeXTRack/640153d4e70896a707bc3a7cbff1d375c44581b6/surge/src/common/dsp/effects/Reverb1Effect.cpp:22:
In file included from /Users/miu/Code/peach-cat/.cache/vcv-library-sources/SurgeXTRack/640153d4e70896a707bc3a7cbff1d375c44581b6/surge/src/common/dsp/effects/Reverb1Effect.h:26:
In file included from /Users/miu/Code/peach-cat/.cache/vcv-library-sources/SurgeXTRack/640153d4e70896a707bc3a7cbff1d375c44581b6/surge/src/common/dsp/Effect.h:26:
In file included from /Users/miu/Code/peach-cat/.cache/vcv-library-sources/SurgeXTRack/640153d4e70896a707bc3a7cbff1d375c44581b6/surge/src/common/dsp/utilities/DSPUtils.h:29:
In file included from /Users/miu/Code/peach-cat/.cache/vcv-library-sources/SurgeXTRack/640153d4e70896a707bc3a7cbff1d375c44581b6/surge/src/common/globals.h:62:
In file included from /Users/miu/Code/peach-cat/.cache/vcv-library-sources/SurgeXTRack/640153d4e70896a707bc3a7cbff1d375c44581b6/surge/libs/simde/simde/x86/sse2.h:35:
In file included from /Users/miu/Code/peach-cat/.cache/vcv-library-sources/SurgeXTRack/640153d4e70896a707bc3a7cbff1d375c44581b6/surge/libs/simde/simde/x86/sse.h:33:
In file included from /Users/miu/Code/peach-cat/.cache/vcv-library-sources/SurgeXTRack/640153d4e70896a707bc3a7cbff1d375c44581b6/surge/libs/simde/simde/x86/mmx.h:30:
In file included from /Users/miu/Code/peach-cat/.cache/vcv-library-sources/SurgeXTRack/640153d4e70896a707bc3a7cbff1d375c44581b6/surge/libs/simde/simde/x86/../simde-common.h:47:
/Users/miu/Code/peach-cat/.cache/vcv-library-sources/SurgeXTRack/640153d4e70896a707bc3a7cbff1d375c44581b6/surge/libs/simde/simde/x86/../simde-math.h:1269:47: warning: macro '__EMSCRIPTEN_tiny__' has been marked as deprecated: Use __EMSCRIPTEN_TINY__ instead [-Wdeprecated-pragma]
 1269 |      ((!defined(HEDLEY_EMSCRIPTEN_VERSION) || HEDLEY_EMSCRIPTEN_VERSION_CHECK(3, 1, 43)) && HEDLEY_HAS_BUILTIN(__builtin_roundeven)) || \
      |                                               ^
/Users/miu/Code/peach-cat/.cache/vcv-library-sources/SurgeXTRack/640153d4e70896a707bc3a7cbff1d375c44581b6/surge/libs/simde/simde/x86/../hedley.h:195:63: note: expanded from macro 'HEDLEY_EMSCRIPTEN_VERSION_CHECK'
  195 | #  define HEDLEY_EMSCRIPTEN_VERSION_CHECK(major,minor,patch) (HEDLEY_EMSCRIPTEN_VERSION >= HEDLEY_VERSION_ENCODE(major, minor, patch))
      |                                                               ^
/Users/miu/Code/peach-cat/.cache/vcv-library-sources/SurgeXTRack/640153d4e70896a707bc3a7cbff1d375c44581b6/surge/libs/simde/simde/x86/../hedley.h:188:103: note: expanded from macro 'HEDLEY_EMSCRIPTEN_VERSION'
  188 | #  define HEDLEY_EMSCRIPTEN_VERSION HEDLEY_VERSION_ENCODE(__EMSCRIPTEN_major__, __EMSCRIPTEN_minor__, __EMSCRIPTEN_tiny__)
      |                                                                                                       ^
/opt/homebrew/Cellar/emscripten/6.0.3/libexec/cache/sysroot/include/emscripten/version.h:12:80: note: macro marked 'deprecated' here
   12 | #pragma clang deprecated(__EMSCRIPTEN_tiny__, "Use __EMSCRIPTEN_TINY__ instead")
      |                                                                                ^
In file included from /Users/miu/Code/peach-cat/.cache/vcv-library-sources/SurgeXTRack/640153d4e70896a707bc3a7cbff1d375c44581b6/surge/src/common/dsp/effects/Reverb1Effect.cpp:22:
In file included from /Users/miu/Code/peach-cat/.cache/vcv-library-sources/SurgeXTRack/640153d4e70896a707bc3a7cbff1d375c44581b6/surge/src/common/dsp/effects/Reverb1Effect.h:26:
In file included from /Users/miu/Code/peach-cat/.cache/vcv-library-sources/SurgeXTRack/640153d4e70896a707bc3a7cbff1d375c44581b6/surge/src/common/dsp/Effect.h:26:
In file included from /Users/miu/Code/peach-cat/.cache/vcv-library-sources/SurgeXTRack/640153d4e70896a707bc3a7cbff1d375c44581b6/surge/src/common/dsp/utilities/DSPUtils.h:29:
In file included from /Users/miu/Code/peach-cat/.cache/vcv-library-sources/SurgeXTRack/640153d4e70896a707bc3a7cbff1d375c44581b6/surge/src/common/globals.h:62:
In file included from /Users/miu/Code/peach-cat/.cache/vcv-library-sources/SurgeXTRack/640153d4e70896a707bc3a7cbff1d375c44581b6/surge/libs/simde/simde/x86/sse2.h:35:
In file included from /Users/miu/Code/peach-cat/.cache/vcv-library-sources/SurgeXTRack/640153d4e70896a707bc3a7cbff1d375c44581b6/surge/libs/simde/simde/x86/sse.h:33:
In file included from /Users/miu/Code/peach-cat/.cache/vcv-library-sources/SurgeXTRack/640153d4e70896a707bc3a7cbff1d375c44581b6/surge/libs/simde/simde/x86/mmx.h:30:
In file included from /Users/miu/Code/peach-cat/.cache/vcv-library-sources/SurgeXTRack/640153d4e70896a707bc3a7cbff1d375c44581b6/surge/libs/simde/simde/x86/../simde-common.h:47:
/Users/miu/Code/peach-cat/.cache/vcv-library-sources/SurgeXTRack/640153d4e70896a707bc3a7cbff1d375c44581b6/surge/libs/simde/simde/x86/../simde-math.h:1289:47: warning: macro '__EMSCRIPTEN_major__' has been marked as deprecated: Use __EMSCRIPTEN_MAJOR__ instead [-Wdeprecated-pragma]
 1289 |      ((!defined(HEDLEY_EMSCRIPTEN_VERSION) || HEDLEY_EMSCRIPTEN_VERSION_CHECK(3, 1, 43)) && HEDLEY_HAS_BUILTIN(__builtin_roundevenf)) || \
      |                                               ^
/Users/miu/Code/peach-cat/.cache/vcv-library-sources/SurgeXTRack/640153d4e70896a707bc3a7cbff1d375c44581b6/surge/libs/simde/simde/x86/../hedley.h:195:63: note: expanded from macro 'HEDLEY_EMSCRIPTEN_VERSION_CHECK'
  195 | #  define HEDLEY_EMSCRIPTEN_VERSION_CHECK(major,minor,patch) (HEDLEY_EMSCRIPTEN_VERSION >= HEDLEY_VERSION_ENCODE(major, minor, patch))
      |                                                               ^
/Users/miu/Code/peach-cat/.cache/vcv-library-sources/SurgeXTRack/640153d4e70896a707bc3a7cbff1d375c44581b6/surge/libs/simde/simde/x86/../hedley.h:188:59: note: expanded from macro 'HEDLEY_EMSCRIPTEN_VERSION'
  188 | #  define HEDLEY_EMSCRIPTEN_VERSION HEDLEY_VERSION_ENCODE(__EMSCRIPTEN_major__, __EMSCRIPTEN_minor__, __EMSCRIPTEN_tiny__)
      |                                                           ^
/opt/homebrew/Cellar/emscripten/6.0.3/libexec/cache/sysroot/include/emscripten/version.h:10:82: note: macro marked 'deprecated' here
   10 | #pragma clang deprecated(__EMSCRIPTEN_major__, "Use __EMSCRIPTEN_MAJOR__ instead")
      |                                                                                  ^
In file included from /Users/miu/Code/peach-cat/.cache/vcv-library-sources/SurgeXTRack/640153d4e70896a707bc3a7cbff1d375c44581b6/surge/src/common/dsp/effects/Reverb1Effect.cpp:22:
In file included from /Users/miu/Code/peach-cat/.cache/vcv-library-sources/SurgeXTRack/640153d4e70896a707bc3a7cbff1d375c44581b6/surge/src/common/dsp/effects/Reverb1Effect.h:26:
In file included from /Users/miu/Code/peach-cat/.cache/vcv-library-sources/SurgeXTRack/640153d4e70896a707bc3a7cbff1d375c44581b6/surge/src/common/dsp/Effect.h:26:
In file included from /Users/miu/Code/peach-cat/.cache/vcv-library-sources/SurgeXTRack/640153d4e70896a707bc3a7cbff1d375c44581b6/surge/src/common/dsp/utilities/DSPUtils.h:29:
In file included from /Users/miu/Code/peach-cat/.cache/vcv-library-sources/SurgeXTRack/640153d4e70896a707bc3a7cbff1d375c44581b6/surge/src/common/globals.h:62:
In file included from /Users/miu/Code/peach-cat/.cache/vcv-library-sources/SurgeXTRack/640153d4e70896a707bc3a7cbff1d375c44581b6/surge/libs/simde/simde/x86/sse2.h:35:
In file included from /Users/miu/Code/peach-cat/.cache/vcv-library-sources/SurgeXTRack/640153d4e70896a707bc3a7cbff1d375c44581b6/surge/libs/simde/simde/x86/sse.h:33:
In file included from /Users/miu/Code/peach-cat/.cache/vcv-library-sources/SurgeXTRack/640153d4e70896a707bc3a7cbff1d375c44581b6/surge/libs/simde/simde/x86/mmx.h:30:
In file included from /Users/miu/Code/peach-cat/.cache/vcv-library-sources/SurgeXTRack/640153d4e70896a707bc3a7cbff1d375c44581b6/surge/libs/simde/simde/x86/../simde-common.h:47:
/Users/miu/Code/peach-cat/.cache/vcv-library-sources/SurgeXTRack/640153d4e70896a707bc3a7cbff1d375c44581b6/surge/libs/simde/simde/x86/../simde-math.h:1289:47: warning: macro '__EMSCRIPTEN_minor__' has been marked as deprecated: Use __EMSCRIPTEN_MINOR__ instead [-Wdeprecated-pragma]
 1289 |      ((!defined(HEDLEY_EMSCRIPTEN_VERSION) || HEDLEY_EMSCRIPTEN_VERSION_CHECK(3, 1, 43)) && HEDLEY_HAS_BUILTIN(__builtin_roundevenf)) || \
      |                                               ^
/Users/miu/Code/peach-cat/.cache/vcv-library-sources/SurgeXTRack/640153d4e70896a707bc3a7cbff1d375c44581b6/surge/libs/simde/simde/x86/../hedley.h:195:63: note: expanded from macro 'HEDLEY_EMSCRIPTEN_VERSION_CHECK'
  195 | #  define HEDLEY_EMSCRIPTEN_VERSION_CHECK(major,minor,patch) (HEDLEY_EMSCRIPTEN_VERSION >= HEDLEY_VERSION_ENCODE(major, minor, patch))
      |                                                               ^
/Users/miu/Code/peach-cat/.cache/vcv-library-sources/SurgeXTRack/640153d4e70896a707bc3a7cbff1d375c44581b6/surge/libs/simde/simde/x86/../hedley.h:188:81: note: expanded from macro 'HEDLEY_EMSCRIPTEN_VERSION'
  188 | #  define HEDLEY_EMSCRIPTEN_VERSION HEDLEY_VERSION_ENCODE(__EMSCRIPTEN_major__, __EMSCRIPTEN_minor__, __EMSCRIPTEN_tiny__)
      |                                                                                 ^
/opt/homebrew/Cellar/emscripten/6.0.3/libexec/cache/sysroot/include/emscripten/version.h:11:82: note: macro marked 'deprecated' here
   11 | #pragma clang deprecated(__EMSCRIPTEN_minor__, "Use __EMSCRIPTEN_MINOR__ instead")
      |                                                                                  ^
In file included from /Users/miu/Code/peach-cat/.cache/vcv-library-sources/SurgeXTRack/640153d4e70896a707bc3a7cbff1d375c44581b6/surge/src/common/dsp/effects/Reverb1Effect.cpp:22:
In file included from /Users/miu/Code/peach-cat/.cache/vcv-library-sources/SurgeXTRack/640153d4e70896a707bc3a7cbff1d375c44581b6/surge/src/common/dsp/effects/Reverb1Effect.h:26:
In file included from /Users/miu/Code/peach-cat/.cache/vcv-library-sources/SurgeXTRack/640153d4e70896a707bc3a7cbff1d375c44581b6/surge/src/common/dsp/Effect.h:26:
In file included from /Users/miu/Code/peach-cat/.cache/vcv-library-sources/SurgeXTRack/640153d4e70896a707bc3a7cbff1d375c44581b6/surge/src/common/dsp/utilities/DSPUtils.h:29:
In file included from /Users/miu/Code/peach-cat/.cache/vcv-library-sources/SurgeXTRack/640153d4e70896a707bc3a7cbff1d375c44581b6/surge/src/common/globals.h:62:
In file included from /Users/miu/Code/peach-cat/.cache/vcv-library-sources/SurgeXTRack/640153d4e70896a707bc3a7cbff1d375c44581b6/surge/libs/simde/simde/x86/sse2.h:35:
In file included from /Users/miu/Code/peach-cat/.cache/vcv-library-sources/SurgeXTRack/640153d4e70896a707bc3a7cbff1d375c44581b6/surge/libs/simde/simde/x86/sse.h:33:
In file included from /Users/miu/Code/peach-cat/.cache/vcv-library-sources/SurgeXTRack/640153d4e70896a707bc3a7cbff1d375c44581b6/surge/libs/simde/simde/x86/mmx.h:30:
In file included from /Users/miu/Code/peach-cat/.cache/vcv-library-sources/SurgeXTRack/640153d4e70896a707bc3a7cbff1d375c44581b6/surge/libs/simde/simde/x86/../simde-common.h:47:
/Users/miu/Code/peach-cat/.cache/vcv-library-sources/SurgeXTRack/640153d4e70896a707bc3a7cbff1d375c44581b6/surge/libs/simde/simde/x86/../simde-math.h:1289:47: warning: macro '__EMSCRIPTEN_tiny__' has been marked as deprecated: Use __EMSCRIPTEN_TINY__ instead [-Wdeprecated-pragma]
 1289 |      ((!defined(HEDLEY_EMSCRIPTEN_VERSION) || HEDLEY_EMSCRIPTEN_VERSION_CHECK(3, 1, 43)) && HEDLEY_HAS_BUILTIN(__builtin_roundevenf)) || \
      |                                               ^
/Users/miu/Code/peach-cat/.cache/vcv-library-sources/SurgeXTRack/640153d4e70896a707bc3a7cbff1d375c44581b6/surge/libs/simde/simde/x86/../hedley.h:195:63: note: expanded from macro 'HEDLEY_EMSCRIPTEN_VERSION_CHECK'
  195 | #  define HEDLEY_EMSCRIPTEN_VERSION_CHECK(major,minor,patch) (HEDLEY_EMSCRIPTEN_VERSION >= HEDLEY_VERSION_ENCODE(major, minor, patch))
      |                                                               ^
/Users/miu/Code/peach-cat/.cache/vcv-library-sources/SurgeXTRack/640153d4e70896a707bc3a7cbff1d375c44581b6/surge/libs/simde/simde/x86/../hedley.h:188:103: note: expanded from macro 'HEDLEY_EMSCRIPTEN_VERSION'
  188 | #  define HEDLEY_EMSCRIPTEN_VERSION HEDLEY_VERSION_ENCODE(__EMSCRIPTEN_major__, __EMSCRIPTEN_minor__, __EMSCRIPTEN_tiny__)
      |                                                                                                       ^
/opt/homebrew/Cellar/emscripten/6.0.3/libexec/cache/sysroot/include/emscripten/version.h:12:80: note: macro marked 'deprecated' here
   12 | #pragma clang deprecated(__EMSCRIPTEN_tiny__, "Use __EMSCRIPTEN_TINY__ instead")
      |                                                                                ^
6 warnings generated.
In file included from /Users/miu/Code/peach-cat/.tmp/surge-reverb-compiled/surge_storage_browser.cpp:23:
In file included from /Users/miu/Code/peach-cat/.cache/vcv-library-sources/SurgeXTRack/640153d4e70896a707bc3a7cbff1d375c44581b6/surge/src/common/dsp/utilities/DSPUtils.h:29:
In file included from /Users/miu/Code/peach-cat/.cache/vcv-library-sources/SurgeXTRack/640153d4e70896a707bc3a7cbff1d375c44581b6/surge/src/common/globals.h:62:
In file included from /Users/miu/Code/peach-cat/.cache/vcv-library-sources/SurgeXTRack/640153d4e70896a707bc3a7cbff1d375c44581b6/surge/libs/simde/simde/x86/sse2.h:35:
In file included from /Users/miu/Code/peach-cat/.cache/vcv-library-sources/SurgeXTRack/640153d4e70896a707bc3a7cbff1d375c44581b6/surge/libs/simde/simde/x86/sse.h:33:
In file included from /Users/miu/Code/peach-cat/.cache/vcv-library-sources/SurgeXTRack/640153d4e70896a707bc3a7cbff1d375c44581b6/surge/libs/simde/simde/x86/mmx.h:30:
In file included from /Users/miu/Code/peach-cat/.cache/vcv-library-sources/SurgeXTRack/640153d4e70896a707bc3a7cbff1d375c44581b6/surge/libs/simde/simde/x86/../simde-common.h:47:
/Users/miu/Code/peach-cat/.cache/vcv-library-sources/SurgeXTRack/640153d4e70896a707bc3a7cbff1d375c44581b6/surge/libs/simde/simde/x86/../simde-math.h:1269:47: warning: macro '__EMSCRIPTEN_major__' has been marked as deprecated: Use __EMSCRIPTEN_MAJOR__ instead [-Wdeprecated-pragma]
 1269 |      ((!defined(HEDLEY_EMSCRIPTEN_VERSION) || HEDLEY_EMSCRIPTEN_VERSION_CHECK(3, 1, 43)) && HEDLEY_HAS_BUILTIN(__builtin_roundeven)) || \
      |                                               ^
/Users/miu/Code/peach-cat/.cache/vcv-library-sources/SurgeXTRack/640153d4e70896a707bc3a7cbff1d375c44581b6/surge/libs/simde/simde/x86/../hedley.h:195:63: note: expanded from macro 'HEDLEY_EMSCRIPTEN_VERSION_CHECK'
  195 | #  define HEDLEY_EMSCRIPTEN_VERSION_CHECK(major,minor,patch) (HEDLEY_EMSCRIPTEN_VERSION >= HEDLEY_VERSION_ENCODE(major, minor, patch))
      |                                                               ^
/Users/miu/Code/peach-cat/.cache/vcv-library-sources/SurgeXTRack/640153d4e70896a707bc3a7cbff1d375c44581b6/surge/libs/simde/simde/x86/../hedley.h:188:59: note: expanded from macro 'HEDLEY_EMSCRIPTEN_VERSION'
  188 | #  define HEDLEY_EMSCRIPTEN_VERSION HEDLEY_VERSION_ENCODE(__EMSCRIPTEN_major__, __EMSCRIPTEN_minor__, __EMSCRIPTEN_tiny__)
      |                                                           ^
/opt/homebrew/Cellar/emscripten/6.0.3/libexec/cache/sysroot/include/emscripten/version.h:10:82: note: macro marked 'deprecated' here
   10 | #pragma clang deprecated(__EMSCRIPTEN_major__, "Use __EMSCRIPTEN_MAJOR__ instead")
      |                                                                                  ^
In file included from /Users/miu/Code/peach-cat/.tmp/surge-reverb-compiled/surge_storage_browser.cpp:23:
In file included from /Users/miu/Code/peach-cat/.cache/vcv-library-sources/SurgeXTRack/640153d4e70896a707bc3a7cbff1d375c44581b6/surge/src/common/dsp/utilities/DSPUtils.h:29:
In file included from /Users/miu/Code/peach-cat/.cache/vcv-library-sources/SurgeXTRack/640153d4e70896a707bc3a7cbff1d375c44581b6/surge/src/common/globals.h:62:
In file included from /Users/miu/Code/peach-cat/.cache/vcv-library-sources/SurgeXTRack/640153d4e70896a707bc3a7cbff1d375c44581b6/surge/libs/simde/simde/x86/sse2.h:35:
In file included from /Users/miu/Code/peach-cat/.cache/vcv-library-sources/SurgeXTRack/640153d4e70896a707bc3a7cbff1d375c44581b6/surge/libs/simde/simde/x86/sse.h:33:
In file included from /Users/miu/Code/peach-cat/.cache/vcv-library-sources/SurgeXTRack/640153d4e70896a707bc3a7cbff1d375c44581b6/surge/libs/simde/simde/x86/mmx.h:30:
In file included from /Users/miu/Code/peach-cat/.cache/vcv-library-sources/SurgeXTRack/640153d4e70896a707bc3a7cbff1d375c44581b6/surge/libs/simde/simde/x86/../simde-common.h:47:
/Users/miu/Code/peach-cat/.cache/vcv-library-sources/SurgeXTRack/640153d4e70896a707bc3a7cbff1d375c44581b6/surge/libs/simde/simde/x86/../simde-math.h:1269:47: warning: macro '__EMSCRIPTEN_minor__' has been marked as deprecated: Use __EMSCRIPTEN_MINOR__ instead [-Wdeprecated-pragma]
 1269 |      ((!defined(HEDLEY_EMSCRIPTEN_VERSION) || HEDLEY_EMSCRIPTEN_VERSION_CHECK(3, 1, 43)) && HEDLEY_HAS_BUILTIN(__builtin_roundeven)) || \
      |                                               ^
/Users/miu/Code/peach-cat/.cache/vcv-library-sources/SurgeXTRack/640153d4e70896a707bc3a7cbff1d375c44581b6/surge/libs/simde/simde/x86/../hedley.h:195:63: note: expanded from macro 'HEDLEY_EMSCRIPTEN_VERSION_CHECK'
  195 | #  define HEDLEY_EMSCRIPTEN_VERSION_CHECK(major,minor,patch) (HEDLEY_EMSCRIPTEN_VERSION >= HEDLEY_VERSION_ENCODE(major, minor, patch))
      |                                                               ^
/Users/miu/Code/peach-cat/.cache/vcv-library-sources/SurgeXTRack/640153d4e70896a707bc3a7cbff1d375c44581b6/surge/libs/simde/simde/x86/../hedley.h:188:81: note: expanded from macro 'HEDLEY_EMSCRIPTEN_VERSION'
  188 | #  define HEDLEY_EMSCRIPTEN_VERSION HEDLEY_VERSION_ENCODE(__EMSCRIPTEN_major__, __EMSCRIPTEN_minor__, __EMSCRIPTEN_tiny__)
      |                                                                                 ^
/opt/homebrew/Cellar/emscripten/6.0.3/libexec/cache/sysroot/include/emscripten/version.h:11:82: note: macro marked 'deprecated' here
   11 | #pragma clang deprecated(__EMSCRIPTEN_minor__, "Use __EMSCRIPTEN_MINOR__ instead")
      |                                                                                  ^
In file included from /Users/miu/Code/peach-cat/.tmp/surge-reverb-compiled/surge_storage_browser.cpp:23:
In file included from /Users/miu/Code/peach-cat/.cache/vcv-library-sources/SurgeXTRack/640153d4e70896a707bc3a7cbff1d375c44581b6/surge/src/common/dsp/utilities/DSPUtils.h:29:
In file included from /Users/miu/Code/peach-cat/.cache/vcv-library-sources/SurgeXTRack/640153d4e70896a707bc3a7cbff1d375c44581b6/surge/src/common/globals.h:62:
In file included from /Users/miu/Code/peach-cat/.cache/vcv-library-sources/SurgeXTRack/640153d4e70896a707bc3a7cbff1d375c44581b6/surge/libs/simde/simde/x86/sse2.h:35:
In file included from /Users/miu/Code/peach-cat/.cache/vcv-library-sources/SurgeXTRack/640153d4e70896a707bc3a7cbff1d375c44581b6/surge/libs/simde/simde/x86/sse.h:33:
In file included from /Users/miu/Code/peach-cat/.cache/vcv-library-sources/SurgeXTRack/640153d4e70896a707bc3a7cbff1d375c44581b6/surge/libs/simde/simde/x86/mmx.h:30:
In file included from /Users/miu/Code/peach-cat/.cache/vcv-library-sources/SurgeXTRack/640153d4e70896a707bc3a7cbff1d375c44581b6/surge/libs/simde/simde/x86/../simde-common.h:47:
/Users/miu/Code/peach-cat/.cache/vcv-library-sources/SurgeXTRack/640153d4e70896a707bc3a7cbff1d375c44581b6/surge/libs/simde/simde/x86/../simde-math.h:1269:47: warning: macro '__EMSCRIPTEN_tiny__' has been marked as deprecated: Use __EMSCRIPTEN_TINY__ instead [-Wdeprecated-pragma]
 1269 |      ((!defined(HEDLEY_EMSCRIPTEN_VERSION) || HEDLEY_EMSCRIPTEN_VERSION_CHECK(3, 1, 43)) && HEDLEY_HAS_BUILTIN(__builtin_roundeven)) || \
      |                                               ^
/Users/miu/Code/peach-cat/.cache/vcv-library-sources/SurgeXTRack/640153d4e70896a707bc3a7cbff1d375c44581b6/surge/libs/simde/simde/x86/../hedley.h:195:63: note: expanded from macro 'HEDLEY_EMSCRIPTEN_VERSION_CHECK'
  195 | #  define HEDLEY_EMSCRIPTEN_VERSION_CHECK(major,minor,patch) (HEDLEY_EMSCRIPTEN_VERSION >= HEDLEY_VERSION_ENCODE(major, minor, patch))
      |                                                               ^
/Users/miu/Code/peach-cat/.cache/vcv-library-sources/SurgeXTRack/640153d4e70896a707bc3a7cbff1d375c44581b6/surge/libs/simde/simde/x86/../hedley.h:188:103: note: expanded from macro 'HEDLEY_EMSCRIPTEN_VERSION'
  188 | #  define HEDLEY_EMSCRIPTEN_VERSION HEDLEY_VERSION_ENCODE(__EMSCRIPTEN_major__, __EMSCRIPTEN_minor__, __EMSCRIPTEN_tiny__)
      |                                                                                                       ^
/opt/homebrew/Cellar/emscripten/6.0.3/libexec/cache/sysroot/include/emscripten/version.h:12:80: note: macro marked 'deprecated' here
   12 | #pragma clang deprecated(__EMSCRIPTEN_tiny__, "Use __EMSCRIPTEN_TINY__ instead")
      |                                                                                ^
In file included from /Users/miu/Code/peach-cat/.tmp/surge-reverb-compiled/surge_storage_browser.cpp:23:
In file included from /Users/miu/Code/peach-cat/.cache/vcv-library-sources/SurgeXTRack/640153d4e70896a707bc3a7cbff1d375c44581b6/surge/src/common/dsp/utilities/DSPUtils.h:29:
In file included from /Users/miu/Code/peach-cat/.cache/vcv-library-sources/SurgeXTRack/640153d4e70896a707bc3a7cbff1d375c44581b6/surge/src/common/globals.h:62:
In file included from /Users/miu/Code/peach-cat/.cache/vcv-library-sources/SurgeXTRack/640153d4e70896a707bc3a7cbff1d375c44581b6/surge/libs/simde/simde/x86/sse2.h:35:
In file included from /Users/miu/Code/peach-cat/.cache/vcv-library-sources/SurgeXTRack/640153d4e70896a707bc3a7cbff1d375c44581b6/surge/libs/simde/simde/x86/sse.h:33:
In file included from /Users/miu/Code/peach-cat/.cache/vcv-library-sources/SurgeXTRack/640153d4e70896a707bc3a7cbff1d375c44581b6/surge/libs/simde/simde/x86/mmx.h:30:
In file included from /Users/miu/Code/peach-cat/.cache/vcv-library-sources/SurgeXTRack/640153d4e70896a707bc3a7cbff1d375c44581b6/surge/libs/simde/simde/x86/../simde-common.h:47:
/Users/miu/Code/peach-cat/.cache/vcv-library-sources/SurgeXTRack/640153d4e70896a707bc3a7cbff1d375c44581b6/surge/libs/simde/simde/x86/../simde-math.h:1289:47: warning: macro '__EMSCRIPTEN_major__' has been marked as deprecated: Use __EMSCRIPTEN_MAJOR__ instead [-Wdeprecated-pragma]
 1289 |      ((!defined(HEDLEY_EMSCRIPTEN_VERSION) || HEDLEY_EMSCRIPTEN_VERSION_CHECK(3, 1, 43)) && HEDLEY_HAS_BUILTIN(__builtin_roundevenf)) || \
      |                                               ^
/Users/miu/Code/peach-cat/.cache/vcv-library-sources/SurgeXTRack/640153d4e70896a707bc3a7cbff1d375c44581b6/surge/libs/simde/simde/x86/../hedley.h:195:63: note: expanded from macro 'HEDLEY_EMSCRIPTEN_VERSION_CHECK'
  195 | #  define HEDLEY_EMSCRIPTEN_VERSION_CHECK(major,minor,patch) (HEDLEY_EMSCRIPTEN_VERSION >= HEDLEY_VERSION_ENCODE(major, minor, patch))
      |                                                               ^
/Users/miu/Code/peach-cat/.cache/vcv-library-sources/SurgeXTRack/640153d4e70896a707bc3a7cbff1d375c44581b6/surge/libs/simde/simde/x86/../hedley.h:188:59: note: expanded from macro 'HEDLEY_EMSCRIPTEN_VERSION'
  188 | #  define HEDLEY_EMSCRIPTEN_VERSION HEDLEY_VERSION_ENCODE(__EMSCRIPTEN_major__, __EMSCRIPTEN_minor__, __EMSCRIPTEN_tiny__)
      |                                                           ^
/opt/homebrew/Cellar/emscripten/6.0.3/libexec/cache/sysroot/include/emscripten/version.h:10:82: note: macro marked 'deprecated' here
   10 | #pragma clang deprecated(__EMSCRIPTEN_major__, "Use __EMSCRIPTEN_MAJOR__ instead")
      |                                                                                  ^
In file included from /Users/miu/Code/peach-cat/.tmp/surge-reverb-compiled/surge_storage_browser.cpp:23:
In file included from /Users/miu/Code/peach-cat/.cache/vcv-library-sources/SurgeXTRack/640153d4e70896a707bc3a7cbff1d375c44581b6/surge/src/common/dsp/utilities/DSPUtils.h:29:
In file included from /Users/miu/Code/peach-cat/.cache/vcv-library-sources/SurgeXTRack/640153d4e70896a707bc3a7cbff1d375c44581b6/surge/src/common/globals.h:62:
In file included from /Users/miu/Code/peach-cat/.cache/vcv-library-sources/SurgeXTRack/640153d4e70896a707bc3a7cbff1d375c44581b6/surge/libs/simde/simde/x86/sse2.h:35:
In file included from /Users/miu/Code/peach-cat/.cache/vcv-library-sources/SurgeXTRack/640153d4e70896a707bc3a7cbff1d375c44581b6/surge/libs/simde/simde/x86/sse.h:33:
In file included from /Users/miu/Code/peach-cat/.cache/vcv-library-sources/SurgeXTRack/640153d4e70896a707bc3a7cbff1d375c44581b6/surge/libs/simde/simde/x86/mmx.h:30:
In file included from /Users/miu/Code/peach-cat/.cache/vcv-library-sources/SurgeXTRack/640153d4e70896a707bc3a7cbff1d375c44581b6/surge/libs/simde/simde/x86/../simde-common.h:47:
/Users/miu/Code/peach-cat/.cache/vcv-library-sources/SurgeXTRack/640153d4e70896a707bc3a7cbff1d375c44581b6/surge/libs/simde/simde/x86/../simde-math.h:1289:47: warning: macro '__EMSCRIPTEN_minor__' has been marked as deprecated: Use __EMSCRIPTEN_MINOR__ instead [-Wdeprecated-pragma]
 1289 |      ((!defined(HEDLEY_EMSCRIPTEN_VERSION) || HEDLEY_EMSCRIPTEN_VERSION_CHECK(3, 1, 43)) && HEDLEY_HAS_BUILTIN(__builtin_roundevenf)) || \
      |                                               ^
/Users/miu/Code/peach-cat/.cache/vcv-library-sources/SurgeXTRack/640153d4e70896a707bc3a7cbff1d375c44581b6/surge/libs/simde/simde/x86/../hedley.h:195:63: note: expanded from macro 'HEDLEY_EMSCRIPTEN_VERSION_CHECK'
  195 | #  define HEDLEY_EMSCRIPTEN_VERSION_CHECK(major,minor,patch) (HEDLEY_EMSCRIPTEN_VERSION >= HEDLEY_VERSION_ENCODE(major, minor, patch))
      |                                                               ^
/Users/miu/Code/peach-cat/.cache/vcv-library-sources/SurgeXTRack/640153d4e70896a707bc3a7cbff1d375c44581b6/surge/libs/simde/simde/x86/../hedley.h:188:81: note: expanded from macro 'HEDLEY_EMSCRIPTEN_VERSION'
  188 | #  define HEDLEY_EMSCRIPTEN_VERSION HEDLEY_VERSION_ENCODE(__EMSCRIPTEN_major__, __EMSCRIPTEN_minor__, __EMSCRIPTEN_tiny__)
      |                                                                                 ^
/opt/homebrew/Cellar/emscripten/6.0.3/libexec/cache/sysroot/include/emscripten/version.h:11:82: note: macro marked 'deprecated' here
   11 | #pragma clang deprecated(__EMSCRIPTEN_minor__, "Use __EMSCRIPTEN_MINOR__ instead")
      |                                                                                  ^
In file included from /Users/miu/Code/peach-cat/.tmp/surge-reverb-compiled/surge_storage_browser.cpp:23:
In file included from /Users/miu/Code/peach-cat/.cache/vcv-library-sources/SurgeXTRack/640153d4e70896a707bc3a7cbff1d375c44581b6/surge/src/common/dsp/utilities/DSPUtils.h:29:
In file included from /Users/miu/Code/peach-cat/.cache/vcv-library-sources/SurgeXTRack/640153d4e70896a707bc3a7cbff1d375c44581b6/surge/src/common/globals.h:62:
In file included from /Users/miu/Code/peach-cat/.cache/vcv-library-sources/SurgeXTRack/640153d4e70896a707bc3a7cbff1d375c44581b6/surge/libs/simde/simde/x86/sse2.h:35:
In file included from /Users/miu/Code/peach-cat/.cache/vcv-library-sources/SurgeXTRack/640153d4e70896a707bc3a7cbff1d375c44581b6/surge/libs/simde/simde/x86/sse.h:33:
In file included from /Users/miu/Code/peach-cat/.cache/vcv-library-sources/SurgeXTRack/640153d4e70896a707bc3a7cbff1d375c44581b6/surge/libs/simde/simde/x86/mmx.h:30:
In file included from /Users/miu/Code/peach-cat/.cache/vcv-library-sources/SurgeXTRack/640153d4e70896a707bc3a7cbff1d375c44581b6/surge/libs/simde/simde/x86/../simde-common.h:47:
/Users/miu/Code/peach-cat/.cache/vcv-library-sources/SurgeXTRack/640153d4e70896a707bc3a7cbff1d375c44581b6/surge/libs/simde/simde/x86/../simde-math.h:1289:47: warning: macro '__EMSCRIPTEN_tiny__' has been marked as deprecated: Use __EMSCRIPTEN_TINY__ instead [-Wdeprecated-pragma]
 1289 |      ((!defined(HEDLEY_EMSCRIPTEN_VERSION) || HEDLEY_EMSCRIPTEN_VERSION_CHECK(3, 1, 43)) && HEDLEY_HAS_BUILTIN(__builtin_roundevenf)) || \
      |                                               ^
/Users/miu/Code/peach-cat/.cache/vcv-library-sources/SurgeXTRack/640153d4e70896a707bc3a7cbff1d375c44581b6/surge/libs/simde/simde/x86/../hedley.h:195:63: note: expanded from macro 'HEDLEY_EMSCRIPTEN_VERSION_CHECK'
  195 | #  define HEDLEY_EMSCRIPTEN_VERSION_CHECK(major,minor,patch) (HEDLEY_EMSCRIPTEN_VERSION >= HEDLEY_VERSION_ENCODE(major, minor, patch))
      |                                                               ^
/Users/miu/Code/peach-cat/.cache/vcv-library-sources/SurgeXTRack/640153d4e70896a707bc3a7cbff1d375c44581b6/surge/libs/simde/simde/x86/../hedley.h:188:103: note: expanded from macro 'HEDLEY_EMSCRIPTEN_VERSION'
  188 | #  define HEDLEY_EMSCRIPTEN_VERSION HEDLEY_VERSION_ENCODE(__EMSCRIPTEN_major__, __EMSCRIPTEN_minor__, __EMSCRIPTEN_tiny__)
      |                                                                                                       ^
/opt/homebrew/Cellar/emscripten/6.0.3/libexec/cache/sysroot/include/emscripten/version.h:12:80: note: macro marked 'deprecated' here
   12 | #pragma clang deprecated(__EMSCRIPTEN_tiny__, "Use __EMSCRIPTEN_TINY__ instead")
      |                                                                                ^
6 warnings generated.
In file included from /Users/miu/Code/peach-cat/.cache/vcv-library-sources/SurgeXTRack/640153d4e70896a707bc3a7cbff1d375c44581b6/surge/src/common/Parameter.cpp:23:
In file included from /Users/miu/Code/peach-cat/.cache/vcv-library-sources/SurgeXTRack/640153d4e70896a707bc3a7cbff1d375c44581b6/surge/src/common/SurgeStorage.h:25:
In file included from /Users/miu/Code/peach-cat/.cache/vcv-library-sources/SurgeXTRack/640153d4e70896a707bc3a7cbff1d375c44581b6/surge/src/common/globals.h:62:
In file included from /Users/miu/Code/peach-cat/.cache/vcv-library-sources/SurgeXTRack/640153d4e70896a707bc3a7cbff1d375c44581b6/surge/libs/simde/simde/x86/sse2.h:35:
In file included from /Users/miu/Code/peach-cat/.cache/vcv-library-sources/SurgeXTRack/640153d4e70896a707bc3a7cbff1d375c44581b6/surge/libs/simde/simde/x86/sse.h:33:
In file included from /Users/miu/Code/peach-cat/.cache/vcv-library-sources/SurgeXTRack/640153d4e70896a707bc3a7cbff1d375c44581b6/surge/libs/simde/simde/x86/mmx.h:30:
In file included from /Users/miu/Code/peach-cat/.cache/vcv-library-sources/SurgeXTRack/640153d4e70896a707bc3a7cbff1d375c44581b6/surge/libs/simde/simde/x86/../simde-common.h:47:
/Users/miu/Code/peach-cat/.cache/vcv-library-sources/SurgeXTRack/640153d4e70896a707bc3a7cbff1d375c44581b6/surge/libs/simde/simde/x86/../simde-math.h:1269:47: warning: macro '__EMSCRIPTEN_major__' has been marked as deprecated: Use __EMSCRIPTEN_MAJOR__ instead [-Wdeprecated-pragma]
 1269 |      ((!defined(HEDLEY_EMSCRIPTEN_VERSION) || HEDLEY_EMSCRIPTEN_VERSION_CHECK(3, 1, 43)) && HEDLEY_HAS_BUILTIN(__builtin_roundeven)) || \
      |                                               ^
/Users/miu/Code/peach-cat/.cache/vcv-library-sources/SurgeXTRack/640153d4e70896a707bc3a7cbff1d375c44581b6/surge/libs/simde/simde/x86/../hedley.h:195:63: note: expanded from macro 'HEDLEY_EMSCRIPTEN_VERSION_CHECK'
  195 | #  define HEDLEY_EMSCRIPTEN_VERSION_CHECK(major,minor,patch) (HEDLEY_EMSCRIPTEN_VERSION >= HEDLEY_VERSION_ENCODE(major, minor, patch))
      |                                                               ^
/Users/miu/Code/peach-cat/.cache/vcv-library-sources/SurgeXTRack/640153d4e70896a707bc3a7cbff1d375c44581b6/surge/libs/simde/simde/x86/../hedley.h:188:59: note: expanded from macro 'HEDLEY_EMSCRIPTEN_VERSION'
  188 | #  define HEDLEY_EMSCRIPTEN_VERSION HEDLEY_VERSION_ENCODE(__EMSCRIPTEN_major__, __EMSCRIPTEN_minor__, __EMSCRIPTEN_tiny__)
      |                                                           ^
/opt/homebrew/Cellar/emscripten/6.0.3/libexec/cache/sysroot/include/emscripten/version.h:10:82: note: macro marked 'deprecated' here
   10 | #pragma clang deprecated(__EMSCRIPTEN_major__, "Use __EMSCRIPTEN_MAJOR__ instead")
      |                                                                                  ^
In file included from /Users/miu/Code/peach-cat/.cache/vcv-library-sources/SurgeXTRack/640153d4e70896a707bc3a7cbff1d375c44581b6/surge/src/common/Parameter.cpp:23:
In file included from /Users/miu/Code/peach-cat/.cache/vcv-library-sources/SurgeXTRack/640153d4e70896a707bc3a7cbff1d375c44581b6/surge/src/common/SurgeStorage.h:25:
In file included from /Users/miu/Code/peach-cat/.cache/vcv-library-sources/SurgeXTRack/640153d4e70896a707bc3a7cbff1d375c44581b6/surge/src/common/globals.h:62:
In file included from /Users/miu/Code/peach-cat/.cache/vcv-library-sources/SurgeXTRack/640153d4e70896a707bc3a7cbff1d375c44581b6/surge/libs/simde/simde/x86/sse2.h:35:
In file included from /Users/miu/Code/peach-cat/.cache/vcv-library-sources/SurgeXTRack/640153d4e70896a707bc3a7cbff1d375c44581b6/surge/libs/simde/simde/x86/sse.h:33:
In file included from /Users/miu/Code/peach-cat/.cache/vcv-library-sources/SurgeXTRack/640153d4e70896a707bc3a7cbff1d375c44581b6/surge/libs/simde/simde/x86/mmx.h:30:
In file included from /Users/miu/Code/peach-cat/.cache/vcv-library-sources/SurgeXTRack/640153d4e70896a707bc3a7cbff1d375c44581b6/surge/libs/simde/simde/x86/../simde-common.h:47:
/Users/miu/Code/peach-cat/.cache/vcv-library-sources/SurgeXTRack/640153d4e70896a707bc3a7cbff1d375c44581b6/surge/libs/simde/simde/x86/../simde-math.h:1269:47: warning: macro '__EMSCRIPTEN_minor__' has been marked as deprecated: Use __EMSCRIPTEN_MINOR__ instead [-Wdeprecated-pragma]
 1269 |      ((!defined(HEDLEY_EMSCRIPTEN_VERSION) || HEDLEY_EMSCRIPTEN_VERSION_CHECK(3, 1, 43)) && HEDLEY_HAS_BUILTIN(__builtin_roundeven)) || \
      |                                               ^
/Users/miu/Code/peach-cat/.cache/vcv-library-sources/SurgeXTRack/640153d4e70896a707bc3a7cbff1d375c44581b6/surge/libs/simde/simde/x86/../hedley.h:195:63: note: expanded from macro 'HEDLEY_EMSCRIPTEN_VERSION_CHECK'
  195 | #  define HEDLEY_EMSCRIPTEN_VERSION_CHECK(major,minor,patch) (HEDLEY_EMSCRIPTEN_VERSION >= HEDLEY_VERSION_ENCODE(major, minor, patch))
      |                                                               ^
/Users/miu/Code/peach-cat/.cache/vcv-library-sources/SurgeXTRack/640153d4e70896a707bc3a7cbff1d375c44581b6/surge/libs/simde/simde/x86/../hedley.h:188:81: note: expanded from macro 'HEDLEY_EMSCRIPTEN_VERSION'
  188 | #  define HEDLEY_EMSCRIPTEN_VERSION HEDLEY_VERSION_ENCODE(__EMSCRIPTEN_major__, __EMSCRIPTEN_minor__, __EMSCRIPTEN_tiny__)
      |                                                                                 ^
/opt/homebrew/Cellar/emscripten/6.0.3/libexec/cache/sysroot/include/emscripten/version.h:11:82: note: macro marked 'deprecated' here
   11 | #pragma clang deprecated(__EMSCRIPTEN_minor__, "Use __EMSCRIPTEN_MINOR__ instead")
      |                                                                                  ^
In file included from /Users/miu/Code/peach-cat/.cache/vcv-library-sources/SurgeXTRack/640153d4e70896a707bc3a7cbff1d375c44581b6/surge/src/common/Parameter.cpp:23:
In file included from /Users/miu/Code/peach-cat/.cache/vcv-library-sources/SurgeXTRack/640153d4e70896a707bc3a7cbff1d375c44581b6/surge/src/common/SurgeStorage.h:25:
In file included from /Users/miu/Code/peach-cat/.cache/vcv-library-sources/SurgeXTRack/640153d4e70896a707bc3a7cbff1d375c44581b6/surge/src/common/globals.h:62:
In file included from /Users/miu/Code/peach-cat/.cache/vcv-library-sources/SurgeXTRack/640153d4e70896a707bc3a7cbff1d375c44581b6/surge/libs/simde/simde/x86/sse2.h:35:
In file included from /Users/miu/Code/peach-cat/.cache/vcv-library-sources/SurgeXTRack/640153d4e70896a707bc3a7cbff1d375c44581b6/surge/libs/simde/simde/x86/sse.h:33:
In file included from /Users/miu/Code/peach-cat/.cache/vcv-library-sources/SurgeXTRack/640153d4e70896a707bc3a7cbff1d375c44581b6/surge/libs/simde/simde/x86/mmx.h:30:
In file included from /Users/miu/Code/peach-cat/.cache/vcv-library-sources/SurgeXTRack/640153d4e70896a707bc3a7cbff1d375c44581b6/surge/libs/simde/simde/x86/../simde-common.h:47:
/Users/miu/Code/peach-cat/.cache/vcv-library-sources/SurgeXTRack/640153d4e70896a707bc3a7cbff1d375c44581b6/surge/libs/simde/simde/x86/../simde-math.h:1269:47: warning: macro '__EMSCRIPTEN_tiny__' has been marked as deprecated: Use __EMSCRIPTEN_TINY__ instead [-Wdeprecated-pragma]
 1269 |      ((!defined(HEDLEY_EMSCRIPTEN_VERSION) || HEDLEY_EMSCRIPTEN_VERSION_CHECK(3, 1, 43)) && HEDLEY_HAS_BUILTIN(__builtin_roundeven)) || \
      |                                               ^
/Users/miu/Code/peach-cat/.cache/vcv-library-sources/SurgeXTRack/640153d4e70896a707bc3a7cbff1d375c44581b6/surge/libs/simde/simde/x86/../hedley.h:195:63: note: expanded from macro 'HEDLEY_EMSCRIPTEN_VERSION_CHECK'
  195 | #  define HEDLEY_EMSCRIPTEN_VERSION_CHECK(major,minor,patch) (HEDLEY_EMSCRIPTEN_VERSION >= HEDLEY_VERSION_ENCODE(major, minor, patch))
      |                                                               ^
/Users/miu/Code/peach-cat/.cache/vcv-library-sources/SurgeXTRack/640153d4e70896a707bc3a7cbff1d375c44581b6/surge/libs/simde/simde/x86/../hedley.h:188:103: note: expanded from macro 'HEDLEY_EMSCRIPTEN_VERSION'
  188 | #  define HEDLEY_EMSCRIPTEN_VERSION HEDLEY_VERSION_ENCODE(__EMSCRIPTEN_major__, __EMSCRIPTEN_minor__, __EMSCRIPTEN_tiny__)
      |                                                                                                       ^
/opt/homebrew/Cellar/emscripten/6.0.3/libexec/cache/sysroot/include/emscripten/version.h:12:80: note: macro marked 'deprecated' here
   12 | #pragma clang deprecated(__EMSCRIPTEN_tiny__, "Use __EMSCRIPTEN_TINY__ instead")
      |                                                                                ^
In file included from /Users/miu/Code/peach-cat/.cache/vcv-library-sources/SurgeXTRack/640153d4e70896a707bc3a7cbff1d375c44581b6/surge/src/common/Parameter.cpp:23:
In file included from /Users/miu/Code/peach-cat/.cache/vcv-library-sources/SurgeXTRack/640153d4e70896a707bc3a7cbff1d375c44581b6/surge/src/common/SurgeStorage.h:25:
In file included from /Users/miu/Code/peach-cat/.cache/vcv-library-sources/SurgeXTRack/640153d4e70896a707bc3a7cbff1d375c44581b6/surge/src/common/globals.h:62:
In file included from /Users/miu/Code/peach-cat/.cache/vcv-library-sources/SurgeXTRack/640153d4e70896a707bc3a7cbff1d375c44581b6/surge/libs/simde/simde/x86/sse2.h:35:
In file included from /Users/miu/Code/peach-cat/.cache/vcv-library-sources/SurgeXTRack/640153d4e70896a707bc3a7cbff1d375c44581b6/surge/libs/simde/simde/x86/sse.h:33:
In file included from /Users/miu/Code/peach-cat/.cache/vcv-library-sources/SurgeXTRack/640153d4e70896a707bc3a7cbff1d375c44581b6/surge/libs/simde/simde/x86/mmx.h:30:
In file included from /Users/miu/Code/peach-cat/.cache/vcv-library-sources/SurgeXTRack/640153d4e70896a707bc3a7cbff1d375c44581b6/surge/libs/simde/simde/x86/../simde-common.h:47:
/Users/miu/Code/peach-cat/.cache/vcv-library-sources/SurgeXTRack/640153d4e70896a707bc3a7cbff1d375c44581b6/surge/libs/simde/simde/x86/../simde-math.h:1289:47: warning: macro '__EMSCRIPTEN_major__' has been marked as deprecated: Use __EMSCRIPTEN_MAJOR__ instead [-Wdeprecated-pragma]
 1289 |      ((!defined(HEDLEY_EMSCRIPTEN_VERSION) || HEDLEY_EMSCRIPTEN_VERSION_CHECK(3, 1, 43)) && HEDLEY_HAS_BUILTIN(__builtin_roundevenf)) || \
      |                                               ^
/Users/miu/Code/peach-cat/.cache/vcv-library-sources/SurgeXTRack/640153d4e70896a707bc3a7cbff1d375c44581b6/surge/libs/simde/simde/x86/../hedley.h:195:63: note: expanded from macro 'HEDLEY_EMSCRIPTEN_VERSION_CHECK'
  195 | #  define HEDLEY_EMSCRIPTEN_VERSION_CHECK(major,minor,patch) (HEDLEY_EMSCRIPTEN_VERSION >= HEDLEY_VERSION_ENCODE(major, minor, patch))
      |                                                               ^
/Users/miu/Code/peach-cat/.cache/vcv-library-sources/SurgeXTRack/640153d4e70896a707bc3a7cbff1d375c44581b6/surge/libs/simde/simde/x86/../hedley.h:188:59: note: expanded from macro 'HEDLEY_EMSCRIPTEN_VERSION'
  188 | #  define HEDLEY_EMSCRIPTEN_VERSION HEDLEY_VERSION_ENCODE(__EMSCRIPTEN_major__, __EMSCRIPTEN_minor__, __EMSCRIPTEN_tiny__)
      |                                                           ^
/opt/homebrew/Cellar/emscripten/6.0.3/libexec/cache/sysroot/include/emscripten/version.h:10:82: note: macro marked 'deprecated' here
   10 | #pragma clang deprecated(__EMSCRIPTEN_major__, "Use __EMSCRIPTEN_MAJOR__ instead")
      |                                                                                  ^
In file included from /Users/miu/Code/peach-cat/.cache/vcv-library-sources/SurgeXTRack/640153d4e70896a707bc3a7cbff1d375c44581b6/surge/src/common/Parameter.cpp:23:
In file included from /Users/miu/Code/peach-cat/.cache/vcv-library-sources/SurgeXTRack/640153d4e70896a707bc3a7cbff1d375c44581b6/surge/src/common/SurgeStorage.h:25:
In file included from /Users/miu/Code/peach-cat/.cache/vcv-library-sources/SurgeXTRack/640153d4e70896a707bc3a7cbff1d375c44581b6/surge/src/common/globals.h:62:
In file included from /Users/miu/Code/peach-cat/.cache/vcv-library-sources/SurgeXTRack/640153d4e70896a707bc3a7cbff1d375c44581b6/surge/libs/simde/simde/x86/sse2.h:35:
In file included from /Users/miu/Code/peach-cat/.cache/vcv-library-sources/SurgeXTRack/640153d4e70896a707bc3a7cbff1d375c44581b6/surge/libs/simde/simde/x86/sse.h:33:
In file included from /Users/miu/Code/peach-cat/.cache/vcv-library-sources/SurgeXTRack/640153d4e70896a707bc3a7cbff1d375c44581b6/surge/libs/simde/simde/x86/mmx.h:30:
In file included from /Users/miu/Code/peach-cat/.cache/vcv-library-sources/SurgeXTRack/640153d4e70896a707bc3a7cbff1d375c44581b6/surge/libs/simde/simde/x86/../simde-common.h:47:
/Users/miu/Code/peach-cat/.cache/vcv-library-sources/SurgeXTRack/640153d4e70896a707bc3a7cbff1d375c44581b6/surge/libs/simde/simde/x86/../simde-math.h:1289:47: warning: macro '__EMSCRIPTEN_minor__' has been marked as deprecated: Use __EMSCRIPTEN_MINOR__ instead [-Wdeprecated-pragma]
 1289 |      ((!defined(HEDLEY_EMSCRIPTEN_VERSION) || HEDLEY_EMSCRIPTEN_VERSION_CHECK(3, 1, 43)) && HEDLEY_HAS_BUILTIN(__builtin_roundevenf)) || \
      |                                               ^
/Users/miu/Code/peach-cat/.cache/vcv-library-sources/SurgeXTRack/640153d4e70896a707bc3a7cbff1d375c44581b6/surge/libs/simde/simde/x86/../hedley.h:195:63: note: expanded from macro 'HEDLEY_EMSCRIPTEN_VERSION_CHECK'
  195 | #  define HEDLEY_EMSCRIPTEN_VERSION_CHECK(major,minor,patch) (HEDLEY_EMSCRIPTEN_VERSION >= HEDLEY_VERSION_ENCODE(major, minor, patch))
      |                                                               ^
/Users/miu/Code/peach-cat/.cache/vcv-library-sources/SurgeXTRack/640153d4e70896a707bc3a7cbff1d375c44581b6/surge/libs/simde/simde/x86/../hedley.h:188:81: note: expanded from macro 'HEDLEY_EMSCRIPTEN_VERSION'
  188 | #  define HEDLEY_EMSCRIPTEN_VERSION HEDLEY_VERSION_ENCODE(__EMSCRIPTEN_major__, __EMSCRIPTEN_minor__, __EMSCRIPTEN_tiny__)
      |                                                                                 ^
/opt/homebrew/Cellar/emscripten/6.0.3/libexec/cache/sysroot/include/emscripten/version.h:11:82: note: macro marked 'deprecated' here
   11 | #pragma clang deprecated(__EMSCRIPTEN_minor__, "Use __EMSCRIPTEN_MINOR__ instead")
      |                                                                                  ^
In file included from /Users/miu/Code/peach-cat/.cache/vcv-library-sources/SurgeXTRack/640153d4e70896a707bc3a7cbff1d375c44581b6/surge/src/common/Parameter.cpp:23:
In file included from /Users/miu/Code/peach-cat/.cache/vcv-library-sources/SurgeXTRack/640153d4e70896a707bc3a7cbff1d375c44581b6/surge/src/common/SurgeStorage.h:25:
In file included from /Users/miu/Code/peach-cat/.cache/vcv-library-sources/SurgeXTRack/640153d4e70896a707bc3a7cbff1d375c44581b6/surge/src/common/globals.h:62:
In file included from /Users/miu/Code/peach-cat/.cache/vcv-library-sources/SurgeXTRack/640153d4e70896a707bc3a7cbff1d375c44581b6/surge/libs/simde/simde/x86/sse2.h:35:
In file included from /Users/miu/Code/peach-cat/.cache/vcv-library-sources/SurgeXTRack/640153d4e70896a707bc3a7cbff1d375c44581b6/surge/libs/simde/simde/x86/sse.h:33:
In file included from /Users/miu/Code/peach-cat/.cache/vcv-library-sources/SurgeXTRack/640153d4e70896a707bc3a7cbff1d375c44581b6/surge/libs/simde/simde/x86/mmx.h:30:
In file included from /Users/miu/Code/peach-cat/.cache/vcv-library-sources/SurgeXTRack/640153d4e70896a707bc3a7cbff1d375c44581b6/surge/libs/simde/simde/x86/../simde-common.h:47:
/Users/miu/Code/peach-cat/.cache/vcv-library-sources/SurgeXTRack/640153d4e70896a707bc3a7cbff1d375c44581b6/surge/libs/simde/simde/x86/../simde-math.h:1289:47: warning: macro '__EMSCRIPTEN_tiny__' has been marked as deprecated: Use __EMSCRIPTEN_TINY__ instead [-Wdeprecated-pragma]
 1289 |      ((!defined(HEDLEY_EMSCRIPTEN_VERSION) || HEDLEY_EMSCRIPTEN_VERSION_CHECK(3, 1, 43)) && HEDLEY_HAS_BUILTIN(__builtin_roundevenf)) || \
      |                                               ^
/Users/miu/Code/peach-cat/.cache/vcv-library-sources/SurgeXTRack/640153d4e70896a707bc3a7cbff1d375c44581b6/surge/libs/simde/simde/x86/../hedley.h:195:63: note: expanded from macro 'HEDLEY_EMSCRIPTEN_VERSION_CHECK'
  195 | #  define HEDLEY_EMSCRIPTEN_VERSION_CHECK(major,minor,patch) (HEDLEY_EMSCRIPTEN_VERSION >= HEDLEY_VERSION_ENCODE(major, minor, patch))
      |                                                               ^
/Users/miu/Code/peach-cat/.cache/vcv-library-sources/SurgeXTRack/640153d4e70896a707bc3a7cbff1d375c44581b6/surge/libs/simde/simde/x86/../hedley.h:188:103: note: expanded from macro 'HEDLEY_EMSCRIPTEN_VERSION'
  188 | #  define HEDLEY_EMSCRIPTEN_VERSION HEDLEY_VERSION_ENCODE(__EMSCRIPTEN_major__, __EMSCRIPTEN_minor__, __EMSCRIPTEN_tiny__)
      |                                                                                                       ^
/opt/homebrew/Cellar/emscripten/6.0.3/libexec/cache/sysroot/include/emscripten/version.h:12:80: note: macro marked 'deprecated' here
   12 | #pragma clang deprecated(__EMSCRIPTEN_tiny__, "Use __EMSCRIPTEN_TINY__ instead")
      |                                                                                ^
In file included from /Users/miu/Code/peach-cat/.cache/vcv-library-sources/SurgeXTRack/640153d4e70896a707bc3a7cbff1d375c44581b6/surge/src/common/Parameter.cpp:41:
In file included from /Users/miu/Code/peach-cat/.cache/vcv-library-sources/SurgeXTRack/640153d4e70896a707bc3a7cbff1d375c44581b6/surge/src/common/UnitConversions.h:29:
/Users/miu/Code/peach-cat/.cache/vcv-library-sources/SurgeXTRack/640153d4e70896a707bc3a7cbff1d375c44581b6/surge/libs/fmt/include/fmt/format.h:4168:27: warning: identifier '_a' preceded by whitespace in a literal operator declaration is deprecated [-Wdeprecated-literal-operator]
 4168 | constexpr auto operator"" _a(const char* s, size_t) -> detail::udl_arg<char> {
      |                ~~~~~~~~~~~^~
      |                operator""_a
7 warnings generated.
In file included from /Users/miu/Code/peach-cat/.cache/vcv-library-sources/SurgeXTRack/640153d4e70896a707bc3a7cbff1d375c44581b6/surge/src/common/ModulationSource.cpp:24:
In file included from /Users/miu/Code/peach-cat/.cache/vcv-library-sources/SurgeXTRack/640153d4e70896a707bc3a7cbff1d375c44581b6/surge/src/common/SurgeStorage.h:25:
In file included from /Users/miu/Code/peach-cat/.cache/vcv-library-sources/SurgeXTRack/640153d4e70896a707bc3a7cbff1d375c44581b6/surge/src/common/globals.h:62:
In file included from /Users/miu/Code/peach-cat/.cache/vcv-library-sources/SurgeXTRack/640153d4e70896a707bc3a7cbff1d375c44581b6/surge/libs/simde/simde/x86/sse2.h:35:
In file included from /Users/miu/Code/peach-cat/.cache/vcv-library-sources/SurgeXTRack/640153d4e70896a707bc3a7cbff1d375c44581b6/surge/libs/simde/simde/x86/sse.h:33:
In file included from /Users/miu/Code/peach-cat/.cache/vcv-library-sources/SurgeXTRack/640153d4e70896a707bc3a7cbff1d375c44581b6/surge/libs/simde/simde/x86/mmx.h:30:
In file included from /Users/miu/Code/peach-cat/.cache/vcv-library-sources/SurgeXTRack/640153d4e70896a707bc3a7cbff1d375c44581b6/surge/libs/simde/simde/x86/../simde-common.h:47:
/Users/miu/Code/peach-cat/.cache/vcv-library-sources/SurgeXTRack/640153d4e70896a707bc3a7cbff1d375c44581b6/surge/libs/simde/simde/x86/../simde-math.h:1269:47: warning: macro '__EMSCRIPTEN_major__' has been marked as deprecated: Use __EMSCRIPTEN_MAJOR__ instead [-Wdeprecated-pragma]
 1269 |      ((!defined(HEDLEY_EMSCRIPTEN_VERSION) || HEDLEY_EMSCRIPTEN_VERSION_CHECK(3, 1, 43)) && HEDLEY_HAS_BUILTIN(__builtin_roundeven)) || \
      |                                               ^
/Users/miu/Code/peach-cat/.cache/vcv-library-sources/SurgeXTRack/640153d4e70896a707bc3a7cbff1d375c44581b6/surge/libs/simde/simde/x86/../hedley.h:195:63: note: expanded from macro 'HEDLEY_EMSCRIPTEN_VERSION_CHECK'
  195 | #  define HEDLEY_EMSCRIPTEN_VERSION_CHECK(major,minor,patch) (HEDLEY_EMSCRIPTEN_VERSION >= HEDLEY_VERSION_ENCODE(major, minor, patch))
      |                                                               ^
/Users/miu/Code/peach-cat/.cache/vcv-library-sources/SurgeXTRack/640153d4e70896a707bc3a7cbff1d375c44581b6/surge/libs/simde/simde/x86/../hedley.h:188:59: note: expanded from macro 'HEDLEY_EMSCRIPTEN_VERSION'
  188 | #  define HEDLEY_EMSCRIPTEN_VERSION HEDLEY_VERSION_ENCODE(__EMSCRIPTEN_major__, __EMSCRIPTEN_minor__, __EMSCRIPTEN_tiny__)
      |                                                           ^
/opt/homebrew/Cellar/emscripten/6.0.3/libexec/cache/sysroot/include/emscripten/version.h:10:82: note: macro marked 'deprecated' here
   10 | #pragma clang deprecated(__EMSCRIPTEN_major__, "Use __EMSCRIPTEN_MAJOR__ instead")
      |                                                                                  ^
In file included from /Users/miu/Code/peach-cat/.cache/vcv-library-sources/SurgeXTRack/640153d4e70896a707bc3a7cbff1d375c44581b6/surge/src/common/ModulationSource.cpp:24:
In file included from /Users/miu/Code/peach-cat/.cache/vcv-library-sources/SurgeXTRack/640153d4e70896a707bc3a7cbff1d375c44581b6/surge/src/common/SurgeStorage.h:25:
In file included from /Users/miu/Code/peach-cat/.cache/vcv-library-sources/SurgeXTRack/640153d4e70896a707bc3a7cbff1d375c44581b6/surge/src/common/globals.h:62:
In file included from /Users/miu/Code/peach-cat/.cache/vcv-library-sources/SurgeXTRack/640153d4e70896a707bc3a7cbff1d375c44581b6/surge/libs/simde/simde/x86/sse2.h:35:
In file included from /Users/miu/Code/peach-cat/.cache/vcv-library-sources/SurgeXTRack/640153d4e70896a707bc3a7cbff1d375c44581b6/surge/libs/simde/simde/x86/sse.h:33:
In file included from /Users/miu/Code/peach-cat/.cache/vcv-library-sources/SurgeXTRack/640153d4e70896a707bc3a7cbff1d375c44581b6/surge/libs/simde/simde/x86/mmx.h:30:
In file included from /Users/miu/Code/peach-cat/.cache/vcv-library-sources/SurgeXTRack/640153d4e70896a707bc3a7cbff1d375c44581b6/surge/libs/simde/simde/x86/../simde-common.h:47:
/Users/miu/Code/peach-cat/.cache/vcv-library-sources/SurgeXTRack/640153d4e70896a707bc3a7cbff1d375c44581b6/surge/libs/simde/simde/x86/../simde-math.h:1269:47: warning: macro '__EMSCRIPTEN_minor__' has been marked as deprecated: Use __EMSCRIPTEN_MINOR__ instead [-Wdeprecated-pragma]
 1269 |      ((!defined(HEDLEY_EMSCRIPTEN_VERSION) || HEDLEY_EMSCRIPTEN_VERSION_CHECK(3, 1, 43)) && HEDLEY_HAS_BUILTIN(__builtin_roundeven)) || \
      |                                               ^
/Users/miu/Code/peach-cat/.cache/vcv-library-sources/SurgeXTRack/640153d4e70896a707bc3a7cbff1d375c44581b6/surge/libs/simde/simde/x86/../hedley.h:195:63: note: expanded from macro 'HEDLEY_EMSCRIPTEN_VERSION_CHECK'
  195 | #  define HEDLEY_EMSCRIPTEN_VERSION_CHECK(major,minor,patch) (HEDLEY_EMSCRIPTEN_VERSION >= HEDLEY_VERSION_ENCODE(major, minor, patch))
      |                                                               ^
/Users/miu/Code/peach-cat/.cache/vcv-library-sources/SurgeXTRack/640153d4e70896a707bc3a7cbff1d375c44581b6/surge/libs/simde/simde/x86/../hedley.h:188:81: note: expanded from macro 'HEDLEY_EMSCRIPTEN_VERSION'
  188 | #  define HEDLEY_EMSCRIPTEN_VERSION HEDLEY_VERSION_ENCODE(__EMSCRIPTEN_major__, __EMSCRIPTEN_minor__, __EMSCRIPTEN_tiny__)
      |                                                                                 ^
/opt/homebrew/Cellar/emscripten/6.0.3/libexec/cache/sysroot/include/emscripten/version.h:11:82: note: macro marked 'deprecated' here
   11 | #pragma clang deprecated(__EMSCRIPTEN_minor__, "Use __EMSCRIPTEN_MINOR__ instead")
      |                                                                                  ^
In file included from /Users/miu/Code/peach-cat/.cache/vcv-library-sources/SurgeXTRack/640153d4e70896a707bc3a7cbff1d375c44581b6/surge/src/common/ModulationSource.cpp:24:
In file included from /Users/miu/Code/peach-cat/.cache/vcv-library-sources/SurgeXTRack/640153d4e70896a707bc3a7cbff1d375c44581b6/surge/src/common/SurgeStorage.h:25:
In file included from /Users/miu/Code/peach-cat/.cache/vcv-library-sources/SurgeXTRack/640153d4e70896a707bc3a7cbff1d375c44581b6/surge/src/common/globals.h:62:
In file included from /Users/miu/Code/peach-cat/.cache/vcv-library-sources/SurgeXTRack/640153d4e70896a707bc3a7cbff1d375c44581b6/surge/libs/simde/simde/x86/sse2.h:35:
In file included from /Users/miu/Code/peach-cat/.cache/vcv-library-sources/SurgeXTRack/640153d4e70896a707bc3a7cbff1d375c44581b6/surge/libs/simde/simde/x86/sse.h:33:
In file included from /Users/miu/Code/peach-cat/.cache/vcv-library-sources/SurgeXTRack/640153d4e70896a707bc3a7cbff1d375c44581b6/surge/libs/simde/simde/x86/mmx.h:30:
In file included from /Users/miu/Code/peach-cat/.cache/vcv-library-sources/SurgeXTRack/640153d4e70896a707bc3a7cbff1d375c44581b6/surge/libs/simde/simde/x86/../simde-common.h:47:
/Users/miu/Code/peach-cat/.cache/vcv-library-sources/SurgeXTRack/640153d4e70896a707bc3a7cbff1d375c44581b6/surge/libs/simde/simde/x86/../simde-math.h:1269:47: warning: macro '__EMSCRIPTEN_tiny__' has been marked as deprecated: Use __EMSCRIPTEN_TINY__ instead [-Wdeprecated-pragma]
 1269 |      ((!defined(HEDLEY_EMSCRIPTEN_VERSION) || HEDLEY_EMSCRIPTEN_VERSION_CHECK(3, 1, 43)) && HEDLEY_HAS_BUILTIN(__builtin_roundeven)) || \
      |                                               ^
/Users/miu/Code/peach-cat/.cache/vcv-library-sources/SurgeXTRack/640153d4e70896a707bc3a7cbff1d375c44581b6/surge/libs/simde/simde/x86/../hedley.h:195:63: note: expanded from macro 'HEDLEY_EMSCRIPTEN_VERSION_CHECK'
  195 | #  define HEDLEY_EMSCRIPTEN_VERSION_CHECK(major,minor,patch) (HEDLEY_EMSCRIPTEN_VERSION >= HEDLEY_VERSION_ENCODE(major, minor, patch))
      |                                                               ^
/Users/miu/Code/peach-cat/.cache/vcv-library-sources/SurgeXTRack/640153d4e70896a707bc3a7cbff1d375c44581b6/surge/libs/simde/simde/x86/../hedley.h:188:103: note: expanded from macro 'HEDLEY_EMSCRIPTEN_VERSION'
  188 | #  define HEDLEY_EMSCRIPTEN_VERSION HEDLEY_VERSION_ENCODE(__EMSCRIPTEN_major__, __EMSCRIPTEN_minor__, __EMSCRIPTEN_tiny__)
      |                                                                                                       ^
/opt/homebrew/Cellar/emscripten/6.0.3/libexec/cache/sysroot/include/emscripten/version.h:12:80: note: macro marked 'deprecated' here
   12 | #pragma clang deprecated(__EMSCRIPTEN_tiny__, "Use __EMSCRIPTEN_TINY__ instead")
      |                                                                                ^
In file included from /Users/miu/Code/peach-cat/.cache/vcv-library-sources/SurgeXTRack/640153d4e70896a707bc3a7cbff1d375c44581b6/surge/src/common/ModulationSource.cpp:24:
In file included from /Users/miu/Code/peach-cat/.cache/vcv-library-sources/SurgeXTRack/640153d4e70896a707bc3a7cbff1d375c44581b6/surge/src/common/SurgeStorage.h:25:
In file included from /Users/miu/Code/peach-cat/.cache/vcv-library-sources/SurgeXTRack/640153d4e70896a707bc3a7cbff1d375c44581b6/surge/src/common/globals.h:62:
In file included from /Users/miu/Code/peach-cat/.cache/vcv-library-sources/SurgeXTRack/640153d4e70896a707bc3a7cbff1d375c44581b6/surge/libs/simde/simde/x86/sse2.h:35:
In file included from /Users/miu/Code/peach-cat/.cache/vcv-library-sources/SurgeXTRack/640153d4e70896a707bc3a7cbff1d375c44581b6/surge/libs/simde/simde/x86/sse.h:33:
In file included from /Users/miu/Code/peach-cat/.cache/vcv-library-sources/SurgeXTRack/640153d4e70896a707bc3a7cbff1d375c44581b6/surge/libs/simde/simde/x86/mmx.h:30:
In file included from /Users/miu/Code/peach-cat/.cache/vcv-library-sources/SurgeXTRack/640153d4e70896a707bc3a7cbff1d375c44581b6/surge/libs/simde/simde/x86/../simde-common.h:47:
/Users/miu/Code/peach-cat/.cache/vcv-library-sources/SurgeXTRack/640153d4e70896a707bc3a7cbff1d375c44581b6/surge/libs/simde/simde/x86/../simde-math.h:1289:47: warning: macro '__EMSCRIPTEN_major__' has been marked as deprecated: Use __EMSCRIPTEN_MAJOR__ instead [-Wdeprecated-pragma]
 1289 |      ((!defined(HEDLEY_EMSCRIPTEN_VERSION) || HEDLEY_EMSCRIPTEN_VERSION_CHECK(3, 1, 43)) && HEDLEY_HAS_BUILTIN(__builtin_roundevenf)) || \
      |                                               ^
/Users/miu/Code/peach-cat/.cache/vcv-library-sources/SurgeXTRack/640153d4e70896a707bc3a7cbff1d375c44581b6/surge/libs/simde/simde/x86/../hedley.h:195:63: note: expanded from macro 'HEDLEY_EMSCRIPTEN_VERSION_CHECK'
  195 | #  define HEDLEY_EMSCRIPTEN_VERSION_CHECK(major,minor,patch) (HEDLEY_EMSCRIPTEN_VERSION >= HEDLEY_VERSION_ENCODE(major, minor, patch))
      |                                                               ^
/Users/miu/Code/peach-cat/.cache/vcv-library-sources/SurgeXTRack/640153d4e70896a707bc3a7cbff1d375c44581b6/surge/libs/simde/simde/x86/../hedley.h:188:59: note: expanded from macro 'HEDLEY_EMSCRIPTEN_VERSION'
  188 | #  define HEDLEY_EMSCRIPTEN_VERSION HEDLEY_VERSION_ENCODE(__EMSCRIPTEN_major__, __EMSCRIPTEN_minor__, __EMSCRIPTEN_tiny__)
      |                                                           ^
/opt/homebrew/Cellar/emscripten/6.0.3/libexec/cache/sysroot/include/emscripten/version.h:10:82: note: macro marked 'deprecated' here
   10 | #pragma clang deprecated(__EMSCRIPTEN_major__, "Use __EMSCRIPTEN_MAJOR__ instead")
      |                                                                                  ^
In file included from /Users/miu/Code/peach-cat/.cache/vcv-library-sources/SurgeXTRack/640153d4e70896a707bc3a7cbff1d375c44581b6/surge/src/common/ModulationSource.cpp:24:
In file included from /Users/miu/Code/peach-cat/.cache/vcv-library-sources/SurgeXTRack/640153d4e70896a707bc3a7cbff1d375c44581b6/surge/src/common/SurgeStorage.h:25:
In file included from /Users/miu/Code/peach-cat/.cache/vcv-library-sources/SurgeXTRack/640153d4e70896a707bc3a7cbff1d375c44581b6/surge/src/common/globals.h:62:
In file included from /Users/miu/Code/peach-cat/.cache/vcv-library-sources/SurgeXTRack/640153d4e70896a707bc3a7cbff1d375c44581b6/surge/libs/simde/simde/x86/sse2.h:35:
In file included from /Users/miu/Code/peach-cat/.cache/vcv-library-sources/SurgeXTRack/640153d4e70896a707bc3a7cbff1d375c44581b6/surge/libs/simde/simde/x86/sse.h:33:
In file included from /Users/miu/Code/peach-cat/.cache/vcv-library-sources/SurgeXTRack/640153d4e70896a707bc3a7cbff1d375c44581b6/surge/libs/simde/simde/x86/mmx.h:30:
In file included from /Users/miu/Code/peach-cat/.cache/vcv-library-sources/SurgeXTRack/640153d4e70896a707bc3a7cbff1d375c44581b6/surge/libs/simde/simde/x86/../simde-common.h:47:
/Users/miu/Code/peach-cat/.cache/vcv-library-sources/SurgeXTRack/640153d4e70896a707bc3a7cbff1d375c44581b6/surge/libs/simde/simde/x86/../simde-math.h:1289:47: warning: macro '__EMSCRIPTEN_minor__' has been marked as deprecated: Use __EMSCRIPTEN_MINOR__ instead [-Wdeprecated-pragma]
 1289 |      ((!defined(HEDLEY_EMSCRIPTEN_VERSION) || HEDLEY_EMSCRIPTEN_VERSION_CHECK(3, 1, 43)) && HEDLEY_HAS_BUILTIN(__builtin_roundevenf)) || \
      |                                               ^
/Users/miu/Code/peach-cat/.cache/vcv-library-sources/SurgeXTRack/640153d4e70896a707bc3a7cbff1d375c44581b6/surge/libs/simde/simde/x86/../hedley.h:195:63: note: expanded from macro 'HEDLEY_EMSCRIPTEN_VERSION_CHECK'
  195 | #  define HEDLEY_EMSCRIPTEN_VERSION_CHECK(major,minor,patch) (HEDLEY_EMSCRIPTEN_VERSION >= HEDLEY_VERSION_ENCODE(major, minor, patch))
      |                                                               ^
/Users/miu/Code/peach-cat/.cache/vcv-library-sources/SurgeXTRack/640153d4e70896a707bc3a7cbff1d375c44581b6/surge/libs/simde/simde/x86/../hedley.h:188:81: note: expanded from macro 'HEDLEY_EMSCRIPTEN_VERSION'
  188 | #  define HEDLEY_EMSCRIPTEN_VERSION HEDLEY_VERSION_ENCODE(__EMSCRIPTEN_major__, __EMSCRIPTEN_minor__, __EMSCRIPTEN_tiny__)
      |                                                                                 ^
/opt/homebrew/Cellar/emscripten/6.0.3/libexec/cache/sysroot/include/emscripten/version.h:11:82: note: macro marked 'deprecated' here
   11 | #pragma clang deprecated(__EMSCRIPTEN_minor__, "Use __EMSCRIPTEN_MINOR__ instead")
      |                                                                                  ^
In file included from /Users/miu/Code/peach-cat/.cache/vcv-library-sources/SurgeXTRack/640153d4e70896a707bc3a7cbff1d375c44581b6/surge/src/common/ModulationSource.cpp:24:
In file included from /Users/miu/Code/peach-cat/.cache/vcv-library-sources/SurgeXTRack/640153d4e70896a707bc3a7cbff1d375c44581b6/surge/src/common/SurgeStorage.h:25:
In file included from /Users/miu/Code/peach-cat/.cache/vcv-library-sources/SurgeXTRack/640153d4e70896a707bc3a7cbff1d375c44581b6/surge/src/common/globals.h:62:
In file included from /Users/miu/Code/peach-cat/.cache/vcv-library-sources/SurgeXTRack/640153d4e70896a707bc3a7cbff1d375c44581b6/surge/libs/simde/simde/x86/sse2.h:35:
In file included from /Users/miu/Code/peach-cat/.cache/vcv-library-sources/SurgeXTRack/640153d4e70896a707bc3a7cbff1d375c44581b6/surge/libs/simde/simde/x86/sse.h:33:
In file included from /Users/miu/Code/peach-cat/.cache/vcv-library-sources/SurgeXTRack/640153d4e70896a707bc3a7cbff1d375c44581b6/surge/libs/simde/simde/x86/mmx.h:30:
In file included from /Users/miu/Code/peach-cat/.cache/vcv-library-sources/SurgeXTRack/640153d4e70896a707bc3a7cbff1d375c44581b6/surge/libs/simde/simde/x86/../simde-common.h:47:
/Users/miu/Code/peach-cat/.cache/vcv-library-sources/SurgeXTRack/640153d4e70896a707bc3a7cbff1d375c44581b6/surge/libs/simde/simde/x86/../simde-math.h:1289:47: warning: macro '__EMSCRIPTEN_tiny__' has been marked as deprecated: Use __EMSCRIPTEN_TINY__ instead [-Wdeprecated-pragma]
 1289 |      ((!defined(HEDLEY_EMSCRIPTEN_VERSION) || HEDLEY_EMSCRIPTEN_VERSION_CHECK(3, 1, 43)) && HEDLEY_HAS_BUILTIN(__builtin_roundevenf)) || \
      |                                               ^
/Users/miu/Code/peach-cat/.cache/vcv-library-sources/SurgeXTRack/640153d4e70896a707bc3a7cbff1d375c44581b6/surge/libs/simde/simde/x86/../hedley.h:195:63: note: expanded from macro 'HEDLEY_EMSCRIPTEN_VERSION_CHECK'
  195 | #  define HEDLEY_EMSCRIPTEN_VERSION_CHECK(major,minor,patch) (HEDLEY_EMSCRIPTEN_VERSION >= HEDLEY_VERSION_ENCODE(major, minor, patch))
      |                                                               ^
/Users/miu/Code/peach-cat/.cache/vcv-library-sources/SurgeXTRack/640153d4e70896a707bc3a7cbff1d375c44581b6/surge/libs/simde/simde/x86/../hedley.h:188:103: note: expanded from macro 'HEDLEY_EMSCRIPTEN_VERSION'
  188 | #  define HEDLEY_EMSCRIPTEN_VERSION HEDLEY_VERSION_ENCODE(__EMSCRIPTEN_major__, __EMSCRIPTEN_minor__, __EMSCRIPTEN_tiny__)
      |                                                                                                       ^
/opt/homebrew/Cellar/emscripten/6.0.3/libexec/cache/sysroot/include/emscripten/version.h:12:80: note: macro marked 'deprecated' here
   12 | #pragma clang deprecated(__EMSCRIPTEN_tiny__, "Use __EMSCRIPTEN_TINY__ instead")
      |                                                                                ^
6 warnings generated.
In file included from /Users/miu/Code/peach-cat/.cache/vcv-library-sources/SurgeXTRack/640153d4e70896a707bc3a7cbff1d375c44581b6/surge/src/common/dsp/Wavetable.cpp:24:
In file included from /Users/miu/Code/peach-cat/.cache/vcv-library-sources/SurgeXTRack/640153d4e70896a707bc3a7cbff1d375c44581b6/surge/src/common/dsp/utilities/DSPUtils.h:29:
In file included from /Users/miu/Code/peach-cat/.cache/vcv-library-sources/SurgeXTRack/640153d4e70896a707bc3a7cbff1d375c44581b6/surge/src/common/globals.h:62:
In file included from /Users/miu/Code/peach-cat/.cache/vcv-library-sources/SurgeXTRack/640153d4e70896a707bc3a7cbff1d375c44581b6/surge/libs/simde/simde/x86/sse2.h:35:
In file included from /Users/miu/Code/peach-cat/.cache/vcv-library-sources/SurgeXTRack/640153d4e70896a707bc3a7cbff1d375c44581b6/surge/libs/simde/simde/x86/sse.h:33:
In file included from /Users/miu/Code/peach-cat/.cache/vcv-library-sources/SurgeXTRack/640153d4e70896a707bc3a7cbff1d375c44581b6/surge/libs/simde/simde/x86/mmx.h:30:
In file included from /Users/miu/Code/peach-cat/.cache/vcv-library-sources/SurgeXTRack/640153d4e70896a707bc3a7cbff1d375c44581b6/surge/libs/simde/simde/x86/../simde-common.h:47:
/Users/miu/Code/peach-cat/.cache/vcv-library-sources/SurgeXTRack/640153d4e70896a707bc3a7cbff1d375c44581b6/surge/libs/simde/simde/x86/../simde-math.h:1269:47: warning: macro '__EMSCRIPTEN_major__' has been marked as deprecated: Use __EMSCRIPTEN_MAJOR__ instead [-Wdeprecated-pragma]
 1269 |      ((!defined(HEDLEY_EMSCRIPTEN_VERSION) || HEDLEY_EMSCRIPTEN_VERSION_CHECK(3, 1, 43)) && HEDLEY_HAS_BUILTIN(__builtin_roundeven)) || \
      |                                               ^
/Users/miu/Code/peach-cat/.cache/vcv-library-sources/SurgeXTRack/640153d4e70896a707bc3a7cbff1d375c44581b6/surge/libs/simde/simde/x86/../hedley.h:195:63: note: expanded from macro 'HEDLEY_EMSCRIPTEN_VERSION_CHECK'
  195 | #  define HEDLEY_EMSCRIPTEN_VERSION_CHECK(major,minor,patch) (HEDLEY_EMSCRIPTEN_VERSION >= HEDLEY_VERSION_ENCODE(major, minor, patch))
      |                                                               ^
/Users/miu/Code/peach-cat/.cache/vcv-library-sources/SurgeXTRack/640153d4e70896a707bc3a7cbff1d375c44581b6/surge/libs/simde/simde/x86/../hedley.h:188:59: note: expanded from macro 'HEDLEY_EMSCRIPTEN_VERSION'
  188 | #  define HEDLEY_EMSCRIPTEN_VERSION HEDLEY_VERSION_ENCODE(__EMSCRIPTEN_major__, __EMSCRIPTEN_minor__, __EMSCRIPTEN_tiny__)
      |                                                           ^
/opt/homebrew/Cellar/emscripten/6.0.3/libexec/cache/sysroot/include/emscripten/version.h:10:82: note: macro marked 'deprecated' here
   10 | #pragma clang deprecated(__EMSCRIPTEN_major__, "Use __EMSCRIPTEN_MAJOR__ instead")
      |                                                                                  ^
In file included from /Users/miu/Code/peach-cat/.cache/vcv-library-sources/SurgeXTRack/640153d4e70896a707bc3a7cbff1d375c44581b6/surge/src/common/dsp/Wavetable.cpp:24:
In file included from /Users/miu/Code/peach-cat/.cache/vcv-library-sources/SurgeXTRack/640153d4e70896a707bc3a7cbff1d375c44581b6/surge/src/common/dsp/utilities/DSPUtils.h:29:
In file included from /Users/miu/Code/peach-cat/.cache/vcv-library-sources/SurgeXTRack/640153d4e70896a707bc3a7cbff1d375c44581b6/surge/src/common/globals.h:62:
In file included from /Users/miu/Code/peach-cat/.cache/vcv-library-sources/SurgeXTRack/640153d4e70896a707bc3a7cbff1d375c44581b6/surge/libs/simde/simde/x86/sse2.h:35:
In file included from /Users/miu/Code/peach-cat/.cache/vcv-library-sources/SurgeXTRack/640153d4e70896a707bc3a7cbff1d375c44581b6/surge/libs/simde/simde/x86/sse.h:33:
In file included from /Users/miu/Code/peach-cat/.cache/vcv-library-sources/SurgeXTRack/640153d4e70896a707bc3a7cbff1d375c44581b6/surge/libs/simde/simde/x86/mmx.h:30:
In file included from /Users/miu/Code/peach-cat/.cache/vcv-library-sources/SurgeXTRack/640153d4e70896a707bc3a7cbff1d375c44581b6/surge/libs/simde/simde/x86/../simde-common.h:47:
/Users/miu/Code/peach-cat/.cache/vcv-library-sources/SurgeXTRack/640153d4e70896a707bc3a7cbff1d375c44581b6/surge/libs/simde/simde/x86/../simde-math.h:1269:47: warning: macro '__EMSCRIPTEN_minor__' has been marked as deprecated: Use __EMSCRIPTEN_MINOR__ instead [-Wdeprecated-pragma]
 1269 |      ((!defined(HEDLEY_EMSCRIPTEN_VERSION) || HEDLEY_EMSCRIPTEN_VERSION_CHECK(3, 1, 43)) && HEDLEY_HAS_BUILTIN(__builtin_roundeven)) || \
      |                                               ^
/Users/miu/Code/peach-cat/.cache/vcv-library-sources/SurgeXTRack/640153d4e70896a707bc3a7cbff1d375c44581b6/surge/libs/simde/simde/x86/../hedley.h:195:63: note: expanded from macro 'HEDLEY_EMSCRIPTEN_VERSION_CHECK'
  195 | #  define HEDLEY_EMSCRIPTEN_VERSION_CHECK(major,minor,patch) (HEDLEY_EMSCRIPTEN_VERSION >= HEDLEY_VERSION_ENCODE(major, minor, patch))
      |                                                               ^
/Users/miu/Code/peach-cat/.cache/vcv-library-sources/SurgeXTRack/640153d4e70896a707bc3a7cbff1d375c44581b6/surge/libs/simde/simde/x86/../hedley.h:188:81: note: expanded from macro 'HEDLEY_EMSCRIPTEN_VERSION'
  188 | #  define HEDLEY_EMSCRIPTEN_VERSION HEDLEY_VERSION_ENCODE(__EMSCRIPTEN_major__, __EMSCRIPTEN_minor__, __EMSCRIPTEN_tiny__)
      |                                                                                 ^
/opt/homebrew/Cellar/emscripten/6.0.3/libexec/cache/sysroot/include/emscripten/version.h:11:82: note: macro marked 'deprecated' here
   11 | #pragma clang deprecated(__EMSCRIPTEN_minor__, "Use __EMSCRIPTEN_MINOR__ instead")
      |                                                                                  ^
In file included from /Users/miu/Code/peach-cat/.cache/vcv-library-sources/SurgeXTRack/640153d4e70896a707bc3a7cbff1d375c44581b6/surge/src/common/dsp/Wavetable.cpp:24:
In file included from /Users/miu/Code/peach-cat/.cache/vcv-library-sources/SurgeXTRack/640153d4e70896a707bc3a7cbff1d375c44581b6/surge/src/common/dsp/utilities/DSPUtils.h:29:
In file included from /Users/miu/Code/peach-cat/.cache/vcv-library-sources/SurgeXTRack/640153d4e70896a707bc3a7cbff1d375c44581b6/surge/src/common/globals.h:62:
In file included from /Users/miu/Code/peach-cat/.cache/vcv-library-sources/SurgeXTRack/640153d4e70896a707bc3a7cbff1d375c44581b6/surge/libs/simde/simde/x86/sse2.h:35:
In file included from /Users/miu/Code/peach-cat/.cache/vcv-library-sources/SurgeXTRack/640153d4e70896a707bc3a7cbff1d375c44581b6/surge/libs/simde/simde/x86/sse.h:33:
In file included from /Users/miu/Code/peach-cat/.cache/vcv-library-sources/SurgeXTRack/640153d4e70896a707bc3a7cbff1d375c44581b6/surge/libs/simde/simde/x86/mmx.h:30:
In file included from /Users/miu/Code/peach-cat/.cache/vcv-library-sources/SurgeXTRack/640153d4e70896a707bc3a7cbff1d375c44581b6/surge/libs/simde/simde/x86/../simde-common.h:47:
/Users/miu/Code/peach-cat/.cache/vcv-library-sources/SurgeXTRack/640153d4e70896a707bc3a7cbff1d375c44581b6/surge/libs/simde/simde/x86/../simde-math.h:1269:47: warning: macro '__EMSCRIPTEN_tiny__' has been marked as deprecated: Use __EMSCRIPTEN_TINY__ instead [-Wdeprecated-pragma]
 1269 |      ((!defined(HEDLEY_EMSCRIPTEN_VERSION) || HEDLEY_EMSCRIPTEN_VERSION_CHECK(3, 1, 43)) && HEDLEY_HAS_BUILTIN(__builtin_roundeven)) || \
      |                                               ^
/Users/miu/Code/peach-cat/.cache/vcv-library-sources/SurgeXTRack/640153d4e70896a707bc3a7cbff1d375c44581b6/surge/libs/simde/simde/x86/../hedley.h:195:63: note: expanded from macro 'HEDLEY_EMSCRIPTEN_VERSION_CHECK'
  195 | #  define HEDLEY_EMSCRIPTEN_VERSION_CHECK(major,minor,patch) (HEDLEY_EMSCRIPTEN_VERSION >= HEDLEY_VERSION_ENCODE(major, minor, patch))
      |                                                               ^
/Users/miu/Code/peach-cat/.cache/vcv-library-sources/SurgeXTRack/640153d4e70896a707bc3a7cbff1d375c44581b6/surge/libs/simde/simde/x86/../hedley.h:188:103: note: expanded from macro 'HEDLEY_EMSCRIPTEN_VERSION'
  188 | #  define HEDLEY_EMSCRIPTEN_VERSION HEDLEY_VERSION_ENCODE(__EMSCRIPTEN_major__, __EMSCRIPTEN_minor__, __EMSCRIPTEN_tiny__)
      |                                                                                                       ^
/opt/homebrew/Cellar/emscripten/6.0.3/libexec/cache/sysroot/include/emscripten/version.h:12:80: note: macro marked 'deprecated' here
   12 | #pragma clang deprecated(__EMSCRIPTEN_tiny__, "Use __EMSCRIPTEN_TINY__ instead")
      |                                                                                ^
In file included from /Users/miu/Code/peach-cat/.cache/vcv-library-sources/SurgeXTRack/640153d4e70896a707bc3a7cbff1d375c44581b6/surge/src/common/dsp/Wavetable.cpp:24:
In file included from /Users/miu/Code/peach-cat/.cache/vcv-library-sources/SurgeXTRack/640153d4e70896a707bc3a7cbff1d375c44581b6/surge/src/common/dsp/utilities/DSPUtils.h:29:
In file included from /Users/miu/Code/peach-cat/.cache/vcv-library-sources/SurgeXTRack/640153d4e70896a707bc3a7cbff1d375c44581b6/surge/src/common/globals.h:62:
In file included from /Users/miu/Code/peach-cat/.cache/vcv-library-sources/SurgeXTRack/640153d4e70896a707bc3a7cbff1d375c44581b6/surge/libs/simde/simde/x86/sse2.h:35:
In file included from /Users/miu/Code/peach-cat/.cache/vcv-library-sources/SurgeXTRack/640153d4e70896a707bc3a7cbff1d375c44581b6/surge/libs/simde/simde/x86/sse.h:33:
In file included from /Users/miu/Code/peach-cat/.cache/vcv-library-sources/SurgeXTRack/640153d4e70896a707bc3a7cbff1d375c44581b6/surge/libs/simde/simde/x86/mmx.h:30:
In file included from /Users/miu/Code/peach-cat/.cache/vcv-library-sources/SurgeXTRack/640153d4e70896a707bc3a7cbff1d375c44581b6/surge/libs/simde/simde/x86/../simde-common.h:47:
/Users/miu/Code/peach-cat/.cache/vcv-library-sources/SurgeXTRack/640153d4e70896a707bc3a7cbff1d375c44581b6/surge/libs/simde/simde/x86/../simde-math.h:1289:47: warning: macro '__EMSCRIPTEN_major__' has been marked as deprecated: Use __EMSCRIPTEN_MAJOR__ instead [-Wdeprecated-pragma]
 1289 |      ((!defined(HEDLEY_EMSCRIPTEN_VERSION) || HEDLEY_EMSCRIPTEN_VERSION_CHECK(3, 1, 43)) && HEDLEY_HAS_BUILTIN(__builtin_roundevenf)) || \
      |                                               ^
/Users/miu/Code/peach-cat/.cache/vcv-library-sources/SurgeXTRack/640153d4e70896a707bc3a7cbff1d375c44581b6/surge/libs/simde/simde/x86/../hedley.h:195:63: note: expanded from macro 'HEDLEY_EMSCRIPTEN_VERSION_CHECK'
  195 | #  define HEDLEY_EMSCRIPTEN_VERSION_CHECK(major,minor,patch) (HEDLEY_EMSCRIPTEN_VERSION >= HEDLEY_VERSION_ENCODE(major, minor, patch))
      |                                                               ^
/Users/miu/Code/peach-cat/.cache/vcv-library-sources/SurgeXTRack/640153d4e70896a707bc3a7cbff1d375c44581b6/surge/libs/simde/simde/x86/../hedley.h:188:59: note: expanded from macro 'HEDLEY_EMSCRIPTEN_VERSION'
  188 | #  define HEDLEY_EMSCRIPTEN_VERSION HEDLEY_VERSION_ENCODE(__EMSCRIPTEN_major__, __EMSCRIPTEN_minor__, __EMSCRIPTEN_tiny__)
      |                                                           ^
/opt/homebrew/Cellar/emscripten/6.0.3/libexec/cache/sysroot/include/emscripten/version.h:10:82: note: macro marked 'deprecated' here
   10 | #pragma clang deprecated(__EMSCRIPTEN_major__, "Use __EMSCRIPTEN_MAJOR__ instead")
      |                                                                                  ^
In file included from /Users/miu/Code/peach-cat/.cache/vcv-library-sources/SurgeXTRack/640153d4e70896a707bc3a7cbff1d375c44581b6/surge/src/common/dsp/Wavetable.cpp:24:
In file included from /Users/miu/Code/peach-cat/.cache/vcv-library-sources/SurgeXTRack/640153d4e70896a707bc3a7cbff1d375c44581b6/surge/src/common/dsp/utilities/DSPUtils.h:29:
In file included from /Users/miu/Code/peach-cat/.cache/vcv-library-sources/SurgeXTRack/640153d4e70896a707bc3a7cbff1d375c44581b6/surge/src/common/globals.h:62:
In file included from /Users/miu/Code/peach-cat/.cache/vcv-library-sources/SurgeXTRack/640153d4e70896a707bc3a7cbff1d375c44581b6/surge/libs/simde/simde/x86/sse2.h:35:
In file included from /Users/miu/Code/peach-cat/.cache/vcv-library-sources/SurgeXTRack/640153d4e70896a707bc3a7cbff1d375c44581b6/surge/libs/simde/simde/x86/sse.h:33:
In file included from /Users/miu/Code/peach-cat/.cache/vcv-library-sources/SurgeXTRack/640153d4e70896a707bc3a7cbff1d375c44581b6/surge/libs/simde/simde/x86/mmx.h:30:
In file included from /Users/miu/Code/peach-cat/.cache/vcv-library-sources/SurgeXTRack/640153d4e70896a707bc3a7cbff1d375c44581b6/surge/libs/simde/simde/x86/../simde-common.h:47:
/Users/miu/Code/peach-cat/.cache/vcv-library-sources/SurgeXTRack/640153d4e70896a707bc3a7cbff1d375c44581b6/surge/libs/simde/simde/x86/../simde-math.h:1289:47: warning: macro '__EMSCRIPTEN_minor__' has been marked as deprecated: Use __EMSCRIPTEN_MINOR__ instead [-Wdeprecated-pragma]
 1289 |      ((!defined(HEDLEY_EMSCRIPTEN_VERSION) || HEDLEY_EMSCRIPTEN_VERSION_CHECK(3, 1, 43)) && HEDLEY_HAS_BUILTIN(__builtin_roundevenf)) || \
      |                                               ^
/Users/miu/Code/peach-cat/.cache/vcv-library-sources/SurgeXTRack/640153d4e70896a707bc3a7cbff1d375c44581b6/surge/libs/simde/simde/x86/../hedley.h:195:63: note: expanded from macro 'HEDLEY_EMSCRIPTEN_VERSION_CHECK'
  195 | #  define HEDLEY_EMSCRIPTEN_VERSION_CHECK(major,minor,patch) (HEDLEY_EMSCRIPTEN_VERSION >= HEDLEY_VERSION_ENCODE(major, minor, patch))
      |                                                               ^
/Users/miu/Code/peach-cat/.cache/vcv-library-sources/SurgeXTRack/640153d4e70896a707bc3a7cbff1d375c44581b6/surge/libs/simde/simde/x86/../hedley.h:188:81: note: expanded from macro 'HEDLEY_EMSCRIPTEN_VERSION'
  188 | #  define HEDLEY_EMSCRIPTEN_VERSION HEDLEY_VERSION_ENCODE(__EMSCRIPTEN_major__, __EMSCRIPTEN_minor__, __EMSCRIPTEN_tiny__)
      |                                                                                 ^
/opt/homebrew/Cellar/emscripten/6.0.3/libexec/cache/sysroot/include/emscripten/version.h:11:82: note: macro marked 'deprecated' here
   11 | #pragma clang deprecated(__EMSCRIPTEN_minor__, "Use __EMSCRIPTEN_MINOR__ instead")
      |                                                                                  ^
In file included from /Users/miu/Code/peach-cat/.cache/vcv-library-sources/SurgeXTRack/640153d4e70896a707bc3a7cbff1d375c44581b6/surge/src/common/dsp/Wavetable.cpp:24:
In file included from /Users/miu/Code/peach-cat/.cache/vcv-library-sources/SurgeXTRack/640153d4e70896a707bc3a7cbff1d375c44581b6/surge/src/common/dsp/utilities/DSPUtils.h:29:
In file included from /Users/miu/Code/peach-cat/.cache/vcv-library-sources/SurgeXTRack/640153d4e70896a707bc3a7cbff1d375c44581b6/surge/src/common/globals.h:62:
In file included from /Users/miu/Code/peach-cat/.cache/vcv-library-sources/SurgeXTRack/640153d4e70896a707bc3a7cbff1d375c44581b6/surge/libs/simde/simde/x86/sse2.h:35:
In file included from /Users/miu/Code/peach-cat/.cache/vcv-library-sources/SurgeXTRack/640153d4e70896a707bc3a7cbff1d375c44581b6/surge/libs/simde/simde/x86/sse.h:33:
In file included from /Users/miu/Code/peach-cat/.cache/vcv-library-sources/SurgeXTRack/640153d4e70896a707bc3a7cbff1d375c44581b6/surge/libs/simde/simde/x86/mmx.h:30:
In file included from /Users/miu/Code/peach-cat/.cache/vcv-library-sources/SurgeXTRack/640153d4e70896a707bc3a7cbff1d375c44581b6/surge/libs/simde/simde/x86/../simde-common.h:47:
/Users/miu/Code/peach-cat/.cache/vcv-library-sources/SurgeXTRack/640153d4e70896a707bc3a7cbff1d375c44581b6/surge/libs/simde/simde/x86/../simde-math.h:1289:47: warning: macro '__EMSCRIPTEN_tiny__' has been marked as deprecated: Use __EMSCRIPTEN_TINY__ instead [-Wdeprecated-pragma]
 1289 |      ((!defined(HEDLEY_EMSCRIPTEN_VERSION) || HEDLEY_EMSCRIPTEN_VERSION_CHECK(3, 1, 43)) && HEDLEY_HAS_BUILTIN(__builtin_roundevenf)) || \
      |                                               ^
/Users/miu/Code/peach-cat/.cache/vcv-library-sources/SurgeXTRack/640153d4e70896a707bc3a7cbff1d375c44581b6/surge/libs/simde/simde/x86/../hedley.h:195:63: note: expanded from macro 'HEDLEY_EMSCRIPTEN_VERSION_CHECK'
  195 | #  define HEDLEY_EMSCRIPTEN_VERSION_CHECK(major,minor,patch) (HEDLEY_EMSCRIPTEN_VERSION >= HEDLEY_VERSION_ENCODE(major, minor, patch))
      |                                                               ^
/Users/miu/Code/peach-cat/.cache/vcv-library-sources/SurgeXTRack/640153d4e70896a707bc3a7cbff1d375c44581b6/surge/libs/simde/simde/x86/../hedley.h:188:103: note: expanded from macro 'HEDLEY_EMSCRIPTEN_VERSION'
  188 | #  define HEDLEY_EMSCRIPTEN_VERSION HEDLEY_VERSION_ENCODE(__EMSCRIPTEN_major__, __EMSCRIPTEN_minor__, __EMSCRIPTEN_tiny__)
      |                                                                                                       ^
/opt/homebrew/Cellar/emscripten/6.0.3/libexec/cache/sysroot/include/emscripten/version.h:12:80: note: macro marked 'deprecated' here
   12 | #pragma clang deprecated(__EMSCRIPTEN_tiny__, "Use __EMSCRIPTEN_TINY__ instead")
      |                                                                                ^
6 warnings generated.
In file included from /Users/miu/Code/peach-cat/.cache/vcv-library-sources/SurgeXTRack/640153d4e70896a707bc3a7cbff1d375c44581b6/surge/src/common/PatchDB.cpp:31:
In file included from /Users/miu/Code/peach-cat/.cache/vcv-library-sources/SurgeXTRack/640153d4e70896a707bc3a7cbff1d375c44581b6/surge/src/common/SurgeStorage.h:25:
In file included from /Users/miu/Code/peach-cat/.cache/vcv-library-sources/SurgeXTRack/640153d4e70896a707bc3a7cbff1d375c44581b6/surge/src/common/globals.h:62:
In file included from /Users/miu/Code/peach-cat/.cache/vcv-library-sources/SurgeXTRack/640153d4e70896a707bc3a7cbff1d375c44581b6/surge/libs/simde/simde/x86/sse2.h:35:
In file included from /Users/miu/Code/peach-cat/.cache/vcv-library-sources/SurgeXTRack/640153d4e70896a707bc3a7cbff1d375c44581b6/surge/libs/simde/simde/x86/sse.h:33:
In file included from /Users/miu/Code/peach-cat/.cache/vcv-library-sources/SurgeXTRack/640153d4e70896a707bc3a7cbff1d375c44581b6/surge/libs/simde/simde/x86/mmx.h:30:
In file included from /Users/miu/Code/peach-cat/.cache/vcv-library-sources/SurgeXTRack/640153d4e70896a707bc3a7cbff1d375c44581b6/surge/libs/simde/simde/x86/../simde-common.h:47:
/Users/miu/Code/peach-cat/.cache/vcv-library-sources/SurgeXTRack/640153d4e70896a707bc3a7cbff1d375c44581b6/surge/libs/simde/simde/x86/../simde-math.h:1269:47: warning: macro '__EMSCRIPTEN_major__' has been marked as deprecated: Use __EMSCRIPTEN_MAJOR__ instead [-Wdeprecated-pragma]
 1269 |      ((!defined(HEDLEY_EMSCRIPTEN_VERSION) || HEDLEY_EMSCRIPTEN_VERSION_CHECK(3, 1, 43)) && HEDLEY_HAS_BUILTIN(__builtin_roundeven)) || \
      |                                               ^
/Users/miu/Code/peach-cat/.cache/vcv-library-sources/SurgeXTRack/640153d4e70896a707bc3a7cbff1d375c44581b6/surge/libs/simde/simde/x86/../hedley.h:195:63: note: expanded from macro 'HEDLEY_EMSCRIPTEN_VERSION_CHECK'
  195 | #  define HEDLEY_EMSCRIPTEN_VERSION_CHECK(major,minor,patch) (HEDLEY_EMSCRIPTEN_VERSION >= HEDLEY_VERSION_ENCODE(major, minor, patch))
      |                                                               ^
/Users/miu/Code/peach-cat/.cache/vcv-library-sources/SurgeXTRack/640153d4e70896a707bc3a7cbff1d375c44581b6/surge/libs/simde/simde/x86/../hedley.h:188:59: note: expanded from macro 'HEDLEY_EMSCRIPTEN_VERSION'
  188 | #  define HEDLEY_EMSCRIPTEN_VERSION HEDLEY_VERSION_ENCODE(__EMSCRIPTEN_major__, __EMSCRIPTEN_minor__, __EMSCRIPTEN_tiny__)
      |                                                           ^
/opt/homebrew/Cellar/emscripten/6.0.3/libexec/cache/sysroot/include/emscripten/version.h:10:82: note: macro marked 'deprecated' here
   10 | #pragma clang deprecated(__EMSCRIPTEN_major__, "Use __EMSCRIPTEN_MAJOR__ instead")
      |                                                                                  ^
In file included from /Users/miu/Code/peach-cat/.cache/vcv-library-sources/SurgeXTRack/640153d4e70896a707bc3a7cbff1d375c44581b6/surge/src/common/PatchDB.cpp:31:
In file included from /Users/miu/Code/peach-cat/.cache/vcv-library-sources/SurgeXTRack/640153d4e70896a707bc3a7cbff1d375c44581b6/surge/src/common/SurgeStorage.h:25:
In file included from /Users/miu/Code/peach-cat/.cache/vcv-library-sources/SurgeXTRack/640153d4e70896a707bc3a7cbff1d375c44581b6/surge/src/common/globals.h:62:
In file included from /Users/miu/Code/peach-cat/.cache/vcv-library-sources/SurgeXTRack/640153d4e70896a707bc3a7cbff1d375c44581b6/surge/libs/simde/simde/x86/sse2.h:35:
In file included from /Users/miu/Code/peach-cat/.cache/vcv-library-sources/SurgeXTRack/640153d4e70896a707bc3a7cbff1d375c44581b6/surge/libs/simde/simde/x86/sse.h:33:
In file included from /Users/miu/Code/peach-cat/.cache/vcv-library-sources/SurgeXTRack/640153d4e70896a707bc3a7cbff1d375c44581b6/surge/libs/simde/simde/x86/mmx.h:30:
In file included from /Users/miu/Code/peach-cat/.cache/vcv-library-sources/SurgeXTRack/640153d4e70896a707bc3a7cbff1d375c44581b6/surge/libs/simde/simde/x86/../simde-common.h:47:
/Users/miu/Code/peach-cat/.cache/vcv-library-sources/SurgeXTRack/640153d4e70896a707bc3a7cbff1d375c44581b6/surge/libs/simde/simde/x86/../simde-math.h:1269:47: warning: macro '__EMSCRIPTEN_minor__' has been marked as deprecated: Use __EMSCRIPTEN_MINOR__ instead [-Wdeprecated-pragma]
 1269 |      ((!defined(HEDLEY_EMSCRIPTEN_VERSION) || HEDLEY_EMSCRIPTEN_VERSION_CHECK(3, 1, 43)) && HEDLEY_HAS_BUILTIN(__builtin_roundeven)) || \
      |                                               ^
/Users/miu/Code/peach-cat/.cache/vcv-library-sources/SurgeXTRack/640153d4e70896a707bc3a7cbff1d375c44581b6/surge/libs/simde/simde/x86/../hedley.h:195:63: note: expanded from macro 'HEDLEY_EMSCRIPTEN_VERSION_CHECK'
  195 | #  define HEDLEY_EMSCRIPTEN_VERSION_CHECK(major,minor,patch) (HEDLEY_EMSCRIPTEN_VERSION >= HEDLEY_VERSION_ENCODE(major, minor, patch))
      |                                                               ^
/Users/miu/Code/peach-cat/.cache/vcv-library-sources/SurgeXTRack/640153d4e70896a707bc3a7cbff1d375c44581b6/surge/libs/simde/simde/x86/../hedley.h:188:81: note: expanded from macro 'HEDLEY_EMSCRIPTEN_VERSION'
  188 | #  define HEDLEY_EMSCRIPTEN_VERSION HEDLEY_VERSION_ENCODE(__EMSCRIPTEN_major__, __EMSCRIPTEN_minor__, __EMSCRIPTEN_tiny__)
      |                                                                                 ^
/opt/homebrew/Cellar/emscripten/6.0.3/libexec/cache/sysroot/include/emscripten/version.h:11:82: note: macro marked 'deprecated' here
   11 | #pragma clang deprecated(__EMSCRIPTEN_minor__, "Use __EMSCRIPTEN_MINOR__ instead")
      |                                                                                  ^
In file included from /Users/miu/Code/peach-cat/.cache/vcv-library-sources/SurgeXTRack/640153d4e70896a707bc3a7cbff1d375c44581b6/surge/src/common/PatchDB.cpp:31:
In file included from /Users/miu/Code/peach-cat/.cache/vcv-library-sources/SurgeXTRack/640153d4e70896a707bc3a7cbff1d375c44581b6/surge/src/common/SurgeStorage.h:25:
In file included from /Users/miu/Code/peach-cat/.cache/vcv-library-sources/SurgeXTRack/640153d4e70896a707bc3a7cbff1d375c44581b6/surge/src/common/globals.h:62:
In file included from /Users/miu/Code/peach-cat/.cache/vcv-library-sources/SurgeXTRack/640153d4e70896a707bc3a7cbff1d375c44581b6/surge/libs/simde/simde/x86/sse2.h:35:
In file included from /Users/miu/Code/peach-cat/.cache/vcv-library-sources/SurgeXTRack/640153d4e70896a707bc3a7cbff1d375c44581b6/surge/libs/simde/simde/x86/sse.h:33:
In file included from /Users/miu/Code/peach-cat/.cache/vcv-library-sources/SurgeXTRack/640153d4e70896a707bc3a7cbff1d375c44581b6/surge/libs/simde/simde/x86/mmx.h:30:
In file included from /Users/miu/Code/peach-cat/.cache/vcv-library-sources/SurgeXTRack/640153d4e70896a707bc3a7cbff1d375c44581b6/surge/libs/simde/simde/x86/../simde-common.h:47:
/Users/miu/Code/peach-cat/.cache/vcv-library-sources/SurgeXTRack/640153d4e70896a707bc3a7cbff1d375c44581b6/surge/libs/simde/simde/x86/../simde-math.h:1269:47: warning: macro '__EMSCRIPTEN_tiny__' has been marked as deprecated: Use __EMSCRIPTEN_TINY__ instead [-Wdeprecated-pragma]
 1269 |      ((!defined(HEDLEY_EMSCRIPTEN_VERSION) || HEDLEY_EMSCRIPTEN_VERSION_CHECK(3, 1, 43)) && HEDLEY_HAS_BUILTIN(__builtin_roundeven)) || \
      |                                               ^
/Users/miu/Code/peach-cat/.cache/vcv-library-sources/SurgeXTRack/640153d4e70896a707bc3a7cbff1d375c44581b6/surge/libs/simde/simde/x86/../hedley.h:195:63: note: expanded from macro 'HEDLEY_EMSCRIPTEN_VERSION_CHECK'
  195 | #  define HEDLEY_EMSCRIPTEN_VERSION_CHECK(major,minor,patch) (HEDLEY_EMSCRIPTEN_VERSION >= HEDLEY_VERSION_ENCODE(major, minor, patch))
      |                                                               ^
/Users/miu/Code/peach-cat/.cache/vcv-library-sources/SurgeXTRack/640153d4e70896a707bc3a7cbff1d375c44581b6/surge/libs/simde/simde/x86/../hedley.h:188:103: note: expanded from macro 'HEDLEY_EMSCRIPTEN_VERSION'
  188 | #  define HEDLEY_EMSCRIPTEN_VERSION HEDLEY_VERSION_ENCODE(__EMSCRIPTEN_major__, __EMSCRIPTEN_minor__, __EMSCRIPTEN_tiny__)
      |                                                                                                       ^
/opt/homebrew/Cellar/emscripten/6.0.3/libexec/cache/sysroot/include/emscripten/version.h:12:80: note: macro marked 'deprecated' here
   12 | #pragma clang deprecated(__EMSCRIPTEN_tiny__, "Use __EMSCRIPTEN_TINY__ instead")
      |                                                                                ^
In file included from /Users/miu/Code/peach-cat/.cache/vcv-library-sources/SurgeXTRack/640153d4e70896a707bc3a7cbff1d375c44581b6/surge/src/common/PatchDB.cpp:31:
In file included from /Users/miu/Code/peach-cat/.cache/vcv-library-sources/SurgeXTRack/640153d4e70896a707bc3a7cbff1d375c44581b6/surge/src/common/SurgeStorage.h:25:
In file included from /Users/miu/Code/peach-cat/.cache/vcv-library-sources/SurgeXTRack/640153d4e70896a707bc3a7cbff1d375c44581b6/surge/src/common/globals.h:62:
In file included from /Users/miu/Code/peach-cat/.cache/vcv-library-sources/SurgeXTRack/640153d4e70896a707bc3a7cbff1d375c44581b6/surge/libs/simde/simde/x86/sse2.h:35:
In file included from /Users/miu/Code/peach-cat/.cache/vcv-library-sources/SurgeXTRack/640153d4e70896a707bc3a7cbff1d375c44581b6/surge/libs/simde/simde/x86/sse.h:33:
In file included from /Users/miu/Code/peach-cat/.cache/vcv-library-sources/SurgeXTRack/640153d4e70896a707bc3a7cbff1d375c44581b6/surge/libs/simde/simde/x86/mmx.h:30:
In file included from /Users/miu/Code/peach-cat/.cache/vcv-library-sources/SurgeXTRack/640153d4e70896a707bc3a7cbff1d375c44581b6/surge/libs/simde/simde/x86/../simde-common.h:47:
/Users/miu/Code/peach-cat/.cache/vcv-library-sources/SurgeXTRack/640153d4e70896a707bc3a7cbff1d375c44581b6/surge/libs/simde/simde/x86/../simde-math.h:1289:47: warning: macro '__EMSCRIPTEN_major__' has been marked as deprecated: Use __EMSCRIPTEN_MAJOR__ instead [-Wdeprecated-pragma]
 1289 |      ((!defined(HEDLEY_EMSCRIPTEN_VERSION) || HEDLEY_EMSCRIPTEN_VERSION_CHECK(3, 1, 43)) && HEDLEY_HAS_BUILTIN(__builtin_roundevenf)) || \
      |                                               ^
/Users/miu/Code/peach-cat/.cache/vcv-library-sources/SurgeXTRack/640153d4e70896a707bc3a7cbff1d375c44581b6/surge/libs/simde/simde/x86/../hedley.h:195:63: note: expanded from macro 'HEDLEY_EMSCRIPTEN_VERSION_CHECK'
  195 | #  define HEDLEY_EMSCRIPTEN_VERSION_CHECK(major,minor,patch) (HEDLEY_EMSCRIPTEN_VERSION >= HEDLEY_VERSION_ENCODE(major, minor, patch))
      |                                                               ^
/Users/miu/Code/peach-cat/.cache/vcv-library-sources/SurgeXTRack/640153d4e70896a707bc3a7cbff1d375c44581b6/surge/libs/simde/simde/x86/../hedley.h:188:59: note: expanded from macro 'HEDLEY_EMSCRIPTEN_VERSION'
  188 | #  define HEDLEY_EMSCRIPTEN_VERSION HEDLEY_VERSION_ENCODE(__EMSCRIPTEN_major__, __EMSCRIPTEN_minor__, __EMSCRIPTEN_tiny__)
      |                                                           ^
/opt/homebrew/Cellar/emscripten/6.0.3/libexec/cache/sysroot/include/emscripten/version.h:10:82: note: macro marked 'deprecated' here
   10 | #pragma clang deprecated(__EMSCRIPTEN_major__, "Use __EMSCRIPTEN_MAJOR__ instead")
      |                                                                                  ^
In file included from /Users/miu/Code/peach-cat/.cache/vcv-library-sources/SurgeXTRack/640153d4e70896a707bc3a7cbff1d375c44581b6/surge/src/common/PatchDB.cpp:31:
In file included from /Users/miu/Code/peach-cat/.cache/vcv-library-sources/SurgeXTRack/640153d4e70896a707bc3a7cbff1d375c44581b6/surge/src/common/SurgeStorage.h:25:
In file included from /Users/miu/Code/peach-cat/.cache/vcv-library-sources/SurgeXTRack/640153d4e70896a707bc3a7cbff1d375c44581b6/surge/src/common/globals.h:62:
In file included from /Users/miu/Code/peach-cat/.cache/vcv-library-sources/SurgeXTRack/640153d4e70896a707bc3a7cbff1d375c44581b6/surge/libs/simde/simde/x86/sse2.h:35:
In file included from /Users/miu/Code/peach-cat/.cache/vcv-library-sources/SurgeXTRack/640153d4e70896a707bc3a7cbff1d375c44581b6/surge/libs/simde/simde/x86/sse.h:33:
In file included from /Users/miu/Code/peach-cat/.cache/vcv-library-sources/SurgeXTRack/640153d4e70896a707bc3a7cbff1d375c44581b6/surge/libs/simde/simde/x86/mmx.h:30:
In file included from /Users/miu/Code/peach-cat/.cache/vcv-library-sources/SurgeXTRack/640153d4e70896a707bc3a7cbff1d375c44581b6/surge/libs/simde/simde/x86/../simde-common.h:47:
/Users/miu/Code/peach-cat/.cache/vcv-library-sources/SurgeXTRack/640153d4e70896a707bc3a7cbff1d375c44581b6/surge/libs/simde/simde/x86/../simde-math.h:1289:47: warning: macro '__EMSCRIPTEN_minor__' has been marked as deprecated: Use __EMSCRIPTEN_MINOR__ instead [-Wdeprecated-pragma]
 1289 |      ((!defined(HEDLEY_EMSCRIPTEN_VERSION) || HEDLEY_EMSCRIPTEN_VERSION_CHECK(3, 1, 43)) && HEDLEY_HAS_BUILTIN(__builtin_roundevenf)) || \
      |                                               ^
/Users/miu/Code/peach-cat/.cache/vcv-library-sources/SurgeXTRack/640153d4e70896a707bc3a7cbff1d375c44581b6/surge/libs/simde/simde/x86/../hedley.h:195:63: note: expanded from macro 'HEDLEY_EMSCRIPTEN_VERSION_CHECK'
  195 | #  define HEDLEY_EMSCRIPTEN_VERSION_CHECK(major,minor,patch) (HEDLEY_EMSCRIPTEN_VERSION >= HEDLEY_VERSION_ENCODE(major, minor, patch))
      |                                                               ^
/Users/miu/Code/peach-cat/.cache/vcv-library-sources/SurgeXTRack/640153d4e70896a707bc3a7cbff1d375c44581b6/surge/libs/simde/simde/x86/../hedley.h:188:81: note: expanded from macro 'HEDLEY_EMSCRIPTEN_VERSION'
  188 | #  define HEDLEY_EMSCRIPTEN_VERSION HEDLEY_VERSION_ENCODE(__EMSCRIPTEN_major__, __EMSCRIPTEN_minor__, __EMSCRIPTEN_tiny__)
      |                                                                                 ^
/opt/homebrew/Cellar/emscripten/6.0.3/libexec/cache/sysroot/include/emscripten/version.h:11:82: note: macro marked 'deprecated' here
   11 | #pragma clang deprecated(__EMSCRIPTEN_minor__, "Use __EMSCRIPTEN_MINOR__ instead")
      |                                                                                  ^
In file included from /Users/miu/Code/peach-cat/.cache/vcv-library-sources/SurgeXTRack/640153d4e70896a707bc3a7cbff1d375c44581b6/surge/src/common/PatchDB.cpp:31:
In file included from /Users/miu/Code/peach-cat/.cache/vcv-library-sources/SurgeXTRack/640153d4e70896a707bc3a7cbff1d375c44581b6/surge/src/common/SurgeStorage.h:25:
In file included from /Users/miu/Code/peach-cat/.cache/vcv-library-sources/SurgeXTRack/640153d4e70896a707bc3a7cbff1d375c44581b6/surge/src/common/globals.h:62:
In file included from /Users/miu/Code/peach-cat/.cache/vcv-library-sources/SurgeXTRack/640153d4e70896a707bc3a7cbff1d375c44581b6/surge/libs/simde/simde/x86/sse2.h:35:
In file included from /Users/miu/Code/peach-cat/.cache/vcv-library-sources/SurgeXTRack/640153d4e70896a707bc3a7cbff1d375c44581b6/surge/libs/simde/simde/x86/sse.h:33:
In file included from /Users/miu/Code/peach-cat/.cache/vcv-library-sources/SurgeXTRack/640153d4e70896a707bc3a7cbff1d375c44581b6/surge/libs/simde/simde/x86/mmx.h:30:
In file included from /Users/miu/Code/peach-cat/.cache/vcv-library-sources/SurgeXTRack/640153d4e70896a707bc3a7cbff1d375c44581b6/surge/libs/simde/simde/x86/../simde-common.h:47:
/Users/miu/Code/peach-cat/.cache/vcv-library-sources/SurgeXTRack/640153d4e70896a707bc3a7cbff1d375c44581b6/surge/libs/simde/simde/x86/../simde-math.h:1289:47: warning: macro '__EMSCRIPTEN_tiny__' has been marked as deprecated: Use __EMSCRIPTEN_TINY__ instead [-Wdeprecated-pragma]
 1289 |      ((!defined(HEDLEY_EMSCRIPTEN_VERSION) || HEDLEY_EMSCRIPTEN_VERSION_CHECK(3, 1, 43)) && HEDLEY_HAS_BUILTIN(__builtin_roundevenf)) || \
      |                                               ^
/Users/miu/Code/peach-cat/.cache/vcv-library-sources/SurgeXTRack/640153d4e70896a707bc3a7cbff1d375c44581b6/surge/libs/simde/simde/x86/../hedley.h:195:63: note: expanded from macro 'HEDLEY_EMSCRIPTEN_VERSION_CHECK'
  195 | #  define HEDLEY_EMSCRIPTEN_VERSION_CHECK(major,minor,patch) (HEDLEY_EMSCRIPTEN_VERSION >= HEDLEY_VERSION_ENCODE(major, minor, patch))
      |                                                               ^
/Users/miu/Code/peach-cat/.cache/vcv-library-sources/SurgeXTRack/640153d4e70896a707bc3a7cbff1d375c44581b6/surge/libs/simde/simde/x86/../hedley.h:188:103: note: expanded from macro 'HEDLEY_EMSCRIPTEN_VERSION'
  188 | #  define HEDLEY_EMSCRIPTEN_VERSION HEDLEY_VERSION_ENCODE(__EMSCRIPTEN_major__, __EMSCRIPTEN_minor__, __EMSCRIPTEN_tiny__)
      |                                                                                                       ^
/opt/homebrew/Cellar/emscripten/6.0.3/libexec/cache/sysroot/include/emscripten/version.h:12:80: note: macro marked 'deprecated' here
   12 | #pragma clang deprecated(__EMSCRIPTEN_tiny__, "Use __EMSCRIPTEN_TINY__ instead")
      |                                                                                ^
6 warnings generated.
In file included from /Users/miu/Code/peach-cat/.cache/vcv-library-sources/SurgeXTRack/640153d4e70896a707bc3a7cbff1d375c44581b6/surge/src/common/UserDefaults.cpp:23:
In file included from /Users/miu/Code/peach-cat/.cache/vcv-library-sources/SurgeXTRack/640153d4e70896a707bc3a7cbff1d375c44581b6/surge/src/common/SurgeStorage.h:25:
In file included from /Users/miu/Code/peach-cat/.cache/vcv-library-sources/SurgeXTRack/640153d4e70896a707bc3a7cbff1d375c44581b6/surge/src/common/globals.h:62:
In file included from /Users/miu/Code/peach-cat/.cache/vcv-library-sources/SurgeXTRack/640153d4e70896a707bc3a7cbff1d375c44581b6/surge/libs/simde/simde/x86/sse2.h:35:
In file included from /Users/miu/Code/peach-cat/.cache/vcv-library-sources/SurgeXTRack/640153d4e70896a707bc3a7cbff1d375c44581b6/surge/libs/simde/simde/x86/sse.h:33:
In file included from /Users/miu/Code/peach-cat/.cache/vcv-library-sources/SurgeXTRack/640153d4e70896a707bc3a7cbff1d375c44581b6/surge/libs/simde/simde/x86/mmx.h:30:
In file included from /Users/miu/Code/peach-cat/.cache/vcv-library-sources/SurgeXTRack/640153d4e70896a707bc3a7cbff1d375c44581b6/surge/libs/simde/simde/x86/../simde-common.h:47:
/Users/miu/Code/peach-cat/.cache/vcv-library-sources/SurgeXTRack/640153d4e70896a707bc3a7cbff1d375c44581b6/surge/libs/simde/simde/x86/../simde-math.h:1269:47: warning: macro '__EMSCRIPTEN_major__' has been marked as deprecated: Use __EMSCRIPTEN_MAJOR__ instead [-Wdeprecated-pragma]
 1269 |      ((!defined(HEDLEY_EMSCRIPTEN_VERSION) || HEDLEY_EMSCRIPTEN_VERSION_CHECK(3, 1, 43)) && HEDLEY_HAS_BUILTIN(__builtin_roundeven)) || \
      |                                               ^
/Users/miu/Code/peach-cat/.cache/vcv-library-sources/SurgeXTRack/640153d4e70896a707bc3a7cbff1d375c44581b6/surge/libs/simde/simde/x86/../hedley.h:195:63: note: expanded from macro 'HEDLEY_EMSCRIPTEN_VERSION_CHECK'
  195 | #  define HEDLEY_EMSCRIPTEN_VERSION_CHECK(major,minor,patch) (HEDLEY_EMSCRIPTEN_VERSION >= HEDLEY_VERSION_ENCODE(major, minor, patch))
      |                                                               ^
/Users/miu/Code/peach-cat/.cache/vcv-library-sources/SurgeXTRack/640153d4e70896a707bc3a7cbff1d375c44581b6/surge/libs/simde/simde/x86/../hedley.h:188:59: note: expanded from macro 'HEDLEY_EMSCRIPTEN_VERSION'
  188 | #  define HEDLEY_EMSCRIPTEN_VERSION HEDLEY_VERSION_ENCODE(__EMSCRIPTEN_major__, __EMSCRIPTEN_minor__, __EMSCRIPTEN_tiny__)
      |                                                           ^
/opt/homebrew/Cellar/emscripten/6.0.3/libexec/cache/sysroot/include/emscripten/version.h:10:82: note: macro marked 'deprecated' here
   10 | #pragma clang deprecated(__EMSCRIPTEN_major__, "Use __EMSCRIPTEN_MAJOR__ instead")
      |                                                                                  ^
In file included from /Users/miu/Code/peach-cat/.cache/vcv-library-sources/SurgeXTRack/640153d4e70896a707bc3a7cbff1d375c44581b6/surge/src/common/UserDefaults.cpp:23:
In file included from /Users/miu/Code/peach-cat/.cache/vcv-library-sources/SurgeXTRack/640153d4e70896a707bc3a7cbff1d375c44581b6/surge/src/common/SurgeStorage.h:25:
In file included from /Users/miu/Code/peach-cat/.cache/vcv-library-sources/SurgeXTRack/640153d4e70896a707bc3a7cbff1d375c44581b6/surge/src/common/globals.h:62:
In file included from /Users/miu/Code/peach-cat/.cache/vcv-library-sources/SurgeXTRack/640153d4e70896a707bc3a7cbff1d375c44581b6/surge/libs/simde/simde/x86/sse2.h:35:
In file included from /Users/miu/Code/peach-cat/.cache/vcv-library-sources/SurgeXTRack/640153d4e70896a707bc3a7cbff1d375c44581b6/surge/libs/simde/simde/x86/sse.h:33:
In file included from /Users/miu/Code/peach-cat/.cache/vcv-library-sources/SurgeXTRack/640153d4e70896a707bc3a7cbff1d375c44581b6/surge/libs/simde/simde/x86/mmx.h:30:
In file included from /Users/miu/Code/peach-cat/.cache/vcv-library-sources/SurgeXTRack/640153d4e70896a707bc3a7cbff1d375c44581b6/surge/libs/simde/simde/x86/../simde-common.h:47:
/Users/miu/Code/peach-cat/.cache/vcv-library-sources/SurgeXTRack/640153d4e70896a707bc3a7cbff1d375c44581b6/surge/libs/simde/simde/x86/../simde-math.h:1269:47: warning: macro '__EMSCRIPTEN_minor__' has been marked as deprecated: Use __EMSCRIPTEN_MINOR__ instead [-Wdeprecated-pragma]
 1269 |      ((!defined(HEDLEY_EMSCRIPTEN_VERSION) || HEDLEY_EMSCRIPTEN_VERSION_CHECK(3, 1, 43)) && HEDLEY_HAS_BUILTIN(__builtin_roundeven)) || \
      |                                               ^
/Users/miu/Code/peach-cat/.cache/vcv-library-sources/SurgeXTRack/640153d4e70896a707bc3a7cbff1d375c44581b6/surge/libs/simde/simde/x86/../hedley.h:195:63: note: expanded from macro 'HEDLEY_EMSCRIPTEN_VERSION_CHECK'
  195 | #  define HEDLEY_EMSCRIPTEN_VERSION_CHECK(major,minor,patch) (HEDLEY_EMSCRIPTEN_VERSION >= HEDLEY_VERSION_ENCODE(major, minor, patch))
      |                                                               ^
/Users/miu/Code/peach-cat/.cache/vcv-library-sources/SurgeXTRack/640153d4e70896a707bc3a7cbff1d375c44581b6/surge/libs/simde/simde/x86/../hedley.h:188:81: note: expanded from macro 'HEDLEY_EMSCRIPTEN_VERSION'
  188 | #  define HEDLEY_EMSCRIPTEN_VERSION HEDLEY_VERSION_ENCODE(__EMSCRIPTEN_major__, __EMSCRIPTEN_minor__, __EMSCRIPTEN_tiny__)
      |                                                                                 ^
/opt/homebrew/Cellar/emscripten/6.0.3/libexec/cache/sysroot/include/emscripten/version.h:11:82: note: macro marked 'deprecated' here
   11 | #pragma clang deprecated(__EMSCRIPTEN_minor__, "Use __EMSCRIPTEN_MINOR__ instead")
      |                                                                                  ^
In file included from /Users/miu/Code/peach-cat/.cache/vcv-library-sources/SurgeXTRack/640153d4e70896a707bc3a7cbff1d375c44581b6/surge/src/common/UserDefaults.cpp:23:
In file included from /Users/miu/Code/peach-cat/.cache/vcv-library-sources/SurgeXTRack/640153d4e70896a707bc3a7cbff1d375c44581b6/surge/src/common/SurgeStorage.h:25:
In file included from /Users/miu/Code/peach-cat/.cache/vcv-library-sources/SurgeXTRack/640153d4e70896a707bc3a7cbff1d375c44581b6/surge/src/common/globals.h:62:
In file included from /Users/miu/Code/peach-cat/.cache/vcv-library-sources/SurgeXTRack/640153d4e70896a707bc3a7cbff1d375c44581b6/surge/libs/simde/simde/x86/sse2.h:35:
In file included from /Users/miu/Code/peach-cat/.cache/vcv-library-sources/SurgeXTRack/640153d4e70896a707bc3a7cbff1d375c44581b6/surge/libs/simde/simde/x86/sse.h:33:
In file included from /Users/miu/Code/peach-cat/.cache/vcv-library-sources/SurgeXTRack/640153d4e70896a707bc3a7cbff1d375c44581b6/surge/libs/simde/simde/x86/mmx.h:30:
In file included from /Users/miu/Code/peach-cat/.cache/vcv-library-sources/SurgeXTRack/640153d4e70896a707bc3a7cbff1d375c44581b6/surge/libs/simde/simde/x86/../simde-common.h:47:
/Users/miu/Code/peach-cat/.cache/vcv-library-sources/SurgeXTRack/640153d4e70896a707bc3a7cbff1d375c44581b6/surge/libs/simde/simde/x86/../simde-math.h:1269:47: warning: macro '__EMSCRIPTEN_tiny__' has been marked as deprecated: Use __EMSCRIPTEN_TINY__ instead [-Wdeprecated-pragma]
 1269 |      ((!defined(HEDLEY_EMSCRIPTEN_VERSION) || HEDLEY_EMSCRIPTEN_VERSION_CHECK(3, 1, 43)) && HEDLEY_HAS_BUILTIN(__builtin_roundeven)) || \
      |                                               ^
/Users/miu/Code/peach-cat/.cache/vcv-library-sources/SurgeXTRack/640153d4e70896a707bc3a7cbff1d375c44581b6/surge/libs/simde/simde/x86/../hedley.h:195:63: note: expanded from macro 'HEDLEY_EMSCRIPTEN_VERSION_CHECK'
  195 | #  define HEDLEY_EMSCRIPTEN_VERSION_CHECK(major,minor,patch) (HEDLEY_EMSCRIPTEN_VERSION >= HEDLEY_VERSION_ENCODE(major, minor, patch))
      |                                                               ^
/Users/miu/Code/peach-cat/.cache/vcv-library-sources/SurgeXTRack/640153d4e70896a707bc3a7cbff1d375c44581b6/surge/libs/simde/simde/x86/../hedley.h:188:103: note: expanded from macro 'HEDLEY_EMSCRIPTEN_VERSION'
  188 | #  define HEDLEY_EMSCRIPTEN_VERSION HEDLEY_VERSION_ENCODE(__EMSCRIPTEN_major__, __EMSCRIPTEN_minor__, __EMSCRIPTEN_tiny__)
      |                                                                                                       ^
/opt/homebrew/Cellar/emscripten/6.0.3/libexec/cache/sysroot/include/emscripten/version.h:12:80: note: macro marked 'deprecated' here
   12 | #pragma clang deprecated(__EMSCRIPTEN_tiny__, "Use __EMSCRIPTEN_TINY__ instead")
      |                                                                                ^
In file included from /Users/miu/Code/peach-cat/.cache/vcv-library-sources/SurgeXTRack/640153d4e70896a707bc3a7cbff1d375c44581b6/surge/src/common/UserDefaults.cpp:23:
In file included from /Users/miu/Code/peach-cat/.cache/vcv-library-sources/SurgeXTRack/640153d4e70896a707bc3a7cbff1d375c44581b6/surge/src/common/SurgeStorage.h:25:
In file included from /Users/miu/Code/peach-cat/.cache/vcv-library-sources/SurgeXTRack/640153d4e70896a707bc3a7cbff1d375c44581b6/surge/src/common/globals.h:62:
In file included from /Users/miu/Code/peach-cat/.cache/vcv-library-sources/SurgeXTRack/640153d4e70896a707bc3a7cbff1d375c44581b6/surge/libs/simde/simde/x86/sse2.h:35:
In file included from /Users/miu/Code/peach-cat/.cache/vcv-library-sources/SurgeXTRack/640153d4e70896a707bc3a7cbff1d375c44581b6/surge/libs/simde/simde/x86/sse.h:33:
In file included from /Users/miu/Code/peach-cat/.cache/vcv-library-sources/SurgeXTRack/640153d4e70896a707bc3a7cbff1d375c44581b6/surge/libs/simde/simde/x86/mmx.h:30:
In file included from /Users/miu/Code/peach-cat/.cache/vcv-library-sources/SurgeXTRack/640153d4e70896a707bc3a7cbff1d375c44581b6/surge/libs/simde/simde/x86/../simde-common.h:47:
/Users/miu/Code/peach-cat/.cache/vcv-library-sources/SurgeXTRack/640153d4e70896a707bc3a7cbff1d375c44581b6/surge/libs/simde/simde/x86/../simde-math.h:1289:47: warning: macro '__EMSCRIPTEN_major__' has been marked as deprecated: Use __EMSCRIPTEN_MAJOR__ instead [-Wdeprecated-pragma]
 1289 |      ((!defined(HEDLEY_EMSCRIPTEN_VERSION) || HEDLEY_EMSCRIPTEN_VERSION_CHECK(3, 1, 43)) && HEDLEY_HAS_BUILTIN(__builtin_roundevenf)) || \
      |                                               ^
/Users/miu/Code/peach-cat/.cache/vcv-library-sources/SurgeXTRack/640153d4e70896a707bc3a7cbff1d375c44581b6/surge/libs/simde/simde/x86/../hedley.h:195:63: note: expanded from macro 'HEDLEY_EMSCRIPTEN_VERSION_CHECK'
  195 | #  define HEDLEY_EMSCRIPTEN_VERSION_CHECK(major,minor,patch) (HEDLEY_EMSCRIPTEN_VERSION >= HEDLEY_VERSION_ENCODE(major, minor, patch))
      |                                                               ^
/Users/miu/Code/peach-cat/.cache/vcv-library-sources/SurgeXTRack/640153d4e70896a707bc3a7cbff1d375c44581b6/surge/libs/simde/simde/x86/../hedley.h:188:59: note: expanded from macro 'HEDLEY_EMSCRIPTEN_VERSION'
  188 | #  define HEDLEY_EMSCRIPTEN_VERSION HEDLEY_VERSION_ENCODE(__EMSCRIPTEN_major__, __EMSCRIPTEN_minor__, __EMSCRIPTEN_tiny__)
      |                                                           ^
/opt/homebrew/Cellar/emscripten/6.0.3/libexec/cache/sysroot/include/emscripten/version.h:10:82: note: macro marked 'deprecated' here
   10 | #pragma clang deprecated(__EMSCRIPTEN_major__, "Use __EMSCRIPTEN_MAJOR__ instead")
      |                                                                                  ^
In file included from /Users/miu/Code/peach-cat/.cache/vcv-library-sources/SurgeXTRack/640153d4e70896a707bc3a7cbff1d375c44581b6/surge/src/common/UserDefaults.cpp:23:
In file included from /Users/miu/Code/peach-cat/.cache/vcv-library-sources/SurgeXTRack/640153d4e70896a707bc3a7cbff1d375c44581b6/surge/src/common/SurgeStorage.h:25:
In file included from /Users/miu/Code/peach-cat/.cache/vcv-library-sources/SurgeXTRack/640153d4e70896a707bc3a7cbff1d375c44581b6/surge/src/common/globals.h:62:
In file included from /Users/miu/Code/peach-cat/.cache/vcv-library-sources/SurgeXTRack/640153d4e70896a707bc3a7cbff1d375c44581b6/surge/libs/simde/simde/x86/sse2.h:35:
In file included from /Users/miu/Code/peach-cat/.cache/vcv-library-sources/SurgeXTRack/640153d4e70896a707bc3a7cbff1d375c44581b6/surge/libs/simde/simde/x86/sse.h:33:
In file included from /Users/miu/Code/peach-cat/.cache/vcv-library-sources/SurgeXTRack/640153d4e70896a707bc3a7cbff1d375c44581b6/surge/libs/simde/simde/x86/mmx.h:30:
In file included from /Users/miu/Code/peach-cat/.cache/vcv-library-sources/SurgeXTRack/640153d4e70896a707bc3a7cbff1d375c44581b6/surge/libs/simde/simde/x86/../simde-common.h:47:
/Users/miu/Code/peach-cat/.cache/vcv-library-sources/SurgeXTRack/640153d4e70896a707bc3a7cbff1d375c44581b6/surge/libs/simde/simde/x86/../simde-math.h:1289:47: warning: macro '__EMSCRIPTEN_minor__' has been marked as deprecated: Use __EMSCRIPTEN_MINOR__ instead [-Wdeprecated-pragma]
 1289 |      ((!defined(HEDLEY_EMSCRIPTEN_VERSION) || HEDLEY_EMSCRIPTEN_VERSION_CHECK(3, 1, 43)) && HEDLEY_HAS_BUILTIN(__builtin_roundevenf)) || \
      |                                               ^
/Users/miu/Code/peach-cat/.cache/vcv-library-sources/SurgeXTRack/640153d4e70896a707bc3a7cbff1d375c44581b6/surge/libs/simde/simde/x86/../hedley.h:195:63: note: expanded from macro 'HEDLEY_EMSCRIPTEN_VERSION_CHECK'
  195 | #  define HEDLEY_EMSCRIPTEN_VERSION_CHECK(major,minor,patch) (HEDLEY_EMSCRIPTEN_VERSION >= HEDLEY_VERSION_ENCODE(major, minor, patch))
      |                                                               ^
/Users/miu/Code/peach-cat/.cache/vcv-library-sources/SurgeXTRack/640153d4e70896a707bc3a7cbff1d375c44581b6/surge/libs/simde/simde/x86/../hedley.h:188:81: note: expanded from macro 'HEDLEY_EMSCRIPTEN_VERSION'
  188 | #  define HEDLEY_EMSCRIPTEN_VERSION HEDLEY_VERSION_ENCODE(__EMSCRIPTEN_major__, __EMSCRIPTEN_minor__, __EMSCRIPTEN_tiny__)
      |                                                                                 ^
/opt/homebrew/Cellar/emscripten/6.0.3/libexec/cache/sysroot/include/emscripten/version.h:11:82: note: macro marked 'deprecated' here
   11 | #pragma clang deprecated(__EMSCRIPTEN_minor__, "Use __EMSCRIPTEN_MINOR__ instead")
      |                                                                                  ^
In file included from /Users/miu/Code/peach-cat/.cache/vcv-library-sources/SurgeXTRack/640153d4e70896a707bc3a7cbff1d375c44581b6/surge/src/common/UserDefaults.cpp:23:
In file included from /Users/miu/Code/peach-cat/.cache/vcv-library-sources/SurgeXTRack/640153d4e70896a707bc3a7cbff1d375c44581b6/surge/src/common/SurgeStorage.h:25:
In file included from /Users/miu/Code/peach-cat/.cache/vcv-library-sources/SurgeXTRack/640153d4e70896a707bc3a7cbff1d375c44581b6/surge/src/common/globals.h:62:
In file included from /Users/miu/Code/peach-cat/.cache/vcv-library-sources/SurgeXTRack/640153d4e70896a707bc3a7cbff1d375c44581b6/surge/libs/simde/simde/x86/sse2.h:35:
In file included from /Users/miu/Code/peach-cat/.cache/vcv-library-sources/SurgeXTRack/640153d4e70896a707bc3a7cbff1d375c44581b6/surge/libs/simde/simde/x86/sse.h:33:
In file included from /Users/miu/Code/peach-cat/.cache/vcv-library-sources/SurgeXTRack/640153d4e70896a707bc3a7cbff1d375c44581b6/surge/libs/simde/simde/x86/mmx.h:30:
In file included from /Users/miu/Code/peach-cat/.cache/vcv-library-sources/SurgeXTRack/640153d4e70896a707bc3a7cbff1d375c44581b6/surge/libs/simde/simde/x86/../simde-common.h:47:
/Users/miu/Code/peach-cat/.cache/vcv-library-sources/SurgeXTRack/640153d4e70896a707bc3a7cbff1d375c44581b6/surge/libs/simde/simde/x86/../simde-math.h:1289:47: warning: macro '__EMSCRIPTEN_tiny__' has been marked as deprecated: Use __EMSCRIPTEN_TINY__ instead [-Wdeprecated-pragma]
 1289 |      ((!defined(HEDLEY_EMSCRIPTEN_VERSION) || HEDLEY_EMSCRIPTEN_VERSION_CHECK(3, 1, 43)) && HEDLEY_HAS_BUILTIN(__builtin_roundevenf)) || \
      |                                               ^
/Users/miu/Code/peach-cat/.cache/vcv-library-sources/SurgeXTRack/640153d4e70896a707bc3a7cbff1d375c44581b6/surge/libs/simde/simde/x86/../hedley.h:195:63: note: expanded from macro 'HEDLEY_EMSCRIPTEN_VERSION_CHECK'
  195 | #  define HEDLEY_EMSCRIPTEN_VERSION_CHECK(major,minor,patch) (HEDLEY_EMSCRIPTEN_VERSION >= HEDLEY_VERSION_ENCODE(major, minor, patch))
      |                                                               ^
/Users/miu/Code/peach-cat/.cache/vcv-library-sources/SurgeXTRack/640153d4e70896a707bc3a7cbff1d375c44581b6/surge/libs/simde/simde/x86/../hedley.h:188:103: note: expanded from macro 'HEDLEY_EMSCRIPTEN_VERSION'
  188 | #  define HEDLEY_EMSCRIPTEN_VERSION HEDLEY_VERSION_ENCODE(__EMSCRIPTEN_major__, __EMSCRIPTEN_minor__, __EMSCRIPTEN_tiny__)
      |                                                                                                       ^
/opt/homebrew/Cellar/emscripten/6.0.3/libexec/cache/sysroot/include/emscripten/version.h:12:80: note: macro marked 'deprecated' here
   12 | #pragma clang deprecated(__EMSCRIPTEN_tiny__, "Use __EMSCRIPTEN_TINY__ instead")
      |                                                                                ^
6 warnings generated.
In file included from /Users/miu/Code/peach-cat/.cache/vcv-library-sources/SurgeXTRack/640153d4e70896a707bc3a7cbff1d375c44581b6/surge/src/common/dsp/oscillators/SineOscillator.cpp:23:
In file included from /Users/miu/Code/peach-cat/.cache/vcv-library-sources/SurgeXTRack/640153d4e70896a707bc3a7cbff1d375c44581b6/surge/src/common/dsp/oscillators/SineOscillator.h:26:
In file included from /Users/miu/Code/peach-cat/.cache/vcv-library-sources/SurgeXTRack/640153d4e70896a707bc3a7cbff1d375c44581b6/surge/src/common/dsp/oscillators/OscillatorBase.h:26:
In file included from /Users/miu/Code/peach-cat/.cache/vcv-library-sources/SurgeXTRack/640153d4e70896a707bc3a7cbff1d375c44581b6/surge/src/common/SurgeStorage.h:25:
In file included from /Users/miu/Code/peach-cat/.cache/vcv-library-sources/SurgeXTRack/640153d4e70896a707bc3a7cbff1d375c44581b6/surge/src/common/globals.h:62:
In file included from /Users/miu/Code/peach-cat/.cache/vcv-library-sources/SurgeXTRack/640153d4e70896a707bc3a7cbff1d375c44581b6/surge/libs/simde/simde/x86/sse2.h:35:
In file included from /Users/miu/Code/peach-cat/.cache/vcv-library-sources/SurgeXTRack/640153d4e70896a707bc3a7cbff1d375c44581b6/surge/libs/simde/simde/x86/sse.h:33:
In file included from /Users/miu/Code/peach-cat/.cache/vcv-library-sources/SurgeXTRack/640153d4e70896a707bc3a7cbff1d375c44581b6/surge/libs/simde/simde/x86/mmx.h:30:
In file included from /Users/miu/Code/peach-cat/.cache/vcv-library-sources/SurgeXTRack/640153d4e70896a707bc3a7cbff1d375c44581b6/surge/libs/simde/simde/x86/../simde-common.h:47:
/Users/miu/Code/peach-cat/.cache/vcv-library-sources/SurgeXTRack/640153d4e70896a707bc3a7cbff1d375c44581b6/surge/libs/simde/simde/x86/../simde-math.h:1269:47: warning: macro '__EMSCRIPTEN_major__' has been marked as deprecated: Use __EMSCRIPTEN_MAJOR__ instead [-Wdeprecated-pragma]
 1269 |      ((!defined(HEDLEY_EMSCRIPTEN_VERSION) || HEDLEY_EMSCRIPTEN_VERSION_CHECK(3, 1, 43)) && HEDLEY_HAS_BUILTIN(__builtin_roundeven)) || \
      |                                               ^
/Users/miu/Code/peach-cat/.cache/vcv-library-sources/SurgeXTRack/640153d4e70896a707bc3a7cbff1d375c44581b6/surge/libs/simde/simde/x86/../hedley.h:195:63: note: expanded from macro 'HEDLEY_EMSCRIPTEN_VERSION_CHECK'
  195 | #  define HEDLEY_EMSCRIPTEN_VERSION_CHECK(major,minor,patch) (HEDLEY_EMSCRIPTEN_VERSION >= HEDLEY_VERSION_ENCODE(major, minor, patch))
      |                                                               ^
/Users/miu/Code/peach-cat/.cache/vcv-library-sources/SurgeXTRack/640153d4e70896a707bc3a7cbff1d375c44581b6/surge/libs/simde/simde/x86/../hedley.h:188:59: note: expanded from macro 'HEDLEY_EMSCRIPTEN_VERSION'
  188 | #  define HEDLEY_EMSCRIPTEN_VERSION HEDLEY_VERSION_ENCODE(__EMSCRIPTEN_major__, __EMSCRIPTEN_minor__, __EMSCRIPTEN_tiny__)
      |                                                           ^
/opt/homebrew/Cellar/emscripten/6.0.3/libexec/cache/sysroot/include/emscripten/version.h:10:82: note: macro marked 'deprecated' here
   10 | #pragma clang deprecated(__EMSCRIPTEN_major__, "Use __EMSCRIPTEN_MAJOR__ instead")
      |                                                                                  ^
In file included from /Users/miu/Code/peach-cat/.cache/vcv-library-sources/SurgeXTRack/640153d4e70896a707bc3a7cbff1d375c44581b6/surge/src/common/dsp/oscillators/SineOscillator.cpp:23:
In file included from /Users/miu/Code/peach-cat/.cache/vcv-library-sources/SurgeXTRack/640153d4e70896a707bc3a7cbff1d375c44581b6/surge/src/common/dsp/oscillators/SineOscillator.h:26:
In file included from /Users/miu/Code/peach-cat/.cache/vcv-library-sources/SurgeXTRack/640153d4e70896a707bc3a7cbff1d375c44581b6/surge/src/common/dsp/oscillators/OscillatorBase.h:26:
In file included from /Users/miu/Code/peach-cat/.cache/vcv-library-sources/SurgeXTRack/640153d4e70896a707bc3a7cbff1d375c44581b6/surge/src/common/SurgeStorage.h:25:
In file included from /Users/miu/Code/peach-cat/.cache/vcv-library-sources/SurgeXTRack/640153d4e70896a707bc3a7cbff1d375c44581b6/surge/src/common/globals.h:62:
In file included from /Users/miu/Code/peach-cat/.cache/vcv-library-sources/SurgeXTRack/640153d4e70896a707bc3a7cbff1d375c44581b6/surge/libs/simde/simde/x86/sse2.h:35:
In file included from /Users/miu/Code/peach-cat/.cache/vcv-library-sources/SurgeXTRack/640153d4e70896a707bc3a7cbff1d375c44581b6/surge/libs/simde/simde/x86/sse.h:33:
In file included from /Users/miu/Code/peach-cat/.cache/vcv-library-sources/SurgeXTRack/640153d4e70896a707bc3a7cbff1d375c44581b6/surge/libs/simde/simde/x86/mmx.h:30:
In file included from /Users/miu/Code/peach-cat/.cache/vcv-library-sources/SurgeXTRack/640153d4e70896a707bc3a7cbff1d375c44581b6/surge/libs/simde/simde/x86/../simde-common.h:47:
/Users/miu/Code/peach-cat/.cache/vcv-library-sources/SurgeXTRack/640153d4e70896a707bc3a7cbff1d375c44581b6/surge/libs/simde/simde/x86/../simde-math.h:1269:47: warning: macro '__EMSCRIPTEN_minor__' has been marked as deprecated: Use __EMSCRIPTEN_MINOR__ instead [-Wdeprecated-pragma]
 1269 |      ((!defined(HEDLEY_EMSCRIPTEN_VERSION) || HEDLEY_EMSCRIPTEN_VERSION_CHECK(3, 1, 43)) && HEDLEY_HAS_BUILTIN(__builtin_roundeven)) || \
      |                                               ^
/Users/miu/Code/peach-cat/.cache/vcv-library-sources/SurgeXTRack/640153d4e70896a707bc3a7cbff1d375c44581b6/surge/libs/simde/simde/x86/../hedley.h:195:63: note: expanded from macro 'HEDLEY_EMSCRIPTEN_VERSION_CHECK'
  195 | #  define HEDLEY_EMSCRIPTEN_VERSION_CHECK(major,minor,patch) (HEDLEY_EMSCRIPTEN_VERSION >= HEDLEY_VERSION_ENCODE(major, minor, patch))
      |                                                               ^
/Users/miu/Code/peach-cat/.cache/vcv-library-sources/SurgeXTRack/640153d4e70896a707bc3a7cbff1d375c44581b6/surge/libs/simde/simde/x86/../hedley.h:188:81: note: expanded from macro 'HEDLEY_EMSCRIPTEN_VERSION'
  188 | #  define HEDLEY_EMSCRIPTEN_VERSION HEDLEY_VERSION_ENCODE(__EMSCRIPTEN_major__, __EMSCRIPTEN_minor__, __EMSCRIPTEN_tiny__)
      |                                                                                 ^
/opt/homebrew/Cellar/emscripten/6.0.3/libexec/cache/sysroot/include/emscripten/version.h:11:82: note: macro marked 'deprecated' here
   11 | #pragma clang deprecated(__EMSCRIPTEN_minor__, "Use __EMSCRIPTEN_MINOR__ instead")
      |                                                                                  ^
In file included from /Users/miu/Code/peach-cat/.cache/vcv-library-sources/SurgeXTRack/640153d4e70896a707bc3a7cbff1d375c44581b6/surge/src/common/dsp/oscillators/SineOscillator.cpp:23:
In file included from /Users/miu/Code/peach-cat/.cache/vcv-library-sources/SurgeXTRack/640153d4e70896a707bc3a7cbff1d375c44581b6/surge/src/common/dsp/oscillators/SineOscillator.h:26:
In file included from /Users/miu/Code/peach-cat/.cache/vcv-library-sources/SurgeXTRack/640153d4e70896a707bc3a7cbff1d375c44581b6/surge/src/common/dsp/oscillators/OscillatorBase.h:26:
In file included from /Users/miu/Code/peach-cat/.cache/vcv-library-sources/SurgeXTRack/640153d4e70896a707bc3a7cbff1d375c44581b6/surge/src/common/SurgeStorage.h:25:
In file included from /Users/miu/Code/peach-cat/.cache/vcv-library-sources/SurgeXTRack/640153d4e70896a707bc3a7cbff1d375c44581b6/surge/src/common/globals.h:62:
In file included from /Users/miu/Code/peach-cat/.cache/vcv-library-sources/SurgeXTRack/640153d4e70896a707bc3a7cbff1d375c44581b6/surge/libs/simde/simde/x86/sse2.h:35:
In file included from /Users/miu/Code/peach-cat/.cache/vcv-library-sources/SurgeXTRack/640153d4e70896a707bc3a7cbff1d375c44581b6/surge/libs/simde/simde/x86/sse.h:33:
In file included from /Users/miu/Code/peach-cat/.cache/vcv-library-sources/SurgeXTRack/640153d4e70896a707bc3a7cbff1d375c44581b6/surge/libs/simde/simde/x86/mmx.h:30:
In file included from /Users/miu/Code/peach-cat/.cache/vcv-library-sources/SurgeXTRack/640153d4e70896a707bc3a7cbff1d375c44581b6/surge/libs/simde/simde/x86/../simde-common.h:47:
/Users/miu/Code/peach-cat/.cache/vcv-library-sources/SurgeXTRack/640153d4e70896a707bc3a7cbff1d375c44581b6/surge/libs/simde/simde/x86/../simde-math.h:1269:47: warning: macro '__EMSCRIPTEN_tiny__' has been marked as deprecated: Use __EMSCRIPTEN_TINY__ instead [-Wdeprecated-pragma]
 1269 |      ((!defined(HEDLEY_EMSCRIPTEN_VERSION) || HEDLEY_EMSCRIPTEN_VERSION_CHECK(3, 1, 43)) && HEDLEY_HAS_BUILTIN(__builtin_roundeven)) || \
      |                                               ^
/Users/miu/Code/peach-cat/.cache/vcv-library-sources/SurgeXTRack/640153d4e70896a707bc3a7cbff1d375c44581b6/surge/libs/simde/simde/x86/../hedley.h:195:63: note: expanded from macro 'HEDLEY_EMSCRIPTEN_VERSION_CHECK'
  195 | #  define HEDLEY_EMSCRIPTEN_VERSION_CHECK(major,minor,patch) (HEDLEY_EMSCRIPTEN_VERSION >= HEDLEY_VERSION_ENCODE(major, minor, patch))
      |                                                               ^
/Users/miu/Code/peach-cat/.cache/vcv-library-sources/SurgeXTRack/640153d4e70896a707bc3a7cbff1d375c44581b6/surge/libs/simde/simde/x86/../hedley.h:188:103: note: expanded from macro 'HEDLEY_EMSCRIPTEN_VERSION'
  188 | #  define HEDLEY_EMSCRIPTEN_VERSION HEDLEY_VERSION_ENCODE(__EMSCRIPTEN_major__, __EMSCRIPTEN_minor__, __EMSCRIPTEN_tiny__)
      |                                                                                                       ^
/opt/homebrew/Cellar/emscripten/6.0.3/libexec/cache/sysroot/include/emscripten/version.h:12:80: note: macro marked 'deprecated' here
   12 | #pragma clang deprecated(__EMSCRIPTEN_tiny__, "Use __EMSCRIPTEN_TINY__ instead")
      |                                                                                ^
In file included from /Users/miu/Code/peach-cat/.cache/vcv-library-sources/SurgeXTRack/640153d4e70896a707bc3a7cbff1d375c44581b6/surge/src/common/dsp/oscillators/SineOscillator.cpp:23:
In file included from /Users/miu/Code/peach-cat/.cache/vcv-library-sources/SurgeXTRack/640153d4e70896a707bc3a7cbff1d375c44581b6/surge/src/common/dsp/oscillators/SineOscillator.h:26:
In file included from /Users/miu/Code/peach-cat/.cache/vcv-library-sources/SurgeXTRack/640153d4e70896a707bc3a7cbff1d375c44581b6/surge/src/common/dsp/oscillators/OscillatorBase.h:26:
In file included from /Users/miu/Code/peach-cat/.cache/vcv-library-sources/SurgeXTRack/640153d4e70896a707bc3a7cbff1d375c44581b6/surge/src/common/SurgeStorage.h:25:
In file included from /Users/miu/Code/peach-cat/.cache/vcv-library-sources/SurgeXTRack/640153d4e70896a707bc3a7cbff1d375c44581b6/surge/src/common/globals.h:62:
In file included from /Users/miu/Code/peach-cat/.cache/vcv-library-sources/SurgeXTRack/640153d4e70896a707bc3a7cbff1d375c44581b6/surge/libs/simde/simde/x86/sse2.h:35:
In file included from /Users/miu/Code/peach-cat/.cache/vcv-library-sources/SurgeXTRack/640153d4e70896a707bc3a7cbff1d375c44581b6/surge/libs/simde/simde/x86/sse.h:33:
In file included from /Users/miu/Code/peach-cat/.cache/vcv-library-sources/SurgeXTRack/640153d4e70896a707bc3a7cbff1d375c44581b6/surge/libs/simde/simde/x86/mmx.h:30:
In file included from /Users/miu/Code/peach-cat/.cache/vcv-library-sources/SurgeXTRack/640153d4e70896a707bc3a7cbff1d375c44581b6/surge/libs/simde/simde/x86/../simde-common.h:47:
/Users/miu/Code/peach-cat/.cache/vcv-library-sources/SurgeXTRack/640153d4e70896a707bc3a7cbff1d375c44581b6/surge/libs/simde/simde/x86/../simde-math.h:1289:47: warning: macro '__EMSCRIPTEN_major__' has been marked as deprecated: Use __EMSCRIPTEN_MAJOR__ instead [-Wdeprecated-pragma]
 1289 |      ((!defined(HEDLEY_EMSCRIPTEN_VERSION) || HEDLEY_EMSCRIPTEN_VERSION_CHECK(3, 1, 43)) && HEDLEY_HAS_BUILTIN(__builtin_roundevenf)) || \
      |                                               ^
/Users/miu/Code/peach-cat/.cache/vcv-library-sources/SurgeXTRack/640153d4e70896a707bc3a7cbff1d375c44581b6/surge/libs/simde/simde/x86/../hedley.h:195:63: note: expanded from macro 'HEDLEY_EMSCRIPTEN_VERSION_CHECK'
  195 | #  define HEDLEY_EMSCRIPTEN_VERSION_CHECK(major,minor,patch) (HEDLEY_EMSCRIPTEN_VERSION >= HEDLEY_VERSION_ENCODE(major, minor, patch))
      |                                                               ^
/Users/miu/Code/peach-cat/.cache/vcv-library-sources/SurgeXTRack/640153d4e70896a707bc3a7cbff1d375c44581b6/surge/libs/simde/simde/x86/../hedley.h:188:59: note: expanded from macro 'HEDLEY_EMSCRIPTEN_VERSION'
  188 | #  define HEDLEY_EMSCRIPTEN_VERSION HEDLEY_VERSION_ENCODE(__EMSCRIPTEN_major__, __EMSCRIPTEN_minor__, __EMSCRIPTEN_tiny__)
      |                                                           ^
/opt/homebrew/Cellar/emscripten/6.0.3/libexec/cache/sysroot/include/emscripten/version.h:10:82: note: macro marked 'deprecated' here
   10 | #pragma clang deprecated(__EMSCRIPTEN_major__, "Use __EMSCRIPTEN_MAJOR__ instead")
      |                                                                                  ^
In file included from /Users/miu/Code/peach-cat/.cache/vcv-library-sources/SurgeXTRack/640153d4e70896a707bc3a7cbff1d375c44581b6/surge/src/common/dsp/oscillators/SineOscillator.cpp:23:
In file included from /Users/miu/Code/peach-cat/.cache/vcv-library-sources/SurgeXTRack/640153d4e70896a707bc3a7cbff1d375c44581b6/surge/src/common/dsp/oscillators/SineOscillator.h:26:
In file included from /Users/miu/Code/peach-cat/.cache/vcv-library-sources/SurgeXTRack/640153d4e70896a707bc3a7cbff1d375c44581b6/surge/src/common/dsp/oscillators/OscillatorBase.h:26:
In file included from /Users/miu/Code/peach-cat/.cache/vcv-library-sources/SurgeXTRack/640153d4e70896a707bc3a7cbff1d375c44581b6/surge/src/common/SurgeStorage.h:25:
In file included from /Users/miu/Code/peach-cat/.cache/vcv-library-sources/SurgeXTRack/640153d4e70896a707bc3a7cbff1d375c44581b6/surge/src/common/globals.h:62:
In file included from /Users/miu/Code/peach-cat/.cache/vcv-library-sources/SurgeXTRack/640153d4e70896a707bc3a7cbff1d375c44581b6/surge/libs/simde/simde/x86/sse2.h:35:
In file included from /Users/miu/Code/peach-cat/.cache/vcv-library-sources/SurgeXTRack/640153d4e70896a707bc3a7cbff1d375c44581b6/surge/libs/simde/simde/x86/sse.h:33:
In file included from /Users/miu/Code/peach-cat/.cache/vcv-library-sources/SurgeXTRack/640153d4e70896a707bc3a7cbff1d375c44581b6/surge/libs/simde/simde/x86/mmx.h:30:
In file included from /Users/miu/Code/peach-cat/.cache/vcv-library-sources/SurgeXTRack/640153d4e70896a707bc3a7cbff1d375c44581b6/surge/libs/simde/simde/x86/../simde-common.h:47:
/Users/miu/Code/peach-cat/.cache/vcv-library-sources/SurgeXTRack/640153d4e70896a707bc3a7cbff1d375c44581b6/surge/libs/simde/simde/x86/../simde-math.h:1289:47: warning: macro '__EMSCRIPTEN_minor__' has been marked as deprecated: Use __EMSCRIPTEN_MINOR__ instead [-Wdeprecated-pragma]
 1289 |      ((!defined(HEDLEY_EMSCRIPTEN_VERSION) || HEDLEY_EMSCRIPTEN_VERSION_CHECK(3, 1, 43)) && HEDLEY_HAS_BUILTIN(__builtin_roundevenf)) || \
      |                                               ^
/Users/miu/Code/peach-cat/.cache/vcv-library-sources/SurgeXTRack/640153d4e70896a707bc3a7cbff1d375c44581b6/surge/libs/simde/simde/x86/../hedley.h:195:63: note: expanded from macro 'HEDLEY_EMSCRIPTEN_VERSION_CHECK'
  195 | #  define HEDLEY_EMSCRIPTEN_VERSION_CHECK(major,minor,patch) (HEDLEY_EMSCRIPTEN_VERSION >= HEDLEY_VERSION_ENCODE(major, minor, patch))
      |                                                               ^
/Users/miu/Code/peach-cat/.cache/vcv-library-sources/SurgeXTRack/640153d4e70896a707bc3a7cbff1d375c44581b6/surge/libs/simde/simde/x86/../hedley.h:188:81: note: expanded from macro 'HEDLEY_EMSCRIPTEN_VERSION'
  188 | #  define HEDLEY_EMSCRIPTEN_VERSION HEDLEY_VERSION_ENCODE(__EMSCRIPTEN_major__, __EMSCRIPTEN_minor__, __EMSCRIPTEN_tiny__)
      |                                                                                 ^
/opt/homebrew/Cellar/emscripten/6.0.3/libexec/cache/sysroot/include/emscripten/version.h:11:82: note: macro marked 'deprecated' here
   11 | #pragma clang deprecated(__EMSCRIPTEN_minor__, "Use __EMSCRIPTEN_MINOR__ instead")
      |                                                                                  ^
In file included from /Users/miu/Code/peach-cat/.cache/vcv-library-sources/SurgeXTRack/640153d4e70896a707bc3a7cbff1d375c44581b6/surge/src/common/dsp/oscillators/SineOscillator.cpp:23:
In file included from /Users/miu/Code/peach-cat/.cache/vcv-library-sources/SurgeXTRack/640153d4e70896a707bc3a7cbff1d375c44581b6/surge/src/common/dsp/oscillators/SineOscillator.h:26:
In file included from /Users/miu/Code/peach-cat/.cache/vcv-library-sources/SurgeXTRack/640153d4e70896a707bc3a7cbff1d375c44581b6/surge/src/common/dsp/oscillators/OscillatorBase.h:26:
In file included from /Users/miu/Code/peach-cat/.cache/vcv-library-sources/SurgeXTRack/640153d4e70896a707bc3a7cbff1d375c44581b6/surge/src/common/SurgeStorage.h:25:
In file included from /Users/miu/Code/peach-cat/.cache/vcv-library-sources/SurgeXTRack/640153d4e70896a707bc3a7cbff1d375c44581b6/surge/src/common/globals.h:62:
In file included from /Users/miu/Code/peach-cat/.cache/vcv-library-sources/SurgeXTRack/640153d4e70896a707bc3a7cbff1d375c44581b6/surge/libs/simde/simde/x86/sse2.h:35:
In file included from /Users/miu/Code/peach-cat/.cache/vcv-library-sources/SurgeXTRack/640153d4e70896a707bc3a7cbff1d375c44581b6/surge/libs/simde/simde/x86/sse.h:33:
In file included from /Users/miu/Code/peach-cat/.cache/vcv-library-sources/SurgeXTRack/640153d4e70896a707bc3a7cbff1d375c44581b6/surge/libs/simde/simde/x86/mmx.h:30:
In file included from /Users/miu/Code/peach-cat/.cache/vcv-library-sources/SurgeXTRack/640153d4e70896a707bc3a7cbff1d375c44581b6/surge/libs/simde/simde/x86/../simde-common.h:47:
/Users/miu/Code/peach-cat/.cache/vcv-library-sources/SurgeXTRack/640153d4e70896a707bc3a7cbff1d375c44581b6/surge/libs/simde/simde/x86/../simde-math.h:1289:47: warning: macro '__EMSCRIPTEN_tiny__' has been marked as deprecated: Use __EMSCRIPTEN_TINY__ instead [-Wdeprecated-pragma]
 1289 |      ((!defined(HEDLEY_EMSCRIPTEN_VERSION) || HEDLEY_EMSCRIPTEN_VERSION_CHECK(3, 1, 43)) && HEDLEY_HAS_BUILTIN(__builtin_roundevenf)) || \
      |                                               ^
/Users/miu/Code/peach-cat/.cache/vcv-library-sources/SurgeXTRack/640153d4e70896a707bc3a7cbff1d375c44581b6/surge/libs/simde/simde/x86/../hedley.h:195:63: note: expanded from macro 'HEDLEY_EMSCRIPTEN_VERSION_CHECK'
  195 | #  define HEDLEY_EMSCRIPTEN_VERSION_CHECK(major,minor,patch) (HEDLEY_EMSCRIPTEN_VERSION >= HEDLEY_VERSION_ENCODE(major, minor, patch))
      |                                                               ^
/Users/miu/Code/peach-cat/.cache/vcv-library-sources/SurgeXTRack/640153d4e70896a707bc3a7cbff1d375c44581b6/surge/libs/simde/simde/x86/../hedley.h:188:103: note: expanded from macro 'HEDLEY_EMSCRIPTEN_VERSION'
  188 | #  define HEDLEY_EMSCRIPTEN_VERSION HEDLEY_VERSION_ENCODE(__EMSCRIPTEN_major__, __EMSCRIPTEN_minor__, __EMSCRIPTEN_tiny__)
      |                                                                                                       ^
/opt/homebrew/Cellar/emscripten/6.0.3/libexec/cache/sysroot/include/emscripten/version.h:12:80: note: macro marked 'deprecated' here
   12 | #pragma clang deprecated(__EMSCRIPTEN_tiny__, "Use __EMSCRIPTEN_TINY__ instead")
      |                                                                                ^
6 warnings generated.
In file included from /Users/miu/Code/peach-cat/.cache/vcv-library-sources/SurgeXTRack/640153d4e70896a707bc3a7cbff1d375c44581b6/surge/src/common/SurgePatch.cpp:23:
In file included from /Users/miu/Code/peach-cat/.cache/vcv-library-sources/SurgeXTRack/640153d4e70896a707bc3a7cbff1d375c44581b6/surge/src/common/SurgeStorage.h:25:
In file included from /Users/miu/Code/peach-cat/.cache/vcv-library-sources/SurgeXTRack/640153d4e70896a707bc3a7cbff1d375c44581b6/surge/src/common/globals.h:62:
In file included from /Users/miu/Code/peach-cat/.cache/vcv-library-sources/SurgeXTRack/640153d4e70896a707bc3a7cbff1d375c44581b6/surge/libs/simde/simde/x86/sse2.h:35:
In file included from /Users/miu/Code/peach-cat/.cache/vcv-library-sources/SurgeXTRack/640153d4e70896a707bc3a7cbff1d375c44581b6/surge/libs/simde/simde/x86/sse.h:33:
In file included from /Users/miu/Code/peach-cat/.cache/vcv-library-sources/SurgeXTRack/640153d4e70896a707bc3a7cbff1d375c44581b6/surge/libs/simde/simde/x86/mmx.h:30:
In file included from /Users/miu/Code/peach-cat/.cache/vcv-library-sources/SurgeXTRack/640153d4e70896a707bc3a7cbff1d375c44581b6/surge/libs/simde/simde/x86/../simde-common.h:47:
/Users/miu/Code/peach-cat/.cache/vcv-library-sources/SurgeXTRack/640153d4e70896a707bc3a7cbff1d375c44581b6/surge/libs/simde/simde/x86/../simde-math.h:1269:47: warning: macro '__EMSCRIPTEN_major__' has been marked as deprecated: Use __EMSCRIPTEN_MAJOR__ instead [-Wdeprecated-pragma]
 1269 |      ((!defined(HEDLEY_EMSCRIPTEN_VERSION) || HEDLEY_EMSCRIPTEN_VERSION_CHECK(3, 1, 43)) && HEDLEY_HAS_BUILTIN(__builtin_roundeven)) || \
      |                                               ^
/Users/miu/Code/peach-cat/.cache/vcv-library-sources/SurgeXTRack/640153d4e70896a707bc3a7cbff1d375c44581b6/surge/libs/simde/simde/x86/../hedley.h:195:63: note: expanded from macro 'HEDLEY_EMSCRIPTEN_VERSION_CHECK'
  195 | #  define HEDLEY_EMSCRIPTEN_VERSION_CHECK(major,minor,patch) (HEDLEY_EMSCRIPTEN_VERSION >= HEDLEY_VERSION_ENCODE(major, minor, patch))
      |                                                               ^
/Users/miu/Code/peach-cat/.cache/vcv-library-sources/SurgeXTRack/640153d4e70896a707bc3a7cbff1d375c44581b6/surge/libs/simde/simde/x86/../hedley.h:188:59: note: expanded from macro 'HEDLEY_EMSCRIPTEN_VERSION'
  188 | #  define HEDLEY_EMSCRIPTEN_VERSION HEDLEY_VERSION_ENCODE(__EMSCRIPTEN_major__, __EMSCRIPTEN_minor__, __EMSCRIPTEN_tiny__)
      |                                                           ^
/opt/homebrew/Cellar/emscripten/6.0.3/libexec/cache/sysroot/include/emscripten/version.h:10:82: note: macro marked 'deprecated' here
   10 | #pragma clang deprecated(__EMSCRIPTEN_major__, "Use __EMSCRIPTEN_MAJOR__ instead")
      |                                                                                  ^
In file included from /Users/miu/Code/peach-cat/.cache/vcv-library-sources/SurgeXTRack/640153d4e70896a707bc3a7cbff1d375c44581b6/surge/src/common/SurgePatch.cpp:23:
In file included from /Users/miu/Code/peach-cat/.cache/vcv-library-sources/SurgeXTRack/640153d4e70896a707bc3a7cbff1d375c44581b6/surge/src/common/SurgeStorage.h:25:
In file included from /Users/miu/Code/peach-cat/.cache/vcv-library-sources/SurgeXTRack/640153d4e70896a707bc3a7cbff1d375c44581b6/surge/src/common/globals.h:62:
In file included from /Users/miu/Code/peach-cat/.cache/vcv-library-sources/SurgeXTRack/640153d4e70896a707bc3a7cbff1d375c44581b6/surge/libs/simde/simde/x86/sse2.h:35:
In file included from /Users/miu/Code/peach-cat/.cache/vcv-library-sources/SurgeXTRack/640153d4e70896a707bc3a7cbff1d375c44581b6/surge/libs/simde/simde/x86/sse.h:33:
In file included from /Users/miu/Code/peach-cat/.cache/vcv-library-sources/SurgeXTRack/640153d4e70896a707bc3a7cbff1d375c44581b6/surge/libs/simde/simde/x86/mmx.h:30:
In file included from /Users/miu/Code/peach-cat/.cache/vcv-library-sources/SurgeXTRack/640153d4e70896a707bc3a7cbff1d375c44581b6/surge/libs/simde/simde/x86/../simde-common.h:47:
/Users/miu/Code/peach-cat/.cache/vcv-library-sources/SurgeXTRack/640153d4e70896a707bc3a7cbff1d375c44581b6/surge/libs/simde/simde/x86/../simde-math.h:1269:47: warning: macro '__EMSCRIPTEN_minor__' has been marked as deprecated: Use __EMSCRIPTEN_MINOR__ instead [-Wdeprecated-pragma]
 1269 |      ((!defined(HEDLEY_EMSCRIPTEN_VERSION) || HEDLEY_EMSCRIPTEN_VERSION_CHECK(3, 1, 43)) && HEDLEY_HAS_BUILTIN(__builtin_roundeven)) || \
      |                                               ^
/Users/miu/Code/peach-cat/.cache/vcv-library-sources/SurgeXTRack/640153d4e70896a707bc3a7cbff1d375c44581b6/surge/libs/simde/simde/x86/../hedley.h:195:63: note: expanded from macro 'HEDLEY_EMSCRIPTEN_VERSION_CHECK'
  195 | #  define HEDLEY_EMSCRIPTEN_VERSION_CHECK(major,minor,patch) (HEDLEY_EMSCRIPTEN_VERSION >= HEDLEY_VERSION_ENCODE(major, minor, patch))
      |                                                               ^
/Users/miu/Code/peach-cat/.cache/vcv-library-sources/SurgeXTRack/640153d4e70896a707bc3a7cbff1d375c44581b6/surge/libs/simde/simde/x86/../hedley.h:188:81: note: expanded from macro 'HEDLEY_EMSCRIPTEN_VERSION'
  188 | #  define HEDLEY_EMSCRIPTEN_VERSION HEDLEY_VERSION_ENCODE(__EMSCRIPTEN_major__, __EMSCRIPTEN_minor__, __EMSCRIPTEN_tiny__)
      |                                                                                 ^
/opt/homebrew/Cellar/emscripten/6.0.3/libexec/cache/sysroot/include/emscripten/version.h:11:82: note: macro marked 'deprecated' here
   11 | #pragma clang deprecated(__EMSCRIPTEN_minor__, "Use __EMSCRIPTEN_MINOR__ instead")
      |                                                                                  ^
In file included from /Users/miu/Code/peach-cat/.cache/vcv-library-sources/SurgeXTRack/640153d4e70896a707bc3a7cbff1d375c44581b6/surge/src/common/SurgePatch.cpp:23:
In file included from /Users/miu/Code/peach-cat/.cache/vcv-library-sources/SurgeXTRack/640153d4e70896a707bc3a7cbff1d375c44581b6/surge/src/common/SurgeStorage.h:25:
In file included from /Users/miu/Code/peach-cat/.cache/vcv-library-sources/SurgeXTRack/640153d4e70896a707bc3a7cbff1d375c44581b6/surge/src/common/globals.h:62:
In file included from /Users/miu/Code/peach-cat/.cache/vcv-library-sources/SurgeXTRack/640153d4e70896a707bc3a7cbff1d375c44581b6/surge/libs/simde/simde/x86/sse2.h:35:
In file included from /Users/miu/Code/peach-cat/.cache/vcv-library-sources/SurgeXTRack/640153d4e70896a707bc3a7cbff1d375c44581b6/surge/libs/simde/simde/x86/sse.h:33:
In file included from /Users/miu/Code/peach-cat/.cache/vcv-library-sources/SurgeXTRack/640153d4e70896a707bc3a7cbff1d375c44581b6/surge/libs/simde/simde/x86/mmx.h:30:
In file included from /Users/miu/Code/peach-cat/.cache/vcv-library-sources/SurgeXTRack/640153d4e70896a707bc3a7cbff1d375c44581b6/surge/libs/simde/simde/x86/../simde-common.h:47:
/Users/miu/Code/peach-cat/.cache/vcv-library-sources/SurgeXTRack/640153d4e70896a707bc3a7cbff1d375c44581b6/surge/libs/simde/simde/x86/../simde-math.h:1269:47: warning: macro '__EMSCRIPTEN_tiny__' has been marked as deprecated: Use __EMSCRIPTEN_TINY__ instead [-Wdeprecated-pragma]
 1269 |      ((!defined(HEDLEY_EMSCRIPTEN_VERSION) || HEDLEY_EMSCRIPTEN_VERSION_CHECK(3, 1, 43)) && HEDLEY_HAS_BUILTIN(__builtin_roundeven)) || \
      |                                               ^
/Users/miu/Code/peach-cat/.cache/vcv-library-sources/SurgeXTRack/640153d4e70896a707bc3a7cbff1d375c44581b6/surge/libs/simde/simde/x86/../hedley.h:195:63: note: expanded from macro 'HEDLEY_EMSCRIPTEN_VERSION_CHECK'
  195 | #  define HEDLEY_EMSCRIPTEN_VERSION_CHECK(major,minor,patch) (HEDLEY_EMSCRIPTEN_VERSION >= HEDLEY_VERSION_ENCODE(major, minor, patch))
      |                                                               ^
/Users/miu/Code/peach-cat/.cache/vcv-library-sources/SurgeXTRack/640153d4e70896a707bc3a7cbff1d375c44581b6/surge/libs/simde/simde/x86/../hedley.h:188:103: note: expanded from macro 'HEDLEY_EMSCRIPTEN_VERSION'
  188 | #  define HEDLEY_EMSCRIPTEN_VERSION HEDLEY_VERSION_ENCODE(__EMSCRIPTEN_major__, __EMSCRIPTEN_minor__, __EMSCRIPTEN_tiny__)
      |                                                                                                       ^
/opt/homebrew/Cellar/emscripten/6.0.3/libexec/cache/sysroot/include/emscripten/version.h:12:80: note: macro marked 'deprecated' here
   12 | #pragma clang deprecated(__EMSCRIPTEN_tiny__, "Use __EMSCRIPTEN_TINY__ instead")
      |                                                                                ^
In file included from /Users/miu/Code/peach-cat/.cache/vcv-library-sources/SurgeXTRack/640153d4e70896a707bc3a7cbff1d375c44581b6/surge/src/common/SurgePatch.cpp:23:
In file included from /Users/miu/Code/peach-cat/.cache/vcv-library-sources/SurgeXTRack/640153d4e70896a707bc3a7cbff1d375c44581b6/surge/src/common/SurgeStorage.h:25:
In file included from /Users/miu/Code/peach-cat/.cache/vcv-library-sources/SurgeXTRack/640153d4e70896a707bc3a7cbff1d375c44581b6/surge/src/common/globals.h:62:
In file included from /Users/miu/Code/peach-cat/.cache/vcv-library-sources/SurgeXTRack/640153d4e70896a707bc3a7cbff1d375c44581b6/surge/libs/simde/simde/x86/sse2.h:35:
In file included from /Users/miu/Code/peach-cat/.cache/vcv-library-sources/SurgeXTRack/640153d4e70896a707bc3a7cbff1d375c44581b6/surge/libs/simde/simde/x86/sse.h:33:
In file included from /Users/miu/Code/peach-cat/.cache/vcv-library-sources/SurgeXTRack/640153d4e70896a707bc3a7cbff1d375c44581b6/surge/libs/simde/simde/x86/mmx.h:30:
In file included from /Users/miu/Code/peach-cat/.cache/vcv-library-sources/SurgeXTRack/640153d4e70896a707bc3a7cbff1d375c44581b6/surge/libs/simde/simde/x86/../simde-common.h:47:
/Users/miu/Code/peach-cat/.cache/vcv-library-sources/SurgeXTRack/640153d4e70896a707bc3a7cbff1d375c44581b6/surge/libs/simde/simde/x86/../simde-math.h:1289:47: warning: macro '__EMSCRIPTEN_major__' has been marked as deprecated: Use __EMSCRIPTEN_MAJOR__ instead [-Wdeprecated-pragma]
 1289 |      ((!defined(HEDLEY_EMSCRIPTEN_VERSION) || HEDLEY_EMSCRIPTEN_VERSION_CHECK(3, 1, 43)) && HEDLEY_HAS_BUILTIN(__builtin_roundevenf)) || \
      |                                               ^
/Users/miu/Code/peach-cat/.cache/vcv-library-sources/SurgeXTRack/640153d4e70896a707bc3a7cbff1d375c44581b6/surge/libs/simde/simde/x86/../hedley.h:195:63: note: expanded from macro 'HEDLEY_EMSCRIPTEN_VERSION_CHECK'
  195 | #  define HEDLEY_EMSCRIPTEN_VERSION_CHECK(major,minor,patch) (HEDLEY_EMSCRIPTEN_VERSION >= HEDLEY_VERSION_ENCODE(major, minor, patch))
      |                                                               ^
/Users/miu/Code/peach-cat/.cache/vcv-library-sources/SurgeXTRack/640153d4e70896a707bc3a7cbff1d375c44581b6/surge/libs/simde/simde/x86/../hedley.h:188:59: note: expanded from macro 'HEDLEY_EMSCRIPTEN_VERSION'
  188 | #  define HEDLEY_EMSCRIPTEN_VERSION HEDLEY_VERSION_ENCODE(__EMSCRIPTEN_major__, __EMSCRIPTEN_minor__, __EMSCRIPTEN_tiny__)
      |                                                           ^
/opt/homebrew/Cellar/emscripten/6.0.3/libexec/cache/sysroot/include/emscripten/version.h:10:82: note: macro marked 'deprecated' here
   10 | #pragma clang deprecated(__EMSCRIPTEN_major__, "Use __EMSCRIPTEN_MAJOR__ instead")
      |                                                                                  ^
In file included from /Users/miu/Code/peach-cat/.cache/vcv-library-sources/SurgeXTRack/640153d4e70896a707bc3a7cbff1d375c44581b6/surge/src/common/SurgePatch.cpp:23:
In file included from /Users/miu/Code/peach-cat/.cache/vcv-library-sources/SurgeXTRack/640153d4e70896a707bc3a7cbff1d375c44581b6/surge/src/common/SurgeStorage.h:25:
In file included from /Users/miu/Code/peach-cat/.cache/vcv-library-sources/SurgeXTRack/640153d4e70896a707bc3a7cbff1d375c44581b6/surge/src/common/globals.h:62:
In file included from /Users/miu/Code/peach-cat/.cache/vcv-library-sources/SurgeXTRack/640153d4e70896a707bc3a7cbff1d375c44581b6/surge/libs/simde/simde/x86/sse2.h:35:
In file included from /Users/miu/Code/peach-cat/.cache/vcv-library-sources/SurgeXTRack/640153d4e70896a707bc3a7cbff1d375c44581b6/surge/libs/simde/simde/x86/sse.h:33:
In file included from /Users/miu/Code/peach-cat/.cache/vcv-library-sources/SurgeXTRack/640153d4e70896a707bc3a7cbff1d375c44581b6/surge/libs/simde/simde/x86/mmx.h:30:
In file included from /Users/miu/Code/peach-cat/.cache/vcv-library-sources/SurgeXTRack/640153d4e70896a707bc3a7cbff1d375c44581b6/surge/libs/simde/simde/x86/../simde-common.h:47:
/Users/miu/Code/peach-cat/.cache/vcv-library-sources/SurgeXTRack/640153d4e70896a707bc3a7cbff1d375c44581b6/surge/libs/simde/simde/x86/../simde-math.h:1289:47: warning: macro '__EMSCRIPTEN_minor__' has been marked as deprecated: Use __EMSCRIPTEN_MINOR__ instead [-Wdeprecated-pragma]
 1289 |      ((!defined(HEDLEY_EMSCRIPTEN_VERSION) || HEDLEY_EMSCRIPTEN_VERSION_CHECK(3, 1, 43)) && HEDLEY_HAS_BUILTIN(__builtin_roundevenf)) || \
      |                                               ^
/Users/miu/Code/peach-cat/.cache/vcv-library-sources/SurgeXTRack/640153d4e70896a707bc3a7cbff1d375c44581b6/surge/libs/simde/simde/x86/../hedley.h:195:63: note: expanded from macro 'HEDLEY_EMSCRIPTEN_VERSION_CHECK'
  195 | #  define HEDLEY_EMSCRIPTEN_VERSION_CHECK(major,minor,patch) (HEDLEY_EMSCRIPTEN_VERSION >= HEDLEY_VERSION_ENCODE(major, minor, patch))
      |                                                               ^
/Users/miu/Code/peach-cat/.cache/vcv-library-sources/SurgeXTRack/640153d4e70896a707bc3a7cbff1d375c44581b6/surge/libs/simde/simde/x86/../hedley.h:188:81: note: expanded from macro 'HEDLEY_EMSCRIPTEN_VERSION'
  188 | #  define HEDLEY_EMSCRIPTEN_VERSION HEDLEY_VERSION_ENCODE(__EMSCRIPTEN_major__, __EMSCRIPTEN_minor__, __EMSCRIPTEN_tiny__)
      |                                                                                 ^
/opt/homebrew/Cellar/emscripten/6.0.3/libexec/cache/sysroot/include/emscripten/version.h:11:82: note: macro marked 'deprecated' here
   11 | #pragma clang deprecated(__EMSCRIPTEN_minor__, "Use __EMSCRIPTEN_MINOR__ instead")
      |                                                                                  ^
In file included from /Users/miu/Code/peach-cat/.cache/vcv-library-sources/SurgeXTRack/640153d4e70896a707bc3a7cbff1d375c44581b6/surge/src/common/SurgePatch.cpp:23:
In file included from /Users/miu/Code/peach-cat/.cache/vcv-library-sources/SurgeXTRack/640153d4e70896a707bc3a7cbff1d375c44581b6/surge/src/common/SurgeStorage.h:25:
In file included from /Users/miu/Code/peach-cat/.cache/vcv-library-sources/SurgeXTRack/640153d4e70896a707bc3a7cbff1d375c44581b6/surge/src/common/globals.h:62:
In file included from /Users/miu/Code/peach-cat/.cache/vcv-library-sources/SurgeXTRack/640153d4e70896a707bc3a7cbff1d375c44581b6/surge/libs/simde/simde/x86/sse2.h:35:
In file included from /Users/miu/Code/peach-cat/.cache/vcv-library-sources/SurgeXTRack/640153d4e70896a707bc3a7cbff1d375c44581b6/surge/libs/simde/simde/x86/sse.h:33:
In file included from /Users/miu/Code/peach-cat/.cache/vcv-library-sources/SurgeXTRack/640153d4e70896a707bc3a7cbff1d375c44581b6/surge/libs/simde/simde/x86/mmx.h:30:
In file included from /Users/miu/Code/peach-cat/.cache/vcv-library-sources/SurgeXTRack/640153d4e70896a707bc3a7cbff1d375c44581b6/surge/libs/simde/simde/x86/../simde-common.h:47:
/Users/miu/Code/peach-cat/.cache/vcv-library-sources/SurgeXTRack/640153d4e70896a707bc3a7cbff1d375c44581b6/surge/libs/simde/simde/x86/../simde-math.h:1289:47: warning: macro '__EMSCRIPTEN_tiny__' has been marked as deprecated: Use __EMSCRIPTEN_TINY__ instead [-Wdeprecated-pragma]
 1289 |      ((!defined(HEDLEY_EMSCRIPTEN_VERSION) || HEDLEY_EMSCRIPTEN_VERSION_CHECK(3, 1, 43)) && HEDLEY_HAS_BUILTIN(__builtin_roundevenf)) || \
      |                                               ^
/Users/miu/Code/peach-cat/.cache/vcv-library-sources/SurgeXTRack/640153d4e70896a707bc3a7cbff1d375c44581b6/surge/libs/simde/simde/x86/../hedley.h:195:63: note: expanded from macro 'HEDLEY_EMSCRIPTEN_VERSION_CHECK'
  195 | #  define HEDLEY_EMSCRIPTEN_VERSION_CHECK(major,minor,patch) (HEDLEY_EMSCRIPTEN_VERSION >= HEDLEY_VERSION_ENCODE(major, minor, patch))
      |                                                               ^
/Users/miu/Code/peach-cat/.cache/vcv-library-sources/SurgeXTRack/640153d4e70896a707bc3a7cbff1d375c44581b6/surge/libs/simde/simde/x86/../hedley.h:188:103: note: expanded from macro 'HEDLEY_EMSCRIPTEN_VERSION'
  188 | #  define HEDLEY_EMSCRIPTEN_VERSION HEDLEY_VERSION_ENCODE(__EMSCRIPTEN_major__, __EMSCRIPTEN_minor__, __EMSCRIPTEN_tiny__)
      |                                                                                                       ^
/opt/homebrew/Cellar/emscripten/6.0.3/libexec/cache/sysroot/include/emscripten/version.h:12:80: note: macro marked 'deprecated' here
   12 | #pragma clang deprecated(__EMSCRIPTEN_tiny__, "Use __EMSCRIPTEN_TINY__ instead")
      |                                                                                ^
In file included from /Users/miu/Code/peach-cat/.cache/vcv-library-sources/SurgeXTRack/640153d4e70896a707bc3a7cbff1d375c44581b6/surge/src/common/SurgePatch.cpp:37:
/Users/miu/Code/peach-cat/.cache/vcv-library-sources/SurgeXTRack/640153d4e70896a707bc3a7cbff1d375c44581b6/surge/libs/fmt/include/fmt/format.h:4168:27: warning: identifier '_a' preceded by whitespace in a literal operator declaration is deprecated [-Wdeprecated-literal-operator]
 4168 | constexpr auto operator"" _a(const char* s, size_t) -> detail::udl_arg<char> {
      |                ~~~~~~~~~~~^~
      |                operator""_a
7 warnings generated.
In file included from /Users/miu/Code/peach-cat/.cache/vcv-library-sources/SurgeXTRack/640153d4e70896a707bc3a7cbff1d375c44581b6/surge/src/common/dsp/modulators/MSEGModulationHelper.cpp:23:
In file included from /Users/miu/Code/peach-cat/.cache/vcv-library-sources/SurgeXTRack/640153d4e70896a707bc3a7cbff1d375c44581b6/surge/src/common/dsp/modulators/MSEGModulationHelper.h:25:
In file included from /Users/miu/Code/peach-cat/.cache/vcv-library-sources/SurgeXTRack/640153d4e70896a707bc3a7cbff1d375c44581b6/surge/src/common/SurgeStorage.h:25:
In file included from /Users/miu/Code/peach-cat/.cache/vcv-library-sources/SurgeXTRack/640153d4e70896a707bc3a7cbff1d375c44581b6/surge/src/common/globals.h:62:
In file included from /Users/miu/Code/peach-cat/.cache/vcv-library-sources/SurgeXTRack/640153d4e70896a707bc3a7cbff1d375c44581b6/surge/libs/simde/simde/x86/sse2.h:35:
In file included from /Users/miu/Code/peach-cat/.cache/vcv-library-sources/SurgeXTRack/640153d4e70896a707bc3a7cbff1d375c44581b6/surge/libs/simde/simde/x86/sse.h:33:
In file included from /Users/miu/Code/peach-cat/.cache/vcv-library-sources/SurgeXTRack/640153d4e70896a707bc3a7cbff1d375c44581b6/surge/libs/simde/simde/x86/mmx.h:30:
In file included from /Users/miu/Code/peach-cat/.cache/vcv-library-sources/SurgeXTRack/640153d4e70896a707bc3a7cbff1d375c44581b6/surge/libs/simde/simde/x86/../simde-common.h:47:
/Users/miu/Code/peach-cat/.cache/vcv-library-sources/SurgeXTRack/640153d4e70896a707bc3a7cbff1d375c44581b6/surge/libs/simde/simde/x86/../simde-math.h:1269:47: warning: macro '__EMSCRIPTEN_major__' has been marked as deprecated: Use __EMSCRIPTEN_MAJOR__ instead [-Wdeprecated-pragma]
 1269 |      ((!defined(HEDLEY_EMSCRIPTEN_VERSION) || HEDLEY_EMSCRIPTEN_VERSION_CHECK(3, 1, 43)) && HEDLEY_HAS_BUILTIN(__builtin_roundeven)) || \
      |                                               ^
/Users/miu/Code/peach-cat/.cache/vcv-library-sources/SurgeXTRack/640153d4e70896a707bc3a7cbff1d375c44581b6/surge/libs/simde/simde/x86/../hedley.h:195:63: note: expanded from macro 'HEDLEY_EMSCRIPTEN_VERSION_CHECK'
  195 | #  define HEDLEY_EMSCRIPTEN_VERSION_CHECK(major,minor,patch) (HEDLEY_EMSCRIPTEN_VERSION >= HEDLEY_VERSION_ENCODE(major, minor, patch))
      |                                                               ^
/Users/miu/Code/peach-cat/.cache/vcv-library-sources/SurgeXTRack/640153d4e70896a707bc3a7cbff1d375c44581b6/surge/libs/simde/simde/x86/../hedley.h:188:59: note: expanded from macro 'HEDLEY_EMSCRIPTEN_VERSION'
  188 | #  define HEDLEY_EMSCRIPTEN_VERSION HEDLEY_VERSION_ENCODE(__EMSCRIPTEN_major__, __EMSCRIPTEN_minor__, __EMSCRIPTEN_tiny__)
      |                                                           ^
/opt/homebrew/Cellar/emscripten/6.0.3/libexec/cache/sysroot/include/emscripten/version.h:10:82: note: macro marked 'deprecated' here
   10 | #pragma clang deprecated(__EMSCRIPTEN_major__, "Use __EMSCRIPTEN_MAJOR__ instead")
      |                                                                                  ^
In file included from /Users/miu/Code/peach-cat/.cache/vcv-library-sources/SurgeXTRack/640153d4e70896a707bc3a7cbff1d375c44581b6/surge/src/common/dsp/modulators/MSEGModulationHelper.cpp:23:
In file included from /Users/miu/Code/peach-cat/.cache/vcv-library-sources/SurgeXTRack/640153d4e70896a707bc3a7cbff1d375c44581b6/surge/src/common/dsp/modulators/MSEGModulationHelper.h:25:
In file included from /Users/miu/Code/peach-cat/.cache/vcv-library-sources/SurgeXTRack/640153d4e70896a707bc3a7cbff1d375c44581b6/surge/src/common/SurgeStorage.h:25:
In file included from /Users/miu/Code/peach-cat/.cache/vcv-library-sources/SurgeXTRack/640153d4e70896a707bc3a7cbff1d375c44581b6/surge/src/common/globals.h:62:
In file included from /Users/miu/Code/peach-cat/.cache/vcv-library-sources/SurgeXTRack/640153d4e70896a707bc3a7cbff1d375c44581b6/surge/libs/simde/simde/x86/sse2.h:35:
In file included from /Users/miu/Code/peach-cat/.cache/vcv-library-sources/SurgeXTRack/640153d4e70896a707bc3a7cbff1d375c44581b6/surge/libs/simde/simde/x86/sse.h:33:
In file included from /Users/miu/Code/peach-cat/.cache/vcv-library-sources/SurgeXTRack/640153d4e70896a707bc3a7cbff1d375c44581b6/surge/libs/simde/simde/x86/mmx.h:30:
In file included from /Users/miu/Code/peach-cat/.cache/vcv-library-sources/SurgeXTRack/640153d4e70896a707bc3a7cbff1d375c44581b6/surge/libs/simde/simde/x86/../simde-common.h:47:
/Users/miu/Code/peach-cat/.cache/vcv-library-sources/SurgeXTRack/640153d4e70896a707bc3a7cbff1d375c44581b6/surge/libs/simde/simde/x86/../simde-math.h:1269:47: warning: macro '__EMSCRIPTEN_minor__' has been marked as deprecated: Use __EMSCRIPTEN_MINOR__ instead [-Wdeprecated-pragma]
 1269 |      ((!defined(HEDLEY_EMSCRIPTEN_VERSION) || HEDLEY_EMSCRIPTEN_VERSION_CHECK(3, 1, 43)) && HEDLEY_HAS_BUILTIN(__builtin_roundeven)) || \
      |                                               ^
/Users/miu/Code/peach-cat/.cache/vcv-library-sources/SurgeXTRack/640153d4e70896a707bc3a7cbff1d375c44581b6/surge/libs/simde/simde/x86/../hedley.h:195:63: note: expanded from macro 'HEDLEY_EMSCRIPTEN_VERSION_CHECK'
  195 | #  define HEDLEY_EMSCRIPTEN_VERSION_CHECK(major,minor,patch) (HEDLEY_EMSCRIPTEN_VERSION >= HEDLEY_VERSION_ENCODE(major, minor, patch))
      |                                                               ^
/Users/miu/Code/peach-cat/.cache/vcv-library-sources/SurgeXTRack/640153d4e70896a707bc3a7cbff1d375c44581b6/surge/libs/simde/simde/x86/../hedley.h:188:81: note: expanded from macro 'HEDLEY_EMSCRIPTEN_VERSION'
  188 | #  define HEDLEY_EMSCRIPTEN_VERSION HEDLEY_VERSION_ENCODE(__EMSCRIPTEN_major__, __EMSCRIPTEN_minor__, __EMSCRIPTEN_tiny__)
      |                                                                                 ^
/opt/homebrew/Cellar/emscripten/6.0.3/libexec/cache/sysroot/include/emscripten/version.h:11:82: note: macro marked 'deprecated' here
   11 | #pragma clang deprecated(__EMSCRIPTEN_minor__, "Use __EMSCRIPTEN_MINOR__ instead")
      |                                                                                  ^
In file included from /Users/miu/Code/peach-cat/.cache/vcv-library-sources/SurgeXTRack/640153d4e70896a707bc3a7cbff1d375c44581b6/surge/src/common/dsp/modulators/MSEGModulationHelper.cpp:23:
In file included from /Users/miu/Code/peach-cat/.cache/vcv-library-sources/SurgeXTRack/640153d4e70896a707bc3a7cbff1d375c44581b6/surge/src/common/dsp/modulators/MSEGModulationHelper.h:25:
In file included from /Users/miu/Code/peach-cat/.cache/vcv-library-sources/SurgeXTRack/640153d4e70896a707bc3a7cbff1d375c44581b6/surge/src/common/SurgeStorage.h:25:
In file included from /Users/miu/Code/peach-cat/.cache/vcv-library-sources/SurgeXTRack/640153d4e70896a707bc3a7cbff1d375c44581b6/surge/src/common/globals.h:62:
In file included from /Users/miu/Code/peach-cat/.cache/vcv-library-sources/SurgeXTRack/640153d4e70896a707bc3a7cbff1d375c44581b6/surge/libs/simde/simde/x86/sse2.h:35:
In file included from /Users/miu/Code/peach-cat/.cache/vcv-library-sources/SurgeXTRack/640153d4e70896a707bc3a7cbff1d375c44581b6/surge/libs/simde/simde/x86/sse.h:33:
In file included from /Users/miu/Code/peach-cat/.cache/vcv-library-sources/SurgeXTRack/640153d4e70896a707bc3a7cbff1d375c44581b6/surge/libs/simde/simde/x86/mmx.h:30:
In file included from /Users/miu/Code/peach-cat/.cache/vcv-library-sources/SurgeXTRack/640153d4e70896a707bc3a7cbff1d375c44581b6/surge/libs/simde/simde/x86/../simde-common.h:47:
/Users/miu/Code/peach-cat/.cache/vcv-library-sources/SurgeXTRack/640153d4e70896a707bc3a7cbff1d375c44581b6/surge/libs/simde/simde/x86/../simde-math.h:1269:47: warning: macro '__EMSCRIPTEN_tiny__' has been marked as deprecated: Use __EMSCRIPTEN_TINY__ instead [-Wdeprecated-pragma]
 1269 |      ((!defined(HEDLEY_EMSCRIPTEN_VERSION) || HEDLEY_EMSCRIPTEN_VERSION_CHECK(3, 1, 43)) && HEDLEY_HAS_BUILTIN(__builtin_roundeven)) || \
      |                                               ^
/Users/miu/Code/peach-cat/.cache/vcv-library-sources/SurgeXTRack/640153d4e70896a707bc3a7cbff1d375c44581b6/surge/libs/simde/simde/x86/../hedley.h:195:63: note: expanded from macro 'HEDLEY_EMSCRIPTEN_VERSION_CHECK'
  195 | #  define HEDLEY_EMSCRIPTEN_VERSION_CHECK(major,minor,patch) (HEDLEY_EMSCRIPTEN_VERSION >= HEDLEY_VERSION_ENCODE(major, minor, patch))
      |                                                               ^
/Users/miu/Code/peach-cat/.cache/vcv-library-sources/SurgeXTRack/640153d4e70896a707bc3a7cbff1d375c44581b6/surge/libs/simde/simde/x86/../hedley.h:188:103: note: expanded from macro 'HEDLEY_EMSCRIPTEN_VERSION'
  188 | #  define HEDLEY_EMSCRIPTEN_VERSION HEDLEY_VERSION_ENCODE(__EMSCRIPTEN_major__, __EMSCRIPTEN_minor__, __EMSCRIPTEN_tiny__)
      |                                                                                                       ^
/opt/homebrew/Cellar/emscripten/6.0.3/libexec/cache/sysroot/include/emscripten/version.h:12:80: note: macro marked 'deprecated' here
   12 | #pragma clang deprecated(__EMSCRIPTEN_tiny__, "Use __EMSCRIPTEN_TINY__ instead")
      |                                                                                ^
In file included from /Users/miu/Code/peach-cat/.cache/vcv-library-sources/SurgeXTRack/640153d4e70896a707bc3a7cbff1d375c44581b6/surge/src/common/dsp/modulators/MSEGModulationHelper.cpp:23:
In file included from /Users/miu/Code/peach-cat/.cache/vcv-library-sources/SurgeXTRack/640153d4e70896a707bc3a7cbff1d375c44581b6/surge/src/common/dsp/modulators/MSEGModulationHelper.h:25:
In file included from /Users/miu/Code/peach-cat/.cache/vcv-library-sources/SurgeXTRack/640153d4e70896a707bc3a7cbff1d375c44581b6/surge/src/common/SurgeStorage.h:25:
In file included from /Users/miu/Code/peach-cat/.cache/vcv-library-sources/SurgeXTRack/640153d4e70896a707bc3a7cbff1d375c44581b6/surge/src/common/globals.h:62:
In file included from /Users/miu/Code/peach-cat/.cache/vcv-library-sources/SurgeXTRack/640153d4e70896a707bc3a7cbff1d375c44581b6/surge/libs/simde/simde/x86/sse2.h:35:
In file included from /Users/miu/Code/peach-cat/.cache/vcv-library-sources/SurgeXTRack/640153d4e70896a707bc3a7cbff1d375c44581b6/surge/libs/simde/simde/x86/sse.h:33:
In file included from /Users/miu/Code/peach-cat/.cache/vcv-library-sources/SurgeXTRack/640153d4e70896a707bc3a7cbff1d375c44581b6/surge/libs/simde/simde/x86/mmx.h:30:
In file included from /Users/miu/Code/peach-cat/.cache/vcv-library-sources/SurgeXTRack/640153d4e70896a707bc3a7cbff1d375c44581b6/surge/libs/simde/simde/x86/../simde-common.h:47:
/Users/miu/Code/peach-cat/.cache/vcv-library-sources/SurgeXTRack/640153d4e70896a707bc3a7cbff1d375c44581b6/surge/libs/simde/simde/x86/../simde-math.h:1289:47: warning: macro '__EMSCRIPTEN_major__' has been marked as deprecated: Use __EMSCRIPTEN_MAJOR__ instead [-Wdeprecated-pragma]
 1289 |      ((!defined(HEDLEY_EMSCRIPTEN_VERSION) || HEDLEY_EMSCRIPTEN_VERSION_CHECK(3, 1, 43)) && HEDLEY_HAS_BUILTIN(__builtin_roundevenf)) || \
      |                                               ^
/Users/miu/Code/peach-cat/.cache/vcv-library-sources/SurgeXTRack/640153d4e70896a707bc3a7cbff1d375c44581b6/surge/libs/simde/simde/x86/../hedley.h:195:63: note: expanded from macro 'HEDLEY_EMSCRIPTEN_VERSION_CHECK'
  195 | #  define HEDLEY_EMSCRIPTEN_VERSION_CHECK(major,minor,patch) (HEDLEY_EMSCRIPTEN_VERSION >= HEDLEY_VERSION_ENCODE(major, minor, patch))
      |                                                               ^
/Users/miu/Code/peach-cat/.cache/vcv-library-sources/SurgeXTRack/640153d4e70896a707bc3a7cbff1d375c44581b6/surge/libs/simde/simde/x86/../hedley.h:188:59: note: expanded from macro 'HEDLEY_EMSCRIPTEN_VERSION'
  188 | #  define HEDLEY_EMSCRIPTEN_VERSION HEDLEY_VERSION_ENCODE(__EMSCRIPTEN_major__, __EMSCRIPTEN_minor__, __EMSCRIPTEN_tiny__)
      |                                                           ^
/opt/homebrew/Cellar/emscripten/6.0.3/libexec/cache/sysroot/include/emscripten/version.h:10:82: note: macro marked 'deprecated' here
   10 | #pragma clang deprecated(__EMSCRIPTEN_major__, "Use __EMSCRIPTEN_MAJOR__ instead")
      |                                                                                  ^
In file included from /Users/miu/Code/peach-cat/.cache/vcv-library-sources/SurgeXTRack/640153d4e70896a707bc3a7cbff1d375c44581b6/surge/src/common/dsp/modulators/MSEGModulationHelper.cpp:23:
In file included from /Users/miu/Code/peach-cat/.cache/vcv-library-sources/SurgeXTRack/640153d4e70896a707bc3a7cbff1d375c44581b6/surge/src/common/dsp/modulators/MSEGModulationHelper.h:25:
In file included from /Users/miu/Code/peach-cat/.cache/vcv-library-sources/SurgeXTRack/640153d4e70896a707bc3a7cbff1d375c44581b6/surge/src/common/SurgeStorage.h:25:
In file included from /Users/miu/Code/peach-cat/.cache/vcv-library-sources/SurgeXTRack/640153d4e70896a707bc3a7cbff1d375c44581b6/surge/src/common/globals.h:62:
In file included from /Users/miu/Code/peach-cat/.cache/vcv-library-sources/SurgeXTRack/640153d4e70896a707bc3a7cbff1d375c44581b6/surge/libs/simde/simde/x86/sse2.h:35:
In file included from /Users/miu/Code/peach-cat/.cache/vcv-library-sources/SurgeXTRack/640153d4e70896a707bc3a7cbff1d375c44581b6/surge/libs/simde/simde/x86/sse.h:33:
In file included from /Users/miu/Code/peach-cat/.cache/vcv-library-sources/SurgeXTRack/640153d4e70896a707bc3a7cbff1d375c44581b6/surge/libs/simde/simde/x86/mmx.h:30:
In file included from /Users/miu/Code/peach-cat/.cache/vcv-library-sources/SurgeXTRack/640153d4e70896a707bc3a7cbff1d375c44581b6/surge/libs/simde/simde/x86/../simde-common.h:47:
/Users/miu/Code/peach-cat/.cache/vcv-library-sources/SurgeXTRack/640153d4e70896a707bc3a7cbff1d375c44581b6/surge/libs/simde/simde/x86/../simde-math.h:1289:47: warning: macro '__EMSCRIPTEN_minor__' has been marked as deprecated: Use __EMSCRIPTEN_MINOR__ instead [-Wdeprecated-pragma]
 1289 |      ((!defined(HEDLEY_EMSCRIPTEN_VERSION) || HEDLEY_EMSCRIPTEN_VERSION_CHECK(3, 1, 43)) && HEDLEY_HAS_BUILTIN(__builtin_roundevenf)) || \
      |                                               ^
/Users/miu/Code/peach-cat/.cache/vcv-library-sources/SurgeXTRack/640153d4e70896a707bc3a7cbff1d375c44581b6/surge/libs/simde/simde/x86/../hedley.h:195:63: note: expanded from macro 'HEDLEY_EMSCRIPTEN_VERSION_CHECK'
  195 | #  define HEDLEY_EMSCRIPTEN_VERSION_CHECK(major,minor,patch) (HEDLEY_EMSCRIPTEN_VERSION >= HEDLEY_VERSION_ENCODE(major, minor, patch))
      |                                                               ^
/Users/miu/Code/peach-cat/.cache/vcv-library-sources/SurgeXTRack/640153d4e70896a707bc3a7cbff1d375c44581b6/surge/libs/simde/simde/x86/../hedley.h:188:81: note: expanded from macro 'HEDLEY_EMSCRIPTEN_VERSION'
  188 | #  define HEDLEY_EMSCRIPTEN_VERSION HEDLEY_VERSION_ENCODE(__EMSCRIPTEN_major__, __EMSCRIPTEN_minor__, __EMSCRIPTEN_tiny__)
      |                                                                                 ^
/opt/homebrew/Cellar/emscripten/6.0.3/libexec/cache/sysroot/include/emscripten/version.h:11:82: note: macro marked 'deprecated' here
   11 | #pragma clang deprecated(__EMSCRIPTEN_minor__, "Use __EMSCRIPTEN_MINOR__ instead")
      |                                                                                  ^
In file included from /Users/miu/Code/peach-cat/.cache/vcv-library-sources/SurgeXTRack/640153d4e70896a707bc3a7cbff1d375c44581b6/surge/src/common/dsp/modulators/MSEGModulationHelper.cpp:23:
In file included from /Users/miu/Code/peach-cat/.cache/vcv-library-sources/SurgeXTRack/640153d4e70896a707bc3a7cbff1d375c44581b6/surge/src/common/dsp/modulators/MSEGModulationHelper.h:25:
In file included from /Users/miu/Code/peach-cat/.cache/vcv-library-sources/SurgeXTRack/640153d4e70896a707bc3a7cbff1d375c44581b6/surge/src/common/SurgeStorage.h:25:
In file included from /Users/miu/Code/peach-cat/.cache/vcv-library-sources/SurgeXTRack/640153d4e70896a707bc3a7cbff1d375c44581b6/surge/src/common/globals.h:62:
In file included from /Users/miu/Code/peach-cat/.cache/vcv-library-sources/SurgeXTRack/640153d4e70896a707bc3a7cbff1d375c44581b6/surge/libs/simde/simde/x86/sse2.h:35:
In file included from /Users/miu/Code/peach-cat/.cache/vcv-library-sources/SurgeXTRack/640153d4e70896a707bc3a7cbff1d375c44581b6/surge/libs/simde/simde/x86/sse.h:33:
In file included from /Users/miu/Code/peach-cat/.cache/vcv-library-sources/SurgeXTRack/640153d4e70896a707bc3a7cbff1d375c44581b6/surge/libs/simde/simde/x86/mmx.h:30:
In file included from /Users/miu/Code/peach-cat/.cache/vcv-library-sources/SurgeXTRack/640153d4e70896a707bc3a7cbff1d375c44581b6/surge/libs/simde/simde/x86/../simde-common.h:47:
/Users/miu/Code/peach-cat/.cache/vcv-library-sources/SurgeXTRack/640153d4e70896a707bc3a7cbff1d375c44581b6/surge/libs/simde/simde/x86/../simde-math.h:1289:47: warning: macro '__EMSCRIPTEN_tiny__' has been marked as deprecated: Use __EMSCRIPTEN_TINY__ instead [-Wdeprecated-pragma]
 1289 |      ((!defined(HEDLEY_EMSCRIPTEN_VERSION) || HEDLEY_EMSCRIPTEN_VERSION_CHECK(3, 1, 43)) && HEDLEY_HAS_BUILTIN(__builtin_roundevenf)) || \
      |                                               ^
/Users/miu/Code/peach-cat/.cache/vcv-library-sources/SurgeXTRack/640153d4e70896a707bc3a7cbff1d375c44581b6/surge/libs/simde/simde/x86/../hedley.h:195:63: note: expanded from macro 'HEDLEY_EMSCRIPTEN_VERSION_CHECK'
  195 | #  define HEDLEY_EMSCRIPTEN_VERSION_CHECK(major,minor,patch) (HEDLEY_EMSCRIPTEN_VERSION >= HEDLEY_VERSION_ENCODE(major, minor, patch))
      |                                                               ^
/Users/miu/Code/peach-cat/.cache/vcv-library-sources/SurgeXTRack/640153d4e70896a707bc3a7cbff1d375c44581b6/surge/libs/simde/simde/x86/../hedley.h:188:103: note: expanded from macro 'HEDLEY_EMSCRIPTEN_VERSION'
  188 | #  define HEDLEY_EMSCRIPTEN_VERSION HEDLEY_VERSION_ENCODE(__EMSCRIPTEN_major__, __EMSCRIPTEN_minor__, __EMSCRIPTEN_tiny__)
      |                                                                                                       ^
/opt/homebrew/Cellar/emscripten/6.0.3/libexec/cache/sysroot/include/emscripten/version.h:12:80: note: macro marked 'deprecated' here
   12 | #pragma clang deprecated(__EMSCRIPTEN_tiny__, "Use __EMSCRIPTEN_TINY__ instead")
      |                                                                                ^
6 warnings generated.
In file included from /Users/miu/Code/peach-cat/.cache/vcv-library-sources/SurgeXTRack/640153d4e70896a707bc3a7cbff1d375c44581b6/surge/src/common/dsp/modulators/FormulaModulationHelper.cpp:23:
In file included from /Users/miu/Code/peach-cat/.cache/vcv-library-sources/SurgeXTRack/640153d4e70896a707bc3a7cbff1d375c44581b6/surge/src/common/dsp/modulators/FormulaModulationHelper.h:26:
In file included from /Users/miu/Code/peach-cat/.cache/vcv-library-sources/SurgeXTRack/640153d4e70896a707bc3a7cbff1d375c44581b6/surge/src/common/SurgeStorage.h:25:
In file included from /Users/miu/Code/peach-cat/.cache/vcv-library-sources/SurgeXTRack/640153d4e70896a707bc3a7cbff1d375c44581b6/surge/src/common/globals.h:62:
In file included from /Users/miu/Code/peach-cat/.cache/vcv-library-sources/SurgeXTRack/640153d4e70896a707bc3a7cbff1d375c44581b6/surge/libs/simde/simde/x86/sse2.h:35:
In file included from /Users/miu/Code/peach-cat/.cache/vcv-library-sources/SurgeXTRack/640153d4e70896a707bc3a7cbff1d375c44581b6/surge/libs/simde/simde/x86/sse.h:33:
In file included from /Users/miu/Code/peach-cat/.cache/vcv-library-sources/SurgeXTRack/640153d4e70896a707bc3a7cbff1d375c44581b6/surge/libs/simde/simde/x86/mmx.h:30:
In file included from /Users/miu/Code/peach-cat/.cache/vcv-library-sources/SurgeXTRack/640153d4e70896a707bc3a7cbff1d375c44581b6/surge/libs/simde/simde/x86/../simde-common.h:47:
/Users/miu/Code/peach-cat/.cache/vcv-library-sources/SurgeXTRack/640153d4e70896a707bc3a7cbff1d375c44581b6/surge/libs/simde/simde/x86/../simde-math.h:1269:47: warning: macro '__EMSCRIPTEN_major__' has been marked as deprecated: Use __EMSCRIPTEN_MAJOR__ instead [-Wdeprecated-pragma]
 1269 |      ((!defined(HEDLEY_EMSCRIPTEN_VERSION) || HEDLEY_EMSCRIPTEN_VERSION_CHECK(3, 1, 43)) && HEDLEY_HAS_BUILTIN(__builtin_roundeven)) || \
      |                                               ^
/Users/miu/Code/peach-cat/.cache/vcv-library-sources/SurgeXTRack/640153d4e70896a707bc3a7cbff1d375c44581b6/surge/libs/simde/simde/x86/../hedley.h:195:63: note: expanded from macro 'HEDLEY_EMSCRIPTEN_VERSION_CHECK'
  195 | #  define HEDLEY_EMSCRIPTEN_VERSION_CHECK(major,minor,patch) (HEDLEY_EMSCRIPTEN_VERSION >= HEDLEY_VERSION_ENCODE(major, minor, patch))
      |                                                               ^
/Users/miu/Code/peach-cat/.cache/vcv-library-sources/SurgeXTRack/640153d4e70896a707bc3a7cbff1d375c44581b6/surge/libs/simde/simde/x86/../hedley.h:188:59: note: expanded from macro 'HEDLEY_EMSCRIPTEN_VERSION'
  188 | #  define HEDLEY_EMSCRIPTEN_VERSION HEDLEY_VERSION_ENCODE(__EMSCRIPTEN_major__, __EMSCRIPTEN_minor__, __EMSCRIPTEN_tiny__)
      |                                                           ^
/opt/homebrew/Cellar/emscripten/6.0.3/libexec/cache/sysroot/include/emscripten/version.h:10:82: note: macro marked 'deprecated' here
   10 | #pragma clang deprecated(__EMSCRIPTEN_major__, "Use __EMSCRIPTEN_MAJOR__ instead")
      |                                                                                  ^
In file included from /Users/miu/Code/peach-cat/.cache/vcv-library-sources/SurgeXTRack/640153d4e70896a707bc3a7cbff1d375c44581b6/surge/src/common/dsp/modulators/FormulaModulationHelper.cpp:23:
In file included from /Users/miu/Code/peach-cat/.cache/vcv-library-sources/SurgeXTRack/640153d4e70896a707bc3a7cbff1d375c44581b6/surge/src/common/dsp/modulators/FormulaModulationHelper.h:26:
In file included from /Users/miu/Code/peach-cat/.cache/vcv-library-sources/SurgeXTRack/640153d4e70896a707bc3a7cbff1d375c44581b6/surge/src/common/SurgeStorage.h:25:
In file included from /Users/miu/Code/peach-cat/.cache/vcv-library-sources/SurgeXTRack/640153d4e70896a707bc3a7cbff1d375c44581b6/surge/src/common/globals.h:62:
In file included from /Users/miu/Code/peach-cat/.cache/vcv-library-sources/SurgeXTRack/640153d4e70896a707bc3a7cbff1d375c44581b6/surge/libs/simde/simde/x86/sse2.h:35:
In file included from /Users/miu/Code/peach-cat/.cache/vcv-library-sources/SurgeXTRack/640153d4e70896a707bc3a7cbff1d375c44581b6/surge/libs/simde/simde/x86/sse.h:33:
In file included from /Users/miu/Code/peach-cat/.cache/vcv-library-sources/SurgeXTRack/640153d4e70896a707bc3a7cbff1d375c44581b6/surge/libs/simde/simde/x86/mmx.h:30:
In file included from /Users/miu/Code/peach-cat/.cache/vcv-library-sources/SurgeXTRack/640153d4e70896a707bc3a7cbff1d375c44581b6/surge/libs/simde/simde/x86/../simde-common.h:47:
/Users/miu/Code/peach-cat/.cache/vcv-library-sources/SurgeXTRack/640153d4e70896a707bc3a7cbff1d375c44581b6/surge/libs/simde/simde/x86/../simde-math.h:1269:47: warning: macro '__EMSCRIPTEN_minor__' has been marked as deprecated: Use __EMSCRIPTEN_MINOR__ instead [-Wdeprecated-pragma]
 1269 |      ((!defined(HEDLEY_EMSCRIPTEN_VERSION) || HEDLEY_EMSCRIPTEN_VERSION_CHECK(3, 1, 43)) && HEDLEY_HAS_BUILTIN(__builtin_roundeven)) || \
      |                                               ^
/Users/miu/Code/peach-cat/.cache/vcv-library-sources/SurgeXTRack/640153d4e70896a707bc3a7cbff1d375c44581b6/surge/libs/simde/simde/x86/../hedley.h:195:63: note: expanded from macro 'HEDLEY_EMSCRIPTEN_VERSION_CHECK'
  195 | #  define HEDLEY_EMSCRIPTEN_VERSION_CHECK(major,minor,patch) (HEDLEY_EMSCRIPTEN_VERSION >= HEDLEY_VERSION_ENCODE(major, minor, patch))
      |                                                               ^
/Users/miu/Code/peach-cat/.cache/vcv-library-sources/SurgeXTRack/640153d4e70896a707bc3a7cbff1d375c44581b6/surge/libs/simde/simde/x86/../hedley.h:188:81: note: expanded from macro 'HEDLEY_EMSCRIPTEN_VERSION'
  188 | #  define HEDLEY_EMSCRIPTEN_VERSION HEDLEY_VERSION_ENCODE(__EMSCRIPTEN_major__, __EMSCRIPTEN_minor__, __EMSCRIPTEN_tiny__)
      |                                                                                 ^
/opt/homebrew/Cellar/emscripten/6.0.3/libexec/cache/sysroot/include/emscripten/version.h:11:82: note: macro marked 'deprecated' here
   11 | #pragma clang deprecated(__EMSCRIPTEN_minor__, "Use __EMSCRIPTEN_MINOR__ instead")
      |                                                                                  ^
In file included from /Users/miu/Code/peach-cat/.cache/vcv-library-sources/SurgeXTRack/640153d4e70896a707bc3a7cbff1d375c44581b6/surge/src/common/dsp/modulators/FormulaModulationHelper.cpp:23:
In file included from /Users/miu/Code/peach-cat/.cache/vcv-library-sources/SurgeXTRack/640153d4e70896a707bc3a7cbff1d375c44581b6/surge/src/common/dsp/modulators/FormulaModulationHelper.h:26:
In file included from /Users/miu/Code/peach-cat/.cache/vcv-library-sources/SurgeXTRack/640153d4e70896a707bc3a7cbff1d375c44581b6/surge/src/common/SurgeStorage.h:25:
In file included from /Users/miu/Code/peach-cat/.cache/vcv-library-sources/SurgeXTRack/640153d4e70896a707bc3a7cbff1d375c44581b6/surge/src/common/globals.h:62:
In file included from /Users/miu/Code/peach-cat/.cache/vcv-library-sources/SurgeXTRack/640153d4e70896a707bc3a7cbff1d375c44581b6/surge/libs/simde/simde/x86/sse2.h:35:
In file included from /Users/miu/Code/peach-cat/.cache/vcv-library-sources/SurgeXTRack/640153d4e70896a707bc3a7cbff1d375c44581b6/surge/libs/simde/simde/x86/sse.h:33:
In file included from /Users/miu/Code/peach-cat/.cache/vcv-library-sources/SurgeXTRack/640153d4e70896a707bc3a7cbff1d375c44581b6/surge/libs/simde/simde/x86/mmx.h:30:
In file included from /Users/miu/Code/peach-cat/.cache/vcv-library-sources/SurgeXTRack/640153d4e70896a707bc3a7cbff1d375c44581b6/surge/libs/simde/simde/x86/../simde-common.h:47:
/Users/miu/Code/peach-cat/.cache/vcv-library-sources/SurgeXTRack/640153d4e70896a707bc3a7cbff1d375c44581b6/surge/libs/simde/simde/x86/../simde-math.h:1269:47: warning: macro '__EMSCRIPTEN_tiny__' has been marked as deprecated: Use __EMSCRIPTEN_TINY__ instead [-Wdeprecated-pragma]
 1269 |      ((!defined(HEDLEY_EMSCRIPTEN_VERSION) || HEDLEY_EMSCRIPTEN_VERSION_CHECK(3, 1, 43)) && HEDLEY_HAS_BUILTIN(__builtin_roundeven)) || \
      |                                               ^
/Users/miu/Code/peach-cat/.cache/vcv-library-sources/SurgeXTRack/640153d4e70896a707bc3a7cbff1d375c44581b6/surge/libs/simde/simde/x86/../hedley.h:195:63: note: expanded from macro 'HEDLEY_EMSCRIPTEN_VERSION_CHECK'
  195 | #  define HEDLEY_EMSCRIPTEN_VERSION_CHECK(major,minor,patch) (HEDLEY_EMSCRIPTEN_VERSION >= HEDLEY_VERSION_ENCODE(major, minor, patch))
      |                                                               ^
/Users/miu/Code/peach-cat/.cache/vcv-library-sources/SurgeXTRack/640153d4e70896a707bc3a7cbff1d375c44581b6/surge/libs/simde/simde/x86/../hedley.h:188:103: note: expanded from macro 'HEDLEY_EMSCRIPTEN_VERSION'
  188 | #  define HEDLEY_EMSCRIPTEN_VERSION HEDLEY_VERSION_ENCODE(__EMSCRIPTEN_major__, __EMSCRIPTEN_minor__, __EMSCRIPTEN_tiny__)
      |                                                                                                       ^
/opt/homebrew/Cellar/emscripten/6.0.3/libexec/cache/sysroot/include/emscripten/version.h:12:80: note: macro marked 'deprecated' here
   12 | #pragma clang deprecated(__EMSCRIPTEN_tiny__, "Use __EMSCRIPTEN_TINY__ instead")
      |                                                                                ^
In file included from /Users/miu/Code/peach-cat/.cache/vcv-library-sources/SurgeXTRack/640153d4e70896a707bc3a7cbff1d375c44581b6/surge/src/common/dsp/modulators/FormulaModulationHelper.cpp:23:
In file included from /Users/miu/Code/peach-cat/.cache/vcv-library-sources/SurgeXTRack/640153d4e70896a707bc3a7cbff1d375c44581b6/surge/src/common/dsp/modulators/FormulaModulationHelper.h:26:
In file included from /Users/miu/Code/peach-cat/.cache/vcv-library-sources/SurgeXTRack/640153d4e70896a707bc3a7cbff1d375c44581b6/surge/src/common/SurgeStorage.h:25:
In file included from /Users/miu/Code/peach-cat/.cache/vcv-library-sources/SurgeXTRack/640153d4e70896a707bc3a7cbff1d375c44581b6/surge/src/common/globals.h:62:
In file included from /Users/miu/Code/peach-cat/.cache/vcv-library-sources/SurgeXTRack/640153d4e70896a707bc3a7cbff1d375c44581b6/surge/libs/simde/simde/x86/sse2.h:35:
In file included from /Users/miu/Code/peach-cat/.cache/vcv-library-sources/SurgeXTRack/640153d4e70896a707bc3a7cbff1d375c44581b6/surge/libs/simde/simde/x86/sse.h:33:
In file included from /Users/miu/Code/peach-cat/.cache/vcv-library-sources/SurgeXTRack/640153d4e70896a707bc3a7cbff1d375c44581b6/surge/libs/simde/simde/x86/mmx.h:30:
In file included from /Users/miu/Code/peach-cat/.cache/vcv-library-sources/SurgeXTRack/640153d4e70896a707bc3a7cbff1d375c44581b6/surge/libs/simde/simde/x86/../simde-common.h:47:
/Users/miu/Code/peach-cat/.cache/vcv-library-sources/SurgeXTRack/640153d4e70896a707bc3a7cbff1d375c44581b6/surge/libs/simde/simde/x86/../simde-math.h:1289:47: warning: macro '__EMSCRIPTEN_major__' has been marked as deprecated: Use __EMSCRIPTEN_MAJOR__ instead [-Wdeprecated-pragma]
 1289 |      ((!defined(HEDLEY_EMSCRIPTEN_VERSION) || HEDLEY_EMSCRIPTEN_VERSION_CHECK(3, 1, 43)) && HEDLEY_HAS_BUILTIN(__builtin_roundevenf)) || \
      |                                               ^
/Users/miu/Code/peach-cat/.cache/vcv-library-sources/SurgeXTRack/640153d4e70896a707bc3a7cbff1d375c44581b6/surge/libs/simde/simde/x86/../hedley.h:195:63: note: expanded from macro 'HEDLEY_EMSCRIPTEN_VERSION_CHECK'
  195 | #  define HEDLEY_EMSCRIPTEN_VERSION_CHECK(major,minor,patch) (HEDLEY_EMSCRIPTEN_VERSION >= HEDLEY_VERSION_ENCODE(major, minor, patch))
      |                                                               ^
/Users/miu/Code/peach-cat/.cache/vcv-library-sources/SurgeXTRack/640153d4e70896a707bc3a7cbff1d375c44581b6/surge/libs/simde/simde/x86/../hedley.h:188:59: note: expanded from macro 'HEDLEY_EMSCRIPTEN_VERSION'
  188 | #  define HEDLEY_EMSCRIPTEN_VERSION HEDLEY_VERSION_ENCODE(__EMSCRIPTEN_major__, __EMSCRIPTEN_minor__, __EMSCRIPTEN_tiny__)
      |                                                           ^
/opt/homebrew/Cellar/emscripten/6.0.3/libexec/cache/sysroot/include/emscripten/version.h:10:82: note: macro marked 'deprecated' here
   10 | #pragma clang deprecated(__EMSCRIPTEN_major__, "Use __EMSCRIPTEN_MAJOR__ instead")
      |                                                                                  ^
In file included from /Users/miu/Code/peach-cat/.cache/vcv-library-sources/SurgeXTRack/640153d4e70896a707bc3a7cbff1d375c44581b6/surge/src/common/dsp/modulators/FormulaModulationHelper.cpp:23:
In file included from /Users/miu/Code/peach-cat/.cache/vcv-library-sources/SurgeXTRack/640153d4e70896a707bc3a7cbff1d375c44581b6/surge/src/common/dsp/modulators/FormulaModulationHelper.h:26:
In file included from /Users/miu/Code/peach-cat/.cache/vcv-library-sources/SurgeXTRack/640153d4e70896a707bc3a7cbff1d375c44581b6/surge/src/common/SurgeStorage.h:25:
In file included from /Users/miu/Code/peach-cat/.cache/vcv-library-sources/SurgeXTRack/640153d4e70896a707bc3a7cbff1d375c44581b6/surge/src/common/globals.h:62:
In file included from /Users/miu/Code/peach-cat/.cache/vcv-library-sources/SurgeXTRack/640153d4e70896a707bc3a7cbff1d375c44581b6/surge/libs/simde/simde/x86/sse2.h:35:
In file included from /Users/miu/Code/peach-cat/.cache/vcv-library-sources/SurgeXTRack/640153d4e70896a707bc3a7cbff1d375c44581b6/surge/libs/simde/simde/x86/sse.h:33:
In file included from /Users/miu/Code/peach-cat/.cache/vcv-library-sources/SurgeXTRack/640153d4e70896a707bc3a7cbff1d375c44581b6/surge/libs/simde/simde/x86/mmx.h:30:
In file included from /Users/miu/Code/peach-cat/.cache/vcv-library-sources/SurgeXTRack/640153d4e70896a707bc3a7cbff1d375c44581b6/surge/libs/simde/simde/x86/../simde-common.h:47:
/Users/miu/Code/peach-cat/.cache/vcv-library-sources/SurgeXTRack/640153d4e70896a707bc3a7cbff1d375c44581b6/surge/libs/simde/simde/x86/../simde-math.h:1289:47: warning: macro '__EMSCRIPTEN_minor__' has been marked as deprecated: Use __EMSCRIPTEN_MINOR__ instead [-Wdeprecated-pragma]
 1289 |      ((!defined(HEDLEY_EMSCRIPTEN_VERSION) || HEDLEY_EMSCRIPTEN_VERSION_CHECK(3, 1, 43)) && HEDLEY_HAS_BUILTIN(__builtin_roundevenf)) || \
      |                                               ^
/Users/miu/Code/peach-cat/.cache/vcv-library-sources/SurgeXTRack/640153d4e70896a707bc3a7cbff1d375c44581b6/surge/libs/simde/simde/x86/../hedley.h:195:63: note: expanded from macro 'HEDLEY_EMSCRIPTEN_VERSION_CHECK'
  195 | #  define HEDLEY_EMSCRIPTEN_VERSION_CHECK(major,minor,patch) (HEDLEY_EMSCRIPTEN_VERSION >= HEDLEY_VERSION_ENCODE(major, minor, patch))
      |                                                               ^
/Users/miu/Code/peach-cat/.cache/vcv-library-sources/SurgeXTRack/640153d4e70896a707bc3a7cbff1d375c44581b6/surge/libs/simde/simde/x86/../hedley.h:188:81: note: expanded from macro 'HEDLEY_EMSCRIPTEN_VERSION'
  188 | #  define HEDLEY_EMSCRIPTEN_VERSION HEDLEY_VERSION_ENCODE(__EMSCRIPTEN_major__, __EMSCRIPTEN_minor__, __EMSCRIPTEN_tiny__)
      |                                                                                 ^
/opt/homebrew/Cellar/emscripten/6.0.3/libexec/cache/sysroot/include/emscripten/version.h:11:82: note: macro marked 'deprecated' here
   11 | #pragma clang deprecated(__EMSCRIPTEN_minor__, "Use __EMSCRIPTEN_MINOR__ instead")
      |                                                                                  ^
In file included from /Users/miu/Code/peach-cat/.cache/vcv-library-sources/SurgeXTRack/640153d4e70896a707bc3a7cbff1d375c44581b6/surge/src/common/dsp/modulators/FormulaModulationHelper.cpp:23:
In file included from /Users/miu/Code/peach-cat/.cache/vcv-library-sources/SurgeXTRack/640153d4e70896a707bc3a7cbff1d375c44581b6/surge/src/common/dsp/modulators/FormulaModulationHelper.h:26:
In file included from /Users/miu/Code/peach-cat/.cache/vcv-library-sources/SurgeXTRack/640153d4e70896a707bc3a7cbff1d375c44581b6/surge/src/common/SurgeStorage.h:25:
In file included from /Users/miu/Code/peach-cat/.cache/vcv-library-sources/SurgeXTRack/640153d4e70896a707bc3a7cbff1d375c44581b6/surge/src/common/globals.h:62:
In file included from /Users/miu/Code/peach-cat/.cache/vcv-library-sources/SurgeXTRack/640153d4e70896a707bc3a7cbff1d375c44581b6/surge/libs/simde/simde/x86/sse2.h:35:
In file included from /Users/miu/Code/peach-cat/.cache/vcv-library-sources/SurgeXTRack/640153d4e70896a707bc3a7cbff1d375c44581b6/surge/libs/simde/simde/x86/sse.h:33:
In file included from /Users/miu/Code/peach-cat/.cache/vcv-library-sources/SurgeXTRack/640153d4e70896a707bc3a7cbff1d375c44581b6/surge/libs/simde/simde/x86/mmx.h:30:
In file included from /Users/miu/Code/peach-cat/.cache/vcv-library-sources/SurgeXTRack/640153d4e70896a707bc3a7cbff1d375c44581b6/surge/libs/simde/simde/x86/../simde-common.h:47:
/Users/miu/Code/peach-cat/.cache/vcv-library-sources/SurgeXTRack/640153d4e70896a707bc3a7cbff1d375c44581b6/surge/libs/simde/simde/x86/../simde-math.h:1289:47: warning: macro '__EMSCRIPTEN_tiny__' has been marked as deprecated: Use __EMSCRIPTEN_TINY__ instead [-Wdeprecated-pragma]
 1289 |      ((!defined(HEDLEY_EMSCRIPTEN_VERSION) || HEDLEY_EMSCRIPTEN_VERSION_CHECK(3, 1, 43)) && HEDLEY_HAS_BUILTIN(__builtin_roundevenf)) || \
      |                                               ^
/Users/miu/Code/peach-cat/.cache/vcv-library-sources/SurgeXTRack/640153d4e70896a707bc3a7cbff1d375c44581b6/surge/libs/simde/simde/x86/../hedley.h:195:63: note: expanded from macro 'HEDLEY_EMSCRIPTEN_VERSION_CHECK'
  195 | #  define HEDLEY_EMSCRIPTEN_VERSION_CHECK(major,minor,patch) (HEDLEY_EMSCRIPTEN_VERSION >= HEDLEY_VERSION_ENCODE(major, minor, patch))
      |                                                               ^
/Users/miu/Code/peach-cat/.cache/vcv-library-sources/SurgeXTRack/640153d4e70896a707bc3a7cbff1d375c44581b6/surge/libs/simde/simde/x86/../hedley.h:188:103: note: expanded from macro 'HEDLEY_EMSCRIPTEN_VERSION'
  188 | #  define HEDLEY_EMSCRIPTEN_VERSION HEDLEY_VERSION_ENCODE(__EMSCRIPTEN_major__, __EMSCRIPTEN_minor__, __EMSCRIPTEN_tiny__)
      |                                                                                                       ^
/opt/homebrew/Cellar/emscripten/6.0.3/libexec/cache/sysroot/include/emscripten/version.h:12:80: note: macro marked 'deprecated' here
   12 | #pragma clang deprecated(__EMSCRIPTEN_tiny__, "Use __EMSCRIPTEN_TINY__ instead")
      |                                                                                ^
6 warnings generated.
In file included from /Users/miu/Code/peach-cat/.cache/vcv-library-sources/SurgeXTRack/640153d4e70896a707bc3a7cbff1d375c44581b6/surge/libs/fmt/src/format.cc:8:
In file included from /Users/miu/Code/peach-cat/.cache/vcv-library-sources/SurgeXTRack/640153d4e70896a707bc3a7cbff1d375c44581b6/surge/libs/fmt/include/fmt/format-inl.h:29:
/Users/miu/Code/peach-cat/.cache/vcv-library-sources/SurgeXTRack/640153d4e70896a707bc3a7cbff1d375c44581b6/surge/libs/fmt/include/fmt/format.h:4168:27: warning: identifier '_a' preceded by whitespace in a literal operator declaration is deprecated [-Wdeprecated-literal-operator]
 4168 | constexpr auto operator"" _a(const char* s, size_t) -> detail::udl_arg<char> {
      |                ~~~~~~~~~~~^~
      |                operator""_a
1 warning generated.
In file included from /Users/miu/Code/peach-cat/.tmp/surge-reverb-compiled/surge_oscillator_factory.cpp:2:
In file included from /Users/miu/Code/peach-cat/.cache/vcv-library-sources/SurgeXTRack/640153d4e70896a707bc3a7cbff1d375c44581b6/surge/src/common/dsp/Oscillator.h:25:
In file included from /Users/miu/Code/peach-cat/.cache/vcv-library-sources/SurgeXTRack/640153d4e70896a707bc3a7cbff1d375c44581b6/surge/src/common/SurgeStorage.h:25:
In file included from /Users/miu/Code/peach-cat/.cache/vcv-library-sources/SurgeXTRack/640153d4e70896a707bc3a7cbff1d375c44581b6/surge/src/common/globals.h:62:
In file included from /Users/miu/Code/peach-cat/.cache/vcv-library-sources/SurgeXTRack/640153d4e70896a707bc3a7cbff1d375c44581b6/surge/libs/simde/simde/x86/sse2.h:35:
In file included from /Users/miu/Code/peach-cat/.cache/vcv-library-sources/SurgeXTRack/640153d4e70896a707bc3a7cbff1d375c44581b6/surge/libs/simde/simde/x86/sse.h:33:
In file included from /Users/miu/Code/peach-cat/.cache/vcv-library-sources/SurgeXTRack/640153d4e70896a707bc3a7cbff1d375c44581b6/surge/libs/simde/simde/x86/mmx.h:30:
In file included from /Users/miu/Code/peach-cat/.cache/vcv-library-sources/SurgeXTRack/640153d4e70896a707bc3a7cbff1d375c44581b6/surge/libs/simde/simde/x86/../simde-common.h:47:
/Users/miu/Code/peach-cat/.cache/vcv-library-sources/SurgeXTRack/640153d4e70896a707bc3a7cbff1d375c44581b6/surge/libs/simde/simde/x86/../simde-math.h:1269:47: warning: macro '__EMSCRIPTEN_major__' has been marked as deprecated: Use __EMSCRIPTEN_MAJOR__ instead [-Wdeprecated-pragma]
 1269 |      ((!defined(HEDLEY_EMSCRIPTEN_VERSION) || HEDLEY_EMSCRIPTEN_VERSION_CHECK(3, 1, 43)) && HEDLEY_HAS_BUILTIN(__builtin_roundeven)) || \
      |                                               ^
/Users/miu/Code/peach-cat/.cache/vcv-library-sources/SurgeXTRack/640153d4e70896a707bc3a7cbff1d375c44581b6/surge/libs/simde/simde/x86/../hedley.h:195:63: note: expanded from macro 'HEDLEY_EMSCRIPTEN_VERSION_CHECK'
  195 | #  define HEDLEY_EMSCRIPTEN_VERSION_CHECK(major,minor,patch) (HEDLEY_EMSCRIPTEN_VERSION >= HEDLEY_VERSION_ENCODE(major, minor, patch))
      |                                                               ^
/Users/miu/Code/peach-cat/.cache/vcv-library-sources/SurgeXTRack/640153d4e70896a707bc3a7cbff1d375c44581b6/surge/libs/simde/simde/x86/../hedley.h:188:59: note: expanded from macro 'HEDLEY_EMSCRIPTEN_VERSION'
  188 | #  define HEDLEY_EMSCRIPTEN_VERSION HEDLEY_VERSION_ENCODE(__EMSCRIPTEN_major__, __EMSCRIPTEN_minor__, __EMSCRIPTEN_tiny__)
      |                                                           ^
/opt/homebrew/Cellar/emscripten/6.0.3/libexec/cache/sysroot/include/emscripten/version.h:10:82: note: macro marked 'deprecated' here
   10 | #pragma clang deprecated(__EMSCRIPTEN_major__, "Use __EMSCRIPTEN_MAJOR__ instead")
      |                                                                                  ^
In file included from /Users/miu/Code/peach-cat/.tmp/surge-reverb-compiled/surge_oscillator_factory.cpp:2:
In file included from /Users/miu/Code/peach-cat/.cache/vcv-library-sources/SurgeXTRack/640153d4e70896a707bc3a7cbff1d375c44581b6/surge/src/common/dsp/Oscillator.h:25:
In file included from /Users/miu/Code/peach-cat/.cache/vcv-library-sources/SurgeXTRack/640153d4e70896a707bc3a7cbff1d375c44581b6/surge/src/common/SurgeStorage.h:25:
In file included from /Users/miu/Code/peach-cat/.cache/vcv-library-sources/SurgeXTRack/640153d4e70896a707bc3a7cbff1d375c44581b6/surge/src/common/globals.h:62:
In file included from /Users/miu/Code/peach-cat/.cache/vcv-library-sources/SurgeXTRack/640153d4e70896a707bc3a7cbff1d375c44581b6/surge/libs/simde/simde/x86/sse2.h:35:
In file included from /Users/miu/Code/peach-cat/.cache/vcv-library-sources/SurgeXTRack/640153d4e70896a707bc3a7cbff1d375c44581b6/surge/libs/simde/simde/x86/sse.h:33:
In file included from /Users/miu/Code/peach-cat/.cache/vcv-library-sources/SurgeXTRack/640153d4e70896a707bc3a7cbff1d375c44581b6/surge/libs/simde/simde/x86/mmx.h:30:
In file included from /Users/miu/Code/peach-cat/.cache/vcv-library-sources/SurgeXTRack/640153d4e70896a707bc3a7cbff1d375c44581b6/surge/libs/simde/simde/x86/../simde-common.h:47:
/Users/miu/Code/peach-cat/.cache/vcv-library-sources/SurgeXTRack/640153d4e70896a707bc3a7cbff1d375c44581b6/surge/libs/simde/simde/x86/../simde-math.h:1269:47: warning: macro '__EMSCRIPTEN_minor__' has been marked as deprecated: Use __EMSCRIPTEN_MINOR__ instead [-Wdeprecated-pragma]
 1269 |      ((!defined(HEDLEY_EMSCRIPTEN_VERSION) || HEDLEY_EMSCRIPTEN_VERSION_CHECK(3, 1, 43)) && HEDLEY_HAS_BUILTIN(__builtin_roundeven)) || \
      |                                               ^
/Users/miu/Code/peach-cat/.cache/vcv-library-sources/SurgeXTRack/640153d4e70896a707bc3a7cbff1d375c44581b6/surge/libs/simde/simde/x86/../hedley.h:195:63: note: expanded from macro 'HEDLEY_EMSCRIPTEN_VERSION_CHECK'
  195 | #  define HEDLEY_EMSCRIPTEN_VERSION_CHECK(major,minor,patch) (HEDLEY_EMSCRIPTEN_VERSION >= HEDLEY_VERSION_ENCODE(major, minor, patch))
      |                                                               ^
/Users/miu/Code/peach-cat/.cache/vcv-library-sources/SurgeXTRack/640153d4e70896a707bc3a7cbff1d375c44581b6/surge/libs/simde/simde/x86/../hedley.h:188:81: note: expanded from macro 'HEDLEY_EMSCRIPTEN_VERSION'
  188 | #  define HEDLEY_EMSCRIPTEN_VERSION HEDLEY_VERSION_ENCODE(__EMSCRIPTEN_major__, __EMSCRIPTEN_minor__, __EMSCRIPTEN_tiny__)
      |                                                                                 ^
/opt/homebrew/Cellar/emscripten/6.0.3/libexec/cache/sysroot/include/emscripten/version.h:11:82: note: macro marked 'deprecated' here
   11 | #pragma clang deprecated(__EMSCRIPTEN_minor__, "Use __EMSCRIPTEN_MINOR__ instead")
      |                                                                                  ^
In file included from /Users/miu/Code/peach-cat/.tmp/surge-reverb-compiled/surge_oscillator_factory.cpp:2:
In file included from /Users/miu/Code/peach-cat/.cache/vcv-library-sources/SurgeXTRack/640153d4e70896a707bc3a7cbff1d375c44581b6/surge/src/common/dsp/Oscillator.h:25:
In file included from /Users/miu/Code/peach-cat/.cache/vcv-library-sources/SurgeXTRack/640153d4e70896a707bc3a7cbff1d375c44581b6/surge/src/common/SurgeStorage.h:25:
In file included from /Users/miu/Code/peach-cat/.cache/vcv-library-sources/SurgeXTRack/640153d4e70896a707bc3a7cbff1d375c44581b6/surge/src/common/globals.h:62:
In file included from /Users/miu/Code/peach-cat/.cache/vcv-library-sources/SurgeXTRack/640153d4e70896a707bc3a7cbff1d375c44581b6/surge/libs/simde/simde/x86/sse2.h:35:
In file included from /Users/miu/Code/peach-cat/.cache/vcv-library-sources/SurgeXTRack/640153d4e70896a707bc3a7cbff1d375c44581b6/surge/libs/simde/simde/x86/sse.h:33:
In file included from /Users/miu/Code/peach-cat/.cache/vcv-library-sources/SurgeXTRack/640153d4e70896a707bc3a7cbff1d375c44581b6/surge/libs/simde/simde/x86/mmx.h:30:
In file included from /Users/miu/Code/peach-cat/.cache/vcv-library-sources/SurgeXTRack/640153d4e70896a707bc3a7cbff1d375c44581b6/surge/libs/simde/simde/x86/../simde-common.h:47:
/Users/miu/Code/peach-cat/.cache/vcv-library-sources/SurgeXTRack/640153d4e70896a707bc3a7cbff1d375c44581b6/surge/libs/simde/simde/x86/../simde-math.h:1269:47: warning: macro '__EMSCRIPTEN_tiny__' has been marked as deprecated: Use __EMSCRIPTEN_TINY__ instead [-Wdeprecated-pragma]
 1269 |      ((!defined(HEDLEY_EMSCRIPTEN_VERSION) || HEDLEY_EMSCRIPTEN_VERSION_CHECK(3, 1, 43)) && HEDLEY_HAS_BUILTIN(__builtin_roundeven)) || \
      |                                               ^
/Users/miu/Code/peach-cat/.cache/vcv-library-sources/SurgeXTRack/640153d4e70896a707bc3a7cbff1d375c44581b6/surge/libs/simde/simde/x86/../hedley.h:195:63: note: expanded from macro 'HEDLEY_EMSCRIPTEN_VERSION_CHECK'
  195 | #  define HEDLEY_EMSCRIPTEN_VERSION_CHECK(major,minor,patch) (HEDLEY_EMSCRIPTEN_VERSION >= HEDLEY_VERSION_ENCODE(major, minor, patch))
      |                                                               ^
/Users/miu/Code/peach-cat/.cache/vcv-library-sources/SurgeXTRack/640153d4e70896a707bc3a7cbff1d375c44581b6/surge/libs/simde/simde/x86/../hedley.h:188:103: note: expanded from macro 'HEDLEY_EMSCRIPTEN_VERSION'
  188 | #  define HEDLEY_EMSCRIPTEN_VERSION HEDLEY_VERSION_ENCODE(__EMSCRIPTEN_major__, __EMSCRIPTEN_minor__, __EMSCRIPTEN_tiny__)
      |                                                                                                       ^
/opt/homebrew/Cellar/emscripten/6.0.3/libexec/cache/sysroot/include/emscripten/version.h:12:80: note: macro marked 'deprecated' here
   12 | #pragma clang deprecated(__EMSCRIPTEN_tiny__, "Use __EMSCRIPTEN_TINY__ instead")
      |                                                                                ^
In file included from /Users/miu/Code/peach-cat/.tmp/surge-reverb-compiled/surge_oscillator_factory.cpp:2:
In file included from /Users/miu/Code/peach-cat/.cache/vcv-library-sources/SurgeXTRack/640153d4e70896a707bc3a7cbff1d375c44581b6/surge/src/common/dsp/Oscillator.h:25:
In file included from /Users/miu/Code/peach-cat/.cache/vcv-library-sources/SurgeXTRack/640153d4e70896a707bc3a7cbff1d375c44581b6/surge/src/common/SurgeStorage.h:25:
In file included from /Users/miu/Code/peach-cat/.cache/vcv-library-sources/SurgeXTRack/640153d4e70896a707bc3a7cbff1d375c44581b6/surge/src/common/globals.h:62:
In file included from /Users/miu/Code/peach-cat/.cache/vcv-library-sources/SurgeXTRack/640153d4e70896a707bc3a7cbff1d375c44581b6/surge/libs/simde/simde/x86/sse2.h:35:
In file included from /Users/miu/Code/peach-cat/.cache/vcv-library-sources/SurgeXTRack/640153d4e70896a707bc3a7cbff1d375c44581b6/surge/libs/simde/simde/x86/sse.h:33:
In file included from /Users/miu/Code/peach-cat/.cache/vcv-library-sources/SurgeXTRack/640153d4e70896a707bc3a7cbff1d375c44581b6/surge/libs/simde/simde/x86/mmx.h:30:
In file included from /Users/miu/Code/peach-cat/.cache/vcv-library-sources/SurgeXTRack/640153d4e70896a707bc3a7cbff1d375c44581b6/surge/libs/simde/simde/x86/../simde-common.h:47:
/Users/miu/Code/peach-cat/.cache/vcv-library-sources/SurgeXTRack/640153d4e70896a707bc3a7cbff1d375c44581b6/surge/libs/simde/simde/x86/../simde-math.h:1289:47: warning: macro '__EMSCRIPTEN_major__' has been marked as deprecated: Use __EMSCRIPTEN_MAJOR__ instead [-Wdeprecated-pragma]
 1289 |      ((!defined(HEDLEY_EMSCRIPTEN_VERSION) || HEDLEY_EMSCRIPTEN_VERSION_CHECK(3, 1, 43)) && HEDLEY_HAS_BUILTIN(__builtin_roundevenf)) || \
      |                                               ^
/Users/miu/Code/peach-cat/.cache/vcv-library-sources/SurgeXTRack/640153d4e70896a707bc3a7cbff1d375c44581b6/surge/libs/simde/simde/x86/../hedley.h:195:63: note: expanded from macro 'HEDLEY_EMSCRIPTEN_VERSION_CHECK'
  195 | #  define HEDLEY_EMSCRIPTEN_VERSION_CHECK(major,minor,patch) (HEDLEY_EMSCRIPTEN_VERSION >= HEDLEY_VERSION_ENCODE(major, minor, patch))
      |                                                               ^
/Users/miu/Code/peach-cat/.cache/vcv-library-sources/SurgeXTRack/640153d4e70896a707bc3a7cbff1d375c44581b6/surge/libs/simde/simde/x86/../hedley.h:188:59: note: expanded from macro 'HEDLEY_EMSCRIPTEN_VERSION'
  188 | #  define HEDLEY_EMSCRIPTEN_VERSION HEDLEY_VERSION_ENCODE(__EMSCRIPTEN_major__, __EMSCRIPTEN_minor__, __EMSCRIPTEN_tiny__)
      |                                                           ^
/opt/homebrew/Cellar/emscripten/6.0.3/libexec/cache/sysroot/include/emscripten/version.h:10:82: note: macro marked 'deprecated' here
   10 | #pragma clang deprecated(__EMSCRIPTEN_major__, "Use __EMSCRIPTEN_MAJOR__ instead")
      |                                                                                  ^
In file included from /Users/miu/Code/peach-cat/.tmp/surge-reverb-compiled/surge_oscillator_factory.cpp:2:
In file included from /Users/miu/Code/peach-cat/.cache/vcv-library-sources/SurgeXTRack/640153d4e70896a707bc3a7cbff1d375c44581b6/surge/src/common/dsp/Oscillator.h:25:
In file included from /Users/miu/Code/peach-cat/.cache/vcv-library-sources/SurgeXTRack/640153d4e70896a707bc3a7cbff1d375c44581b6/surge/src/common/SurgeStorage.h:25:
In file included from /Users/miu/Code/peach-cat/.cache/vcv-library-sources/SurgeXTRack/640153d4e70896a707bc3a7cbff1d375c44581b6/surge/src/common/globals.h:62:
In file included from /Users/miu/Code/peach-cat/.cache/vcv-library-sources/SurgeXTRack/640153d4e70896a707bc3a7cbff1d375c44581b6/surge/libs/simde/simde/x86/sse2.h:35:
In file included from /Users/miu/Code/peach-cat/.cache/vcv-library-sources/SurgeXTRack/640153d4e70896a707bc3a7cbff1d375c44581b6/surge/libs/simde/simde/x86/sse.h:33:
In file included from /Users/miu/Code/peach-cat/.cache/vcv-library-sources/SurgeXTRack/640153d4e70896a707bc3a7cbff1d375c44581b6/surge/libs/simde/simde/x86/mmx.h:30:
In file included from /Users/miu/Code/peach-cat/.cache/vcv-library-sources/SurgeXTRack/640153d4e70896a707bc3a7cbff1d375c44581b6/surge/libs/simde/simde/x86/../simde-common.h:47:
/Users/miu/Code/peach-cat/.cache/vcv-library-sources/SurgeXTRack/640153d4e70896a707bc3a7cbff1d375c44581b6/surge/libs/simde/simde/x86/../simde-math.h:1289:47: warning: macro '__EMSCRIPTEN_minor__' has been marked as deprecated: Use __EMSCRIPTEN_MINOR__ instead [-Wdeprecated-pragma]
 1289 |      ((!defined(HEDLEY_EMSCRIPTEN_VERSION) || HEDLEY_EMSCRIPTEN_VERSION_CHECK(3, 1, 43)) && HEDLEY_HAS_BUILTIN(__builtin_roundevenf)) || \
      |                                               ^
/Users/miu/Code/peach-cat/.cache/vcv-library-sources/SurgeXTRack/640153d4e70896a707bc3a7cbff1d375c44581b6/surge/libs/simde/simde/x86/../hedley.h:195:63: note: expanded from macro 'HEDLEY_EMSCRIPTEN_VERSION_CHECK'
  195 | #  define HEDLEY_EMSCRIPTEN_VERSION_CHECK(major,minor,patch) (HEDLEY_EMSCRIPTEN_VERSION >= HEDLEY_VERSION_ENCODE(major, minor, patch))
      |                                                               ^
/Users/miu/Code/peach-cat/.cache/vcv-library-sources/SurgeXTRack/640153d4e70896a707bc3a7cbff1d375c44581b6/surge/libs/simde/simde/x86/../hedley.h:188:81: note: expanded from macro 'HEDLEY_EMSCRIPTEN_VERSION'
  188 | #  define HEDLEY_EMSCRIPTEN_VERSION HEDLEY_VERSION_ENCODE(__EMSCRIPTEN_major__, __EMSCRIPTEN_minor__, __EMSCRIPTEN_tiny__)
      |                                                                                 ^
/opt/homebrew/Cellar/emscripten/6.0.3/libexec/cache/sysroot/include/emscripten/version.h:11:82: note: macro marked 'deprecated' here
   11 | #pragma clang deprecated(__EMSCRIPTEN_minor__, "Use __EMSCRIPTEN_MINOR__ instead")
      |                                                                                  ^
In file included from /Users/miu/Code/peach-cat/.tmp/surge-reverb-compiled/surge_oscillator_factory.cpp:2:
In file included from /Users/miu/Code/peach-cat/.cache/vcv-library-sources/SurgeXTRack/640153d4e70896a707bc3a7cbff1d375c44581b6/surge/src/common/dsp/Oscillator.h:25:
In file included from /Users/miu/Code/peach-cat/.cache/vcv-library-sources/SurgeXTRack/640153d4e70896a707bc3a7cbff1d375c44581b6/surge/src/common/SurgeStorage.h:25:
In file included from /Users/miu/Code/peach-cat/.cache/vcv-library-sources/SurgeXTRack/640153d4e70896a707bc3a7cbff1d375c44581b6/surge/src/common/globals.h:62:
In file included from /Users/miu/Code/peach-cat/.cache/vcv-library-sources/SurgeXTRack/640153d4e70896a707bc3a7cbff1d375c44581b6/surge/libs/simde/simde/x86/sse2.h:35:
In file included from /Users/miu/Code/peach-cat/.cache/vcv-library-sources/SurgeXTRack/640153d4e70896a707bc3a7cbff1d375c44581b6/surge/libs/simde/simde/x86/sse.h:33:
In file included from /Users/miu/Code/peach-cat/.cache/vcv-library-sources/SurgeXTRack/640153d4e70896a707bc3a7cbff1d375c44581b6/surge/libs/simde/simde/x86/mmx.h:30:
In file included from /Users/miu/Code/peach-cat/.cache/vcv-library-sources/SurgeXTRack/640153d4e70896a707bc3a7cbff1d375c44581b6/surge/libs/simde/simde/x86/../simde-common.h:47:
/Users/miu/Code/peach-cat/.cache/vcv-library-sources/SurgeXTRack/640153d4e70896a707bc3a7cbff1d375c44581b6/surge/libs/simde/simde/x86/../simde-math.h:1289:47: warning: macro '__EMSCRIPTEN_tiny__' has been marked as deprecated: Use __EMSCRIPTEN_TINY__ instead [-Wdeprecated-pragma]
 1289 |      ((!defined(HEDLEY_EMSCRIPTEN_VERSION) || HEDLEY_EMSCRIPTEN_VERSION_CHECK(3, 1, 43)) && HEDLEY_HAS_BUILTIN(__builtin_roundevenf)) || \
      |                                               ^
/Users/miu/Code/peach-cat/.cache/vcv-library-sources/SurgeXTRack/640153d4e70896a707bc3a7cbff1d375c44581b6/surge/libs/simde/simde/x86/../hedley.h:195:63: note: expanded from macro 'HEDLEY_EMSCRIPTEN_VERSION_CHECK'
  195 | #  define HEDLEY_EMSCRIPTEN_VERSION_CHECK(major,minor,patch) (HEDLEY_EMSCRIPTEN_VERSION >= HEDLEY_VERSION_ENCODE(major, minor, patch))
      |                                                               ^
/Users/miu/Code/peach-cat/.cache/vcv-library-sources/SurgeXTRack/640153d4e70896a707bc3a7cbff1d375c44581b6/surge/libs/simde/simde/x86/../hedley.h:188:103: note: expanded from macro 'HEDLEY_EMSCRIPTEN_VERSION'
  188 | #  define HEDLEY_EMSCRIPTEN_VERSION HEDLEY_VERSION_ENCODE(__EMSCRIPTEN_major__, __EMSCRIPTEN_minor__, __EMSCRIPTEN_tiny__)
      |                                                                                                       ^
/opt/homebrew/Cellar/emscripten/6.0.3/libexec/cache/sysroot/include/emscripten/version.h:12:80: note: macro marked 'deprecated' here
   12 | #pragma clang deprecated(__EMSCRIPTEN_tiny__, "Use __EMSCRIPTEN_TINY__ instead")
      |                                                                                ^
6 warnings generated.
In file included from /Users/miu/Code/peach-cat/.tmp/surge-reverb-compiled/surge_effect_factory.cpp:2:
In file included from /Users/miu/Code/peach-cat/.cache/vcv-library-sources/SurgeXTRack/640153d4e70896a707bc3a7cbff1d375c44581b6/surge/src/common/dsp/Effect.h:26:
In file included from /Users/miu/Code/peach-cat/.cache/vcv-library-sources/SurgeXTRack/640153d4e70896a707bc3a7cbff1d375c44581b6/surge/src/common/dsp/utilities/DSPUtils.h:29:
In file included from /Users/miu/Code/peach-cat/.cache/vcv-library-sources/SurgeXTRack/640153d4e70896a707bc3a7cbff1d375c44581b6/surge/src/common/globals.h:62:
In file included from /Users/miu/Code/peach-cat/.cache/vcv-library-sources/SurgeXTRack/640153d4e70896a707bc3a7cbff1d375c44581b6/surge/libs/simde/simde/x86/sse2.h:35:
In file included from /Users/miu/Code/peach-cat/.cache/vcv-library-sources/SurgeXTRack/640153d4e70896a707bc3a7cbff1d375c44581b6/surge/libs/simde/simde/x86/sse.h:33:
In file included from /Users/miu/Code/peach-cat/.cache/vcv-library-sources/SurgeXTRack/640153d4e70896a707bc3a7cbff1d375c44581b6/surge/libs/simde/simde/x86/mmx.h:30:
In file included from /Users/miu/Code/peach-cat/.cache/vcv-library-sources/SurgeXTRack/640153d4e70896a707bc3a7cbff1d375c44581b6/surge/libs/simde/simde/x86/../simde-common.h:47:
/Users/miu/Code/peach-cat/.cache/vcv-library-sources/SurgeXTRack/640153d4e70896a707bc3a7cbff1d375c44581b6/surge/libs/simde/simde/x86/../simde-math.h:1269:47: warning: macro '__EMSCRIPTEN_major__' has been marked as deprecated: Use __EMSCRIPTEN_MAJOR__ instead [-Wdeprecated-pragma]
 1269 |      ((!defined(HEDLEY_EMSCRIPTEN_VERSION) || HEDLEY_EMSCRIPTEN_VERSION_CHECK(3, 1, 43)) && HEDLEY_HAS_BUILTIN(__builtin_roundeven)) || \
      |                                               ^
/Users/miu/Code/peach-cat/.cache/vcv-library-sources/SurgeXTRack/640153d4e70896a707bc3a7cbff1d375c44581b6/surge/libs/simde/simde/x86/../hedley.h:195:63: note: expanded from macro 'HEDLEY_EMSCRIPTEN_VERSION_CHECK'
  195 | #  define HEDLEY_EMSCRIPTEN_VERSION_CHECK(major,minor,patch) (HEDLEY_EMSCRIPTEN_VERSION >= HEDLEY_VERSION_ENCODE(major, minor, patch))
      |                                                               ^
/Users/miu/Code/peach-cat/.cache/vcv-library-sources/SurgeXTRack/640153d4e70896a707bc3a7cbff1d375c44581b6/surge/libs/simde/simde/x86/../hedley.h:188:59: note: expanded from macro 'HEDLEY_EMSCRIPTEN_VERSION'
  188 | #  define HEDLEY_EMSCRIPTEN_VERSION HEDLEY_VERSION_ENCODE(__EMSCRIPTEN_major__, __EMSCRIPTEN_minor__, __EMSCRIPTEN_tiny__)
      |                                                           ^
/opt/homebrew/Cellar/emscripten/6.0.3/libexec/cache/sysroot/include/emscripten/version.h:10:82: note: macro marked 'deprecated' here
   10 | #pragma clang deprecated(__EMSCRIPTEN_major__, "Use __EMSCRIPTEN_MAJOR__ instead")
      |                                                                                  ^
In file included from /Users/miu/Code/peach-cat/.tmp/surge-reverb-compiled/surge_effect_factory.cpp:2:
In file included from /Users/miu/Code/peach-cat/.cache/vcv-library-sources/SurgeXTRack/640153d4e70896a707bc3a7cbff1d375c44581b6/surge/src/common/dsp/Effect.h:26:
In file included from /Users/miu/Code/peach-cat/.cache/vcv-library-sources/SurgeXTRack/640153d4e70896a707bc3a7cbff1d375c44581b6/surge/src/common/dsp/utilities/DSPUtils.h:29:
In file included from /Users/miu/Code/peach-cat/.cache/vcv-library-sources/SurgeXTRack/640153d4e70896a707bc3a7cbff1d375c44581b6/surge/src/common/globals.h:62:
In file included from /Users/miu/Code/peach-cat/.cache/vcv-library-sources/SurgeXTRack/640153d4e70896a707bc3a7cbff1d375c44581b6/surge/libs/simde/simde/x86/sse2.h:35:
In file included from /Users/miu/Code/peach-cat/.cache/vcv-library-sources/SurgeXTRack/640153d4e70896a707bc3a7cbff1d375c44581b6/surge/libs/simde/simde/x86/sse.h:33:
In file included from /Users/miu/Code/peach-cat/.cache/vcv-library-sources/SurgeXTRack/640153d4e70896a707bc3a7cbff1d375c44581b6/surge/libs/simde/simde/x86/mmx.h:30:
In file included from /Users/miu/Code/peach-cat/.cache/vcv-library-sources/SurgeXTRack/640153d4e70896a707bc3a7cbff1d375c44581b6/surge/libs/simde/simde/x86/../simde-common.h:47:
/Users/miu/Code/peach-cat/.cache/vcv-library-sources/SurgeXTRack/640153d4e70896a707bc3a7cbff1d375c44581b6/surge/libs/simde/simde/x86/../simde-math.h:1269:47: warning: macro '__EMSCRIPTEN_minor__' has been marked as deprecated: Use __EMSCRIPTEN_MINOR__ instead [-Wdeprecated-pragma]
 1269 |      ((!defined(HEDLEY_EMSCRIPTEN_VERSION) || HEDLEY_EMSCRIPTEN_VERSION_CHECK(3, 1, 43)) && HEDLEY_HAS_BUILTIN(__builtin_roundeven)) || \
      |                                               ^
/Users/miu/Code/peach-cat/.cache/vcv-library-sources/SurgeXTRack/640153d4e70896a707bc3a7cbff1d375c44581b6/surge/libs/simde/simde/x86/../hedley.h:195:63: note: expanded from macro 'HEDLEY_EMSCRIPTEN_VERSION_CHECK'
  195 | #  define HEDLEY_EMSCRIPTEN_VERSION_CHECK(major,minor,patch) (HEDLEY_EMSCRIPTEN_VERSION >= HEDLEY_VERSION_ENCODE(major, minor, patch))
      |                                                               ^
/Users/miu/Code/peach-cat/.cache/vcv-library-sources/SurgeXTRack/640153d4e70896a707bc3a7cbff1d375c44581b6/surge/libs/simde/simde/x86/../hedley.h:188:81: note: expanded from macro 'HEDLEY_EMSCRIPTEN_VERSION'
  188 | #  define HEDLEY_EMSCRIPTEN_VERSION HEDLEY_VERSION_ENCODE(__EMSCRIPTEN_major__, __EMSCRIPTEN_minor__, __EMSCRIPTEN_tiny__)
      |                                                                                 ^
/opt/homebrew/Cellar/emscripten/6.0.3/libexec/cache/sysroot/include/emscripten/version.h:11:82: note: macro marked 'deprecated' here
   11 | #pragma clang deprecated(__EMSCRIPTEN_minor__, "Use __EMSCRIPTEN_MINOR__ instead")
      |                                                                                  ^
In file included from /Users/miu/Code/peach-cat/.tmp/surge-reverb-compiled/surge_effect_factory.cpp:2:
In file included from /Users/miu/Code/peach-cat/.cache/vcv-library-sources/SurgeXTRack/640153d4e70896a707bc3a7cbff1d375c44581b6/surge/src/common/dsp/Effect.h:26:
In file included from /Users/miu/Code/peach-cat/.cache/vcv-library-sources/SurgeXTRack/640153d4e70896a707bc3a7cbff1d375c44581b6/surge/src/common/dsp/utilities/DSPUtils.h:29:
In file included from /Users/miu/Code/peach-cat/.cache/vcv-library-sources/SurgeXTRack/640153d4e70896a707bc3a7cbff1d375c44581b6/surge/src/common/globals.h:62:
In file included from /Users/miu/Code/peach-cat/.cache/vcv-library-sources/SurgeXTRack/640153d4e70896a707bc3a7cbff1d375c44581b6/surge/libs/simde/simde/x86/sse2.h:35:
In file included from /Users/miu/Code/peach-cat/.cache/vcv-library-sources/SurgeXTRack/640153d4e70896a707bc3a7cbff1d375c44581b6/surge/libs/simde/simde/x86/sse.h:33:
In file included from /Users/miu/Code/peach-cat/.cache/vcv-library-sources/SurgeXTRack/640153d4e70896a707bc3a7cbff1d375c44581b6/surge/libs/simde/simde/x86/mmx.h:30:
In file included from /Users/miu/Code/peach-cat/.cache/vcv-library-sources/SurgeXTRack/640153d4e70896a707bc3a7cbff1d375c44581b6/surge/libs/simde/simde/x86/../simde-common.h:47:
/Users/miu/Code/peach-cat/.cache/vcv-library-sources/SurgeXTRack/640153d4e70896a707bc3a7cbff1d375c44581b6/surge/libs/simde/simde/x86/../simde-math.h:1269:47: warning: macro '__EMSCRIPTEN_tiny__' has been marked as deprecated: Use __EMSCRIPTEN_TINY__ instead [-Wdeprecated-pragma]
 1269 |      ((!defined(HEDLEY_EMSCRIPTEN_VERSION) || HEDLEY_EMSCRIPTEN_VERSION_CHECK(3, 1, 43)) && HEDLEY_HAS_BUILTIN(__builtin_roundeven)) || \
      |                                               ^
/Users/miu/Code/peach-cat/.cache/vcv-library-sources/SurgeXTRack/640153d4e70896a707bc3a7cbff1d375c44581b6/surge/libs/simde/simde/x86/../hedley.h:195:63: note: expanded from macro 'HEDLEY_EMSCRIPTEN_VERSION_CHECK'
  195 | #  define HEDLEY_EMSCRIPTEN_VERSION_CHECK(major,minor,patch) (HEDLEY_EMSCRIPTEN_VERSION >= HEDLEY_VERSION_ENCODE(major, minor, patch))
      |                                                               ^
/Users/miu/Code/peach-cat/.cache/vcv-library-sources/SurgeXTRack/640153d4e70896a707bc3a7cbff1d375c44581b6/surge/libs/simde/simde/x86/../hedley.h:188:103: note: expanded from macro 'HEDLEY_EMSCRIPTEN_VERSION'
  188 | #  define HEDLEY_EMSCRIPTEN_VERSION HEDLEY_VERSION_ENCODE(__EMSCRIPTEN_major__, __EMSCRIPTEN_minor__, __EMSCRIPTEN_tiny__)
      |                                                                                                       ^
/opt/homebrew/Cellar/emscripten/6.0.3/libexec/cache/sysroot/include/emscripten/version.h:12:80: note: macro marked 'deprecated' here
   12 | #pragma clang deprecated(__EMSCRIPTEN_tiny__, "Use __EMSCRIPTEN_TINY__ instead")
      |                                                                                ^
In file included from /Users/miu/Code/peach-cat/.tmp/surge-reverb-compiled/surge_effect_factory.cpp:2:
In file included from /Users/miu/Code/peach-cat/.cache/vcv-library-sources/SurgeXTRack/640153d4e70896a707bc3a7cbff1d375c44581b6/surge/src/common/dsp/Effect.h:26:
In file included from /Users/miu/Code/peach-cat/.cache/vcv-library-sources/SurgeXTRack/640153d4e70896a707bc3a7cbff1d375c44581b6/surge/src/common/dsp/utilities/DSPUtils.h:29:
In file included from /Users/miu/Code/peach-cat/.cache/vcv-library-sources/SurgeXTRack/640153d4e70896a707bc3a7cbff1d375c44581b6/surge/src/common/globals.h:62:
In file included from /Users/miu/Code/peach-cat/.cache/vcv-library-sources/SurgeXTRack/640153d4e70896a707bc3a7cbff1d375c44581b6/surge/libs/simde/simde/x86/sse2.h:35:
In file included from /Users/miu/Code/peach-cat/.cache/vcv-library-sources/SurgeXTRack/640153d4e70896a707bc3a7cbff1d375c44581b6/surge/libs/simde/simde/x86/sse.h:33:
In file included from /Users/miu/Code/peach-cat/.cache/vcv-library-sources/SurgeXTRack/640153d4e70896a707bc3a7cbff1d375c44581b6/surge/libs/simde/simde/x86/mmx.h:30:
In file included from /Users/miu/Code/peach-cat/.cache/vcv-library-sources/SurgeXTRack/640153d4e70896a707bc3a7cbff1d375c44581b6/surge/libs/simde/simde/x86/../simde-common.h:47:
/Users/miu/Code/peach-cat/.cache/vcv-library-sources/SurgeXTRack/640153d4e70896a707bc3a7cbff1d375c44581b6/surge/libs/simde/simde/x86/../simde-math.h:1289:47: warning: macro '__EMSCRIPTEN_major__' has been marked as deprecated: Use __EMSCRIPTEN_MAJOR__ instead [-Wdeprecated-pragma]
 1289 |      ((!defined(HEDLEY_EMSCRIPTEN_VERSION) || HEDLEY_EMSCRIPTEN_VERSION_CHECK(3, 1, 43)) && HEDLEY_HAS_BUILTIN(__builtin_roundevenf)) || \
      |                                               ^
/Users/miu/Code/peach-cat/.cache/vcv-library-sources/SurgeXTRack/640153d4e70896a707bc3a7cbff1d375c44581b6/surge/libs/simde/simde/x86/../hedley.h:195:63: note: expanded from macro 'HEDLEY_EMSCRIPTEN_VERSION_CHECK'
  195 | #  define HEDLEY_EMSCRIPTEN_VERSION_CHECK(major,minor,patch) (HEDLEY_EMSCRIPTEN_VERSION >= HEDLEY_VERSION_ENCODE(major, minor, patch))
      |                                                               ^
/Users/miu/Code/peach-cat/.cache/vcv-library-sources/SurgeXTRack/640153d4e70896a707bc3a7cbff1d375c44581b6/surge/libs/simde/simde/x86/../hedley.h:188:59: note: expanded from macro 'HEDLEY_EMSCRIPTEN_VERSION'
  188 | #  define HEDLEY_EMSCRIPTEN_VERSION HEDLEY_VERSION_ENCODE(__EMSCRIPTEN_major__, __EMSCRIPTEN_minor__, __EMSCRIPTEN_tiny__)
      |                                                           ^
/opt/homebrew/Cellar/emscripten/6.0.3/libexec/cache/sysroot/include/emscripten/version.h:10:82: note: macro marked 'deprecated' here
   10 | #pragma clang deprecated(__EMSCRIPTEN_major__, "Use __EMSCRIPTEN_MAJOR__ instead")
      |                                                                                  ^
In file included from /Users/miu/Code/peach-cat/.tmp/surge-reverb-compiled/surge_effect_factory.cpp:2:
In file included from /Users/miu/Code/peach-cat/.cache/vcv-library-sources/SurgeXTRack/640153d4e70896a707bc3a7cbff1d375c44581b6/surge/src/common/dsp/Effect.h:26:
In file included from /Users/miu/Code/peach-cat/.cache/vcv-library-sources/SurgeXTRack/640153d4e70896a707bc3a7cbff1d375c44581b6/surge/src/common/dsp/utilities/DSPUtils.h:29:
In file included from /Users/miu/Code/peach-cat/.cache/vcv-library-sources/SurgeXTRack/640153d4e70896a707bc3a7cbff1d375c44581b6/surge/src/common/globals.h:62:
In file included from /Users/miu/Code/peach-cat/.cache/vcv-library-sources/SurgeXTRack/640153d4e70896a707bc3a7cbff1d375c44581b6/surge/libs/simde/simde/x86/sse2.h:35:
In file included from /Users/miu/Code/peach-cat/.cache/vcv-library-sources/SurgeXTRack/640153d4e70896a707bc3a7cbff1d375c44581b6/surge/libs/simde/simde/x86/sse.h:33:
In file included from /Users/miu/Code/peach-cat/.cache/vcv-library-sources/SurgeXTRack/640153d4e70896a707bc3a7cbff1d375c44581b6/surge/libs/simde/simde/x86/mmx.h:30:
In file included from /Users/miu/Code/peach-cat/.cache/vcv-library-sources/SurgeXTRack/640153d4e70896a707bc3a7cbff1d375c44581b6/surge/libs/simde/simde/x86/../simde-common.h:47:
/Users/miu/Code/peach-cat/.cache/vcv-library-sources/SurgeXTRack/640153d4e70896a707bc3a7cbff1d375c44581b6/surge/libs/simde/simde/x86/../simde-math.h:1289:47: warning: macro '__EMSCRIPTEN_minor__' has been marked as deprecated: Use __EMSCRIPTEN_MINOR__ instead [-Wdeprecated-pragma]
 1289 |      ((!defined(HEDLEY_EMSCRIPTEN_VERSION) || HEDLEY_EMSCRIPTEN_VERSION_CHECK(3, 1, 43)) && HEDLEY_HAS_BUILTIN(__builtin_roundevenf)) || \
      |                                               ^
/Users/miu/Code/peach-cat/.cache/vcv-library-sources/SurgeXTRack/640153d4e70896a707bc3a7cbff1d375c44581b6/surge/libs/simde/simde/x86/../hedley.h:195:63: note: expanded from macro 'HEDLEY_EMSCRIPTEN_VERSION_CHECK'
  195 | #  define HEDLEY_EMSCRIPTEN_VERSION_CHECK(major,minor,patch) (HEDLEY_EMSCRIPTEN_VERSION >= HEDLEY_VERSION_ENCODE(major, minor, patch))
      |                                                               ^
/Users/miu/Code/peach-cat/.cache/vcv-library-sources/SurgeXTRack/640153d4e70896a707bc3a7cbff1d375c44581b6/surge/libs/simde/simde/x86/../hedley.h:188:81: note: expanded from macro 'HEDLEY_EMSCRIPTEN_VERSION'
  188 | #  define HEDLEY_EMSCRIPTEN_VERSION HEDLEY_VERSION_ENCODE(__EMSCRIPTEN_major__, __EMSCRIPTEN_minor__, __EMSCRIPTEN_tiny__)
      |                                                                                 ^
/opt/homebrew/Cellar/emscripten/6.0.3/libexec/cache/sysroot/include/emscripten/version.h:11:82: note: macro marked 'deprecated' here
   11 | #pragma clang deprecated(__EMSCRIPTEN_minor__, "Use __EMSCRIPTEN_MINOR__ instead")
      |                                                                                  ^
In file included from /Users/miu/Code/peach-cat/.tmp/surge-reverb-compiled/surge_effect_factory.cpp:2:
In file included from /Users/miu/Code/peach-cat/.cache/vcv-library-sources/SurgeXTRack/640153d4e70896a707bc3a7cbff1d375c44581b6/surge/src/common/dsp/Effect.h:26:
In file included from /Users/miu/Code/peach-cat/.cache/vcv-library-sources/SurgeXTRack/640153d4e70896a707bc3a7cbff1d375c44581b6/surge/src/common/dsp/utilities/DSPUtils.h:29:
In file included from /Users/miu/Code/peach-cat/.cache/vcv-library-sources/SurgeXTRack/640153d4e70896a707bc3a7cbff1d375c44581b6/surge/src/common/globals.h:62:
In file included from /Users/miu/Code/peach-cat/.cache/vcv-library-sources/SurgeXTRack/640153d4e70896a707bc3a7cbff1d375c44581b6/surge/libs/simde/simde/x86/sse2.h:35:
In file included from /Users/miu/Code/peach-cat/.cache/vcv-library-sources/SurgeXTRack/640153d4e70896a707bc3a7cbff1d375c44581b6/surge/libs/simde/simde/x86/sse.h:33:
In file included from /Users/miu/Code/peach-cat/.cache/vcv-library-sources/SurgeXTRack/640153d4e70896a707bc3a7cbff1d375c44581b6/surge/libs/simde/simde/x86/mmx.h:30:
In file included from /Users/miu/Code/peach-cat/.cache/vcv-library-sources/SurgeXTRack/640153d4e70896a707bc3a7cbff1d375c44581b6/surge/libs/simde/simde/x86/../simde-common.h:47:
/Users/miu/Code/peach-cat/.cache/vcv-library-sources/SurgeXTRack/640153d4e70896a707bc3a7cbff1d375c44581b6/surge/libs/simde/simde/x86/../simde-math.h:1289:47: warning: macro '__EMSCRIPTEN_tiny__' has been marked as deprecated: Use __EMSCRIPTEN_TINY__ instead [-Wdeprecated-pragma]
 1289 |      ((!defined(HEDLEY_EMSCRIPTEN_VERSION) || HEDLEY_EMSCRIPTEN_VERSION_CHECK(3, 1, 43)) && HEDLEY_HAS_BUILTIN(__builtin_roundevenf)) || \
      |                                               ^
/Users/miu/Code/peach-cat/.cache/vcv-library-sources/SurgeXTRack/640153d4e70896a707bc3a7cbff1d375c44581b6/surge/libs/simde/simde/x86/../hedley.h:195:63: note: expanded from macro 'HEDLEY_EMSCRIPTEN_VERSION_CHECK'
  195 | #  define HEDLEY_EMSCRIPTEN_VERSION_CHECK(major,minor,patch) (HEDLEY_EMSCRIPTEN_VERSION >= HEDLEY_VERSION_ENCODE(major, minor, patch))
      |                                                               ^
/Users/miu/Code/peach-cat/.cache/vcv-library-sources/SurgeXTRack/640153d4e70896a707bc3a7cbff1d375c44581b6/surge/libs/simde/simde/x86/../hedley.h:188:103: note: expanded from macro 'HEDLEY_EMSCRIPTEN_VERSION'
  188 | #  define HEDLEY_EMSCRIPTEN_VERSION HEDLEY_VERSION_ENCODE(__EMSCRIPTEN_major__, __EMSCRIPTEN_minor__, __EMSCRIPTEN_tiny__)
      |                                                                                                       ^
/opt/homebrew/Cellar/emscripten/6.0.3/libexec/cache/sysroot/include/emscripten/version.h:12:80: note: macro marked 'deprecated' here
   12 | #pragma clang deprecated(__EMSCRIPTEN_tiny__, "Use __EMSCRIPTEN_TINY__ instead")
      |                                                                                ^
6 warnings generated.
{
  "schemaVersion": 1,
  "key": "SurgeXTRack/SurgeXTFXReverb",
  "libraryUrl": "https://library.vcvrack.com/SurgeXTRack/SurgeXTFXReverb",
  "manifest": {
    "slug": "SurgeXTRack",
    "name": "Surge XT",
    "version": "2.2.9.0",
    "license": "GPL-3.0-or-later",
    "sourceUrl": "https://github.com/surge-synthesizer/surge-rack/",
    "module": {
      "slug": "SurgeXTFXReverb",
      "name": "Reverb",
      "description": "The Surge XT Reverb",
      "tags": [
        "Effect",
        "Polyphonic",
        "Reverb"
      ]
    }
  },
  "source": {
    "directory": "/Users/miu/Code/peach-cat/.cache/vcv-library-sources/SurgeXTRack/640153d4e70896a707bc3a7cbff1d375c44581b6",
    "commit": "640153d4e70896a707bc3a7cbff1d375c44581b6",
    "file": "src/FX.h",
    "registrationFile": "src/FX.cpp",
    "moduleClass": "sst::surgext_rack::fx::FX<fxt_reverb>",
    "widgetClass": "fxui::FXWidget<fxt_reverb>"
  },
  "detected": {
    "template": {
      "declaration": "template <int fxType>",
      "parameters": [
        "fxType"
      ],
      "arguments": [
        "fxt_reverb"
      ],
      "constants": {}
    },
    "constants": {
      "PORT_MAX_CHANNELS": 16,
      "n_mod_inputs": 4,
      "n_arbitrary_switches": 4,
      "n_fx_params": 12,
      "FXConfig.extraInputs": 0,
      "FXConfig.extraSchmidtTriggers": 1,
      "FXConfig.extraOutputs": 0,
      "FXConfig.specificParamCount": 2,
      "FXConfig.panelWidthInScrews": 12,
      "FXConfig.numParams": 11,
      "FXConfig.rescaleInputFactor": 1
    },
    "counts": {},
    "panelWidth": null,
    "namespace": [
      "sst",
      "surgext_rack",
      "fx"
    ],
    "expander": null,
    "prelude": true,
    "defines": true,
    "dependencyFiles": [
      "surge/src/common/dsp/Effect.h",
      "src/XTModule.h",
      "surge/src/common/DebugHelpers.h",
      "surge/src/common/FxPresetAndClipboardManager.h",
      "surge/src/common/dsp/effects/Reverb1Effect.h",
      "surge/src/common/SurgeStorage.h",
      "surge/src/common/dsp/vembertech/lipol.h",
      "surge/libs/fmt/include/fmt/core.h",
      "surge/libs/sst/sst-plugininfra/include/sst/plugininfra/cpufeatures.h",
      "surge/src/common/version.h",
      "src/XTModuleWidget.h",
      "surge/src/common/dsp/effects/SurgeSSTFXAdapter.h",
      "surge/libs/sst/sst-effects/include/sst/effects/Reverb1.h",
      "surge/src/common/globals.h",
      "surge/src/common/Parameter.h",
      "surge/src/common/dsp/utilities/DSPUtils.h",
      "surge/src/common/ModulationSource.h",
      "surge/src/common/dsp/Wavetable.h",
      "surge/libs/sst/sst-plugininfra/libs/tinyxml/include/tinyxml/tinyxml.h",
      "surge/libs/tuning-library/include/Tunings.h",
      "surge/src/common/PatchDB.h",
      "surge/src/common/UserDefaults.h",
      "surge/src/common/FilterConfiguration.h",
      "surge/libs/sst/sst-basic-blocks/include/sst/basic-blocks/params/ParamMetadata.h",
      "surge/libs/sst/sst-filters/include/sst/filters/BiquadFilter.h",
      "surge/src/common/SkinModel.h",
      "surge/src/common/dsp/vembertech/basic_dsp.h",
      "surge/libs/eurorack/eurorack/plaits/dsp/physical_modelling/string.h",
      "surge/libs/sst/sst-plugininfra/libs/tinyxml/include/tinyxml/tinystr.h",
      "surge/libs/sst/sst-cpputils/include/sst/cpputils/algorithms.h",
      "surge/libs/sst/sst-cpputils/include/sst/cpputils/ring_buffer.h",
      "surge/libs/sst/sst-plugininfra/include/sst/plugininfra/userdefaults.h",
      "surge/libs/simde/simde/x86/sse.h",
      "surge/libs/simde/simde/x86/sse2.h",
      "surge/libs/simde/simde/simde-f16.h",
      "surge/libs/eurorack/eurorack/stmlib/dsp/filter.h",
      "surge/libs/eurorack/eurorack/stmlib/utils/buffer_allocator.h",
      "surge/libs/eurorack/eurorack/plaits/dsp/physical_modelling/delay_line.h",
      "surge/libs/sst/sst-filters/include/sst/filters/DiodeLadder.h",
      "surge/libs/sst/sst-filters/include/sst/filters/QuadFilterUnit_Impl.h",
      "surge/libs/sst/sst-filters/include/sst/filters/FilterCoefficientMaker_Impl.h",
      "surge/libs/simde/simde/x86/mmx.h",
      "surge/libs/simde/simde/simde-common.h",
      "surge/libs/eurorack/eurorack/stmlib/dsp/dsp.h",
      "surge/libs/sst/sst-filters/include/sst/filters/QuadFilterUnit.h",
      "surge/libs/sst/sst-filters/include/sst/filters/FilterCoefficientMaker.h",
      "surge/libs/sst/sst-waveshapers/include/sst/waveshapers/Saturators.h",
      "surge/libs/sst/sst-waveshapers/include/sst/waveshapers/Harmonics.h",
      "surge/libs/sst/sst-waveshapers/include/sst/waveshapers/Wavefolders.h",
      "surge/libs/simde/simde/simde-math.h",
      "surge/libs/sst/sst-filters/include/sst/filters/TuningProvider.h",
      "surge/libs/sst/sst-waveshapers/include/sst/waveshapers/WaveshaperTables.h",
      "surge/libs/sst/sst-waveshapers/include/sst/waveshapers/WaveshaperLUT.h",
      "surge/libs/simde/simde/mips/msa/types.h"
    ],
    "outOfLineDefinitions": 0,
    "inheritance": {
      "directBase": "modules::XTModule",
      "secondaryBases": [
        "sst::rackhelpers::module_connector::NeighborConnectable_V1"
      ],
      "chain": [
        {
          "name": "XTModule",
          "base": "rack::Module",
          "missing": false
        }
      ]
    },
    "enums": {
      "params": {
        "name": "ParamIds",
        "raw": "FX_PARAM_0 = 0,\n        FX_MOD_PARAM_0 = FX_PARAM_0 + n_fx_params,\n        FX_SPECIFIC_PARAM_0 = FX_MOD_PARAM_0 + n_fx_params * n_mod_inputs,\n        NUM_PARAMS = FX_SPECIFIC_PARAM_0 + FXConfig<fxType>::specificParamCount()",
        "identifiers": [
          "FX_PARAM_0",
          "FX_MOD_PARAM_0",
          "FX_SPECIFIC_PARAM_0",
          "NUM_PARAMS"
        ],
        "assignments": {
          "FX_PARAM_0": "0",
          "FX_MOD_PARAM_0": "FX_PARAM_0 + n_fx_params",
          "FX_SPECIFIC_PARAM_0": "FX_MOD_PARAM_0 + n_fx_params * n_mod_inputs",
          "NUM_PARAMS": "FX_SPECIFIC_PARAM_0 + FXConfig<fxType>::specificParamCount()"
        }
      },
      "inputs": {
        "name": "InputIds",
        "raw": "INPUT_L,\n        INPUT_R,\n        SIDEBAND_L,\n        SIDEBAND_R,\n        INPUT_CLOCK,\n        MOD_INPUT_0,\n        INPUT_SPECIFIC_0 = MOD_INPUT_0 + n_mod_inputs,\n        NUM_INPUTS = INPUT_SPECIFIC_0 + FXConfig<fxType>::extraInputs()",
        "identifiers": [
          "INPUT_L",
          "INPUT_R",
          "SIDEBAND_L",
          "SIDEBAND_R",
          "INPUT_CLOCK",
          "MOD_INPUT_0",
          "INPUT_SPECIFIC_0",
          "NUM_INPUTS"
        ],
        "assignments": {
          "INPUT_SPECIFIC_0": "MOD_INPUT_0 + n_mod_inputs",
          "NUM_INPUTS": "INPUT_SPECIFIC_0 + FXConfig<fxType>::extraInputs()"
        }
      },
      "outputs": {
        "name": "OutputIds",
        "raw": "OUTPUT_L,\n        OUTPUT_R,\n        EXTRA_OUTPUT_0,\n        NUM_OUTPUTS = EXTRA_OUTPUT_0 + FXConfig<fxType>::extraOutputs()",
        "identifiers": [
          "OUTPUT_L",
          "OUTPUT_R",
          "EXTRA_OUTPUT_0",
          "NUM_OUTPUTS"
        ],
        "assignments": {
          "NUM_OUTPUTS": "EXTRA_OUTPUT_0 + FXConfig<fxType>::extraOutputs()"
        }
      },
      "lights": {
        "name": "LightIds",
        "raw": "NUM_LIGHTS",
        "identifiers": [
          "NUM_LIGHTS"
        ]
      }
    },
    "config": {
      "params": [
        "FX_PARAM_0 + 0, 0, 1, fxstorage->p[0].get_value_f01()",
        "FX_PARAM_0 + 1, 0, 1, fxstorage->p[1].get_value_f01()",
        "FX_PARAM_0 + 2, 0, 1, fxstorage->p[2].get_value_f01()",
        "FX_PARAM_0 + 3, 0, 1, fxstorage->p[3].get_value_f01()",
        "FX_PARAM_0 + 4, 0, 1, fxstorage->p[4].get_value_f01()",
        "FX_PARAM_0 + 5, 0, 1, fxstorage->p[5].get_value_f01()",
        "FX_PARAM_0 + 6, 0, 1, fxstorage->p[6].get_value_f01()",
        "FX_PARAM_0 + 7, 0, 1, fxstorage->p[7].get_value_f01()",
        "FX_PARAM_0 + 8, 0, 1, fxstorage->p[8].get_value_f01()",
        "FX_PARAM_0 + 9, 0, 1, fxstorage->p[9].get_value_f01()",
        "FX_PARAM_0 + 10, 0, 1, fxstorage->p[10].get_value_f01()",
        "FX_PARAM_0 + 11, 0, 1, fxstorage->p[11].get_value_f01()",
        "FX_MOD_PARAM_0 + 0, -1, 1, 0, name",
        "FX_MOD_PARAM_0 + 1, -1, 1, 0, name",
        "FX_MOD_PARAM_0 + 2, -1, 1, 0, name",
        "FX_MOD_PARAM_0 + 3, -1, 1, 0, name",
        "FX_MOD_PARAM_0 + 4, -1, 1, 0, name",
        "FX_MOD_PARAM_0 + 5, -1, 1, 0, name",
        "FX_MOD_PARAM_0 + 6, -1, 1, 0, name",
        "FX_MOD_PARAM_0 + 7, -1, 1, 0, name",
        "FX_MOD_PARAM_0 + 8, -1, 1, 0, name",
        "FX_MOD_PARAM_0 + 9, -1, 1, 0, name",
        "FX_MOD_PARAM_0 + 10, -1, 1, 0, name",
        "FX_MOD_PARAM_0 + 11, -1, 1, 0, name",
        "FX_MOD_PARAM_0 + 12, -1, 1, 0, name",
        "FX_MOD_PARAM_0 + 13, -1, 1, 0, name",
        "FX_MOD_PARAM_0 + 14, -1, 1, 0, name",
        "FX_MOD_PARAM_0 + 15, -1, 1, 0, name",
        "FX_MOD_PARAM_0 + 16, -1, 1, 0, name",
        "FX_MOD_PARAM_0 + 17, -1, 1, 0, name",
        "FX_MOD_PARAM_0 + 18, -1, 1, 0, name",
        "FX_MOD_PARAM_0 + 19, -1, 1, 0, name",
        "FX_MOD_PARAM_0 + 20, -1, 1, 0, name",
        "FX_MOD_PARAM_0 + 21, -1, 1, 0, name",
        "FX_MOD_PARAM_0 + 22, -1, 1, 0, name",
        "FX_MOD_PARAM_0 + 23, -1, 1, 0, name",
        "FX_MOD_PARAM_0 + 24, -1, 1, 0, name",
        "FX_MOD_PARAM_0 + 25, -1, 1, 0, name",
        "FX_MOD_PARAM_0 + 26, -1, 1, 0, name",
        "FX_MOD_PARAM_0 + 27, -1, 1, 0, name",
        "FX_MOD_PARAM_0 + 28, -1, 1, 0, name",
        "FX_MOD_PARAM_0 + 29, -1, 1, 0, name",
        "FX_MOD_PARAM_0 + 30, -1, 1, 0, name",
        "FX_MOD_PARAM_0 + 31, -1, 1, 0, name",
        "FX_MOD_PARAM_0 + 32, -1, 1, 0, name",
        "FX_MOD_PARAM_0 + 33, -1, 1, 0, name",
        "FX_MOD_PARAM_0 + 34, -1, 1, 0, name",
        "FX_MOD_PARAM_0 + 35, -1, 1, 0, name",
        "FX_MOD_PARAM_0 + 36, -1, 1, 0, name",
        "FX_MOD_PARAM_0 + 37, -1, 1, 0, name",
        "FX_MOD_PARAM_0 + 38, -1, 1, 0, name",
        "FX_MOD_PARAM_0 + 39, -1, 1, 0, name",
        "FX_MOD_PARAM_0 + 40, -1, 1, 0, name",
        "FX_MOD_PARAM_0 + 41, -1, 1, 0, name",
        "FX_MOD_PARAM_0 + 42, -1, 1, 0, name",
        "FX_MOD_PARAM_0 + 43, -1, 1, 0, name",
        "FX_MOD_PARAM_0 + 44, -1, 1, 0, name",
        "FX_MOD_PARAM_0 + 45, -1, 1, 0, name",
        "FX_MOD_PARAM_0 + 46, -1, 1, 0, name",
        "FX_MOD_PARAM_0 + 47, -1, 1, 0, name"
      ],
      "switches": [],
      "buttons": [],
      "inputs": [
        "INPUT_L, \"Left\"",
        "INPUT_R, \"Right\"",
        "INPUT_CLOCK, \"Clock/Tempo CV\"",
        "SIDEBAND_L, \"Left Sideband\"",
        "SIDEBAND_R, \"Right Sideband\"",
        "MOD_INPUT_0 + 0, s",
        "MOD_INPUT_0 + 1, s",
        "MOD_INPUT_0 + 2, s",
        "MOD_INPUT_0 + 3, s"
      ],
      "outputs": [
        "OUTPUT_L, \"Left (or Mono merged)\"",
        "OUTPUT_R, \"Right\""
      ],
      "bypass": [
        "INPUT_L, OUTPUT_L",
        "INPUT_R, OUTPUT_R"
      ]
    },
    "features": [
      "custom-state",
      "rack-dsp",
      "assets",
      "rack-app",
      "json",
      "sample-rate-event",
      "bypass-routes"
    ],
    "stateKeys": [
      {
        "key": "streamingVersion",
        "type": "integer"
      },
      {
        "key": "isCoupledToGlobalStyle",
        "type": "boolean"
      },
      {
        "key": "localStyle",
        "type": "integer"
      },
      {
        "key": "localDisplayRegionColor",
        "type": "integer"
      },
      {
        "key": "localModulationColor",
        "type": "integer"
      },
      {
        "key": "localControlValueColor",
        "type": "integer"
      },
      {
        "key": "localPowerButtonColor",
        "type": "integer"
      },
      {
        "key": "clockStyle",
        "type": "integer"
      },
      {
        "key": "loadedPreset",
        "type": "integer"
      },
      {
        "key": "presetIsDirty",
        "type": "boolean"
      },
      {
        "key": "polyphonicMode",
        "type": "boolean"
      }
    ],
    "includes": [
      "cmath",
      "SurgeXT.h",
      "dsp/Effect.h",
      "XTModule.h",
      "rack.hpp",
      "cstring",
      "DebugHelpers.h",
      "FxPresetAndClipboardManager.h",
      "LayoutEngine.h",
      "sst/rackhelpers/neighbor_connectable.h",
      "sst/filters/HalfRateFilter.h",
      "FX.h",
      "FXConfig.h",
      "XTModuleWidget.h",
      "XTWidgets.h"
    ],
    "triggerParamBases": [],
    "staticMemoryBytes": 16777216
  },
  "assessment": {
    "strategy": "direct-rack-source-adapter",
    "compileEligible": true,
    "requiresReview": true,
    "blockers": []
  },
  "runtimeDraft": {
    "key": "SurgeXTRack/SurgeXTFXReverb",
    "plugin": "SurgeXTRack",
    "model": "SurgeXTFXReverb",
    "name": "Reverb",
    "brand": "Surge XT",
    "version": "2.2.9.0",
    "license": "GPL-3.0-or-later",
    "sourceUrl": "https://github.com/surge-synthesizer/surge-rack/",
    "libraryUrl": "https://library.vcvrack.com/SurgeXTRack/SurgeXTFXReverb",
    "screenshotUrl": "https://library.vcvrack.com/screenshots/400/SurgeXTRack/SurgeXTFXReverb.webp",
    "wasmUrl": "./module.wasm",
    "width": 180,
    "description": "The Surge XT Reverb",
    "params": [
      {
        "id": 0,
        "name": "FX_PARAM_0 + 0",
        "min": 0,
        "max": 1,
        "default": 0.3076923191547394
      },
      {
        "id": 1,
        "name": "FX_PARAM_0 + 1",
        "min": 0,
        "max": 1,
        "default": 0.004999999888241291
      },
      {
        "id": 2,
        "name": "FX_PARAM_0 + 2",
        "min": 0,
        "max": 1,
        "default": 0.5
      },
      {
        "id": 3,
        "name": "FX_PARAM_0 + 3",
        "min": 0,
        "max": 1,
        "default": 0.5
      },
      {
        "id": 4,
        "name": "FX_PARAM_0 + 4",
        "min": 0,
        "max": 1,
        "default": 0.20000000298023224
      },
      {
        "id": 5,
        "name": "FX_PARAM_0 + 5",
        "min": 0,
        "max": 1,
        "default": 0.2769230902194977
      },
      {
        "id": 6,
        "name": "FX_PARAM_0 + 6",
        "min": 0,
        "max": 1,
        "default": 0.4615384638309479
      },
      {
        "id": 7,
        "name": "FX_PARAM_0 + 7",
        "min": 0,
        "max": 1,
        "default": 0.5
      },
      {
        "id": 8,
        "name": "FX_PARAM_0 + 8",
        "min": 0,
        "max": 1,
        "default": 1.0153846740722656
      },
      {
        "id": 9,
        "name": "FX_PARAM_0 + 9",
        "min": 0,
        "max": 1,
        "default": 0.5
      },
      {
        "id": 10,
        "name": "FX_PARAM_0 + 10",
        "min": 0,
        "max": 1,
        "default": 0.5
      },
      {
        "id": 11,
        "name": "FX_PARAM_0 + 11",
        "min": 0,
        "max": 1,
        "default": 0
      },
      {
        "id": 12,
        "name": "FX_MOD_PARAM_0 + 0",
        "min": -1,
        "max": 1,
        "default": 0
      },
      {
        "id": 13,
        "name": "FX_MOD_PARAM_0 + 1",
        "min": -1,
        "max": 1,
        "default": 0
      },
      {
        "id": 14,
        "name": "FX_MOD_PARAM_0 + 2",
        "min": -1,
        "max": 1,
        "default": 0
      },
      {
        "id": 15,
        "name": "FX_MOD_PARAM_0 + 3",
        "min": -1,
        "max": 1,
        "default": 0
      },
      {
        "id": 16,
        "name": "FX_MOD_PARAM_0 + 4",
        "min": -1,
        "max": 1,
        "default": 0
      },
      {
        "id": 17,
        "name": "FX_MOD_PARAM_0 + 5",
        "min": -1,
        "max": 1,
        "default": 0
      },
      {
        "id": 18,
        "name": "FX_MOD_PARAM_0 + 6",
        "min": -1,
        "max": 1,
        "default": 0
      },
      {
        "id": 19,
        "name": "FX_MOD_PARAM_0 + 7",
        "min": -1,
        "max": 1,
        "default": 0
      },
      {
        "id": 20,
        "name": "FX_MOD_PARAM_0 + 8",
        "min": -1,
        "max": 1,
        "default": 0
      },
      {
        "id": 21,
        "name": "FX_MOD_PARAM_0 + 9",
        "min": -1,
        "max": 1,
        "default": 0
      },
      {
        "id": 22,
        "name": "FX_MOD_PARAM_0 + 10",
        "min": -1,
        "max": 1,
        "default": 0
      },
      {
        "id": 23,
        "name": "FX_MOD_PARAM_0 + 11",
        "min": -1,
        "max": 1,
        "default": 0
      },
      {
        "id": 24,
        "name": "FX_MOD_PARAM_0 + 12",
        "min": -1,
        "max": 1,
        "default": 0
      },
      {
        "id": 25,
        "name": "FX_MOD_PARAM_0 + 13",
        "min": -1,
        "max": 1,
        "default": 0
      },
      {
        "id": 26,
        "name": "FX_MOD_PARAM_0 + 14",
        "min": -1,
        "max": 1,
        "default": 0
      },
      {
        "id": 27,
        "name": "FX_MOD_PARAM_0 + 15",
        "min": -1,
        "max": 1,
        "default": 0
      },
      {
        "id": 28,
        "name": "FX_MOD_PARAM_0 + 16",
        "min": -1,
        "max": 1,
        "default": 0
      },
      {
        "id": 29,
        "name": "FX_MOD_PARAM_0 + 17",
        "min": -1,
        "max": 1,
        "default": 0
      },
      {
        "id": 30,
        "name": "FX_MOD_PARAM_0 + 18",
        "min": -1,
        "max": 1,
        "default": 0
      },
      {
        "id": 31,
        "name": "FX_MOD_PARAM_0 + 19",
        "min": -1,
        "max": 1,
        "default": 0
      },
      {
        "id": 32,
        "name": "FX_MOD_PARAM_0 + 20",
        "min": -1,
        "max": 1,
        "default": 0
      },
      {
        "id": 33,
        "name": "FX_MOD_PARAM_0 + 21",
        "min": -1,
        "max": 1,
        "default": 0
      },
      {
        "id": 34,
        "name": "FX_MOD_PARAM_0 + 22",
        "min": -1,
        "max": 1,
        "default": 0
      },
      {
        "id": 35,
        "name": "FX_MOD_PARAM_0 + 23",
        "min": -1,
        "max": 1,
        "default": 0
      },
      {
        "id": 36,
        "name": "FX_MOD_PARAM_0 + 24",
        "min": -1,
        "max": 1,
        "default": 0
      },
      {
        "id": 37,
        "name": "FX_MOD_PARAM_0 + 25",
        "min": -1,
        "max": 1,
        "default": 0
      },
      {
        "id": 38,
        "name": "FX_MOD_PARAM_0 + 26",
        "min": -1,
        "max": 1,
        "default": 0
      },
      {
        "id": 39,
        "name": "FX_MOD_PARAM_0 + 27",
        "min": -1,
        "max": 1,
        "default": 0
      },
      {
        "id": 40,
        "name": "FX_MOD_PARAM_0 + 28",
        "min": -1,
        "max": 1,
        "default": 0
      },
      {
        "id": 41,
        "name": "FX_MOD_PARAM_0 + 29",
        "min": -1,
        "max": 1,
        "default": 0
      },
      {
        "id": 42,
        "name": "FX_MOD_PARAM_0 + 30",
        "min": -1,
        "max": 1,
        "default": 0
      },
      {
        "id": 43,
        "name": "FX_MOD_PARAM_0 + 31",
        "min": -1,
        "max": 1,
        "default": 0
      },
      {
        "id": 44,
        "name": "FX_MOD_PARAM_0 + 32",
        "min": -1,
        "max": 1,
        "default": 0
      },
      {
        "id": 45,
        "name": "FX_MOD_PARAM_0 + 33",
        "min": -1,
        "max": 1,
        "default": 0
      },
      {
        "id": 46,
        "name": "FX_MOD_PARAM_0 + 34",
        "min": -1,
        "max": 1,
        "default": 0
      },
      {
        "id": 47,
        "name": "FX_MOD_PARAM_0 + 35",
        "min": -1,
        "max": 1,
        "default": 0
      },
      {
        "id": 48,
        "name": "FX_MOD_PARAM_0 + 36",
        "min": -1,
        "max": 1,
        "default": 0
      },
      {
        "id": 49,
        "name": "FX_MOD_PARAM_0 + 37",
        "min": -1,
        "max": 1,
        "default": 0
      },
      {
        "id": 50,
        "name": "FX_MOD_PARAM_0 + 38",
        "min": -1,
        "max": 1,
        "default": 0
      },
      {
        "id": 51,
        "name": "FX_MOD_PARAM_0 + 39",
        "min": -1,
        "max": 1,
        "default": 0
      },
      {
        "id": 52,
        "name": "FX_MOD_PARAM_0 + 40",
        "min": -1,
        "max": 1,
        "default": 0
      },
      {
        "id": 53,
        "name": "FX_MOD_PARAM_0 + 41",
        "min": -1,
        "max": 1,
        "default": 0
      },
      {
        "id": 54,
        "name": "FX_MOD_PARAM_0 + 42",
        "min": -1,
        "max": 1,
        "default": 0
      },
      {
        "id": 55,
        "name": "FX_MOD_PARAM_0 + 43",
        "min": -1,
        "max": 1,
        "default": 0
      },
      {
        "id": 56,
        "name": "FX_MOD_PARAM_0 + 44",
        "min": -1,
        "max": 1,
        "default": 0
      },
      {
        "id": 57,
        "name": "FX_MOD_PARAM_0 + 45",
        "min": -1,
        "max": 1,
        "default": 0
      },
      {
        "id": 58,
        "name": "FX_MOD_PARAM_0 + 46",
        "min": -1,
        "max": 1,
        "default": 0
      },
      {
        "id": 59,
        "name": "FX_MOD_PARAM_0 + 47",
        "min": -1,
        "max": 1,
        "default": 0
      },
      {
        "id": 60,
        "name": "Param 61",
        "min": 0,
        "max": 1,
        "default": 1
      },
      {
        "id": 61,
        "name": "Param 62",
        "min": 0,
        "max": 1,
        "default": 1
      }
    ],
    "inputs": [
      {
        "id": 0,
        "name": "Left",
        "kind": "audio"
      },
      {
        "id": 1,
        "name": "Right",
        "kind": "audio"
      },
      {
        "id": 2,
        "name": "Left Sideband",
        "kind": "audio"
      },
      {
        "id": 3,
        "name": "Right Sideband",
        "kind": "audio"
      },
      {
        "id": 4,
        "name": "Clock/Tempo CV",
        "kind": "gate"
      },
      {
        "id": 5,
        "name": "MOD_INPUT_0 + 0",
        "kind": "cv"
      },
      {
        "id": 6,
        "name": "MOD_INPUT_0 + 1",
        "kind": "cv"
      },
      {
        "id": 7,
        "name": "MOD_INPUT_0 + 2",
        "kind": "cv"
      },
      {
        "id": 8,
        "name": "MOD_INPUT_0 + 3",
        "kind": "cv"
      }
    ],
    "outputs": [
      {
        "id": 0,
        "name": "Left (or Mono merged)",
        "kind": "audio"
      },
      {
        "id": 1,
        "name": "Right",
        "kind": "audio"
      }
    ],
    "lights": 0,
    "stateKeys": [
      {
        "key": "streamingVersion",
        "type": "integer"
      },
      {
        "key": "isCoupledToGlobalStyle",
        "type": "boolean"
      },
      {
        "key": "localStyle",
        "type": "integer"
      },
      {
        "key": "localDisplayRegionColor",
        "type": "integer"
      },
      {
        "key": "localModulationColor",
        "type": "integer"
      },
      {
        "key": "localControlValueColor",
        "type": "integer"
      },
      {
        "key": "localPowerButtonColor",
        "type": "integer"
      },
      {
        "key": "clockStyle",
        "type": "integer"
      },
      {
        "key": "loadedPreset",
        "type": "integer"
      },
      {
        "key": "presetIsDirty",
        "type": "boolean"
      },
      {
        "key": "polyphonicMode",
        "type": "boolean"
      }
    ],
    "bypassRoutes": [
      [
        0,
        0
      ],
      [
        1,
        1
      ]
    ],
    "runtime": {
      "initialMemory": 20971520
    }
  },
  "output": "/Users/miu/Code/peach-cat/.tmp/surge-reverb-compiled",
  "artifact": "/Users/miu/Code/peach-cat/.tmp/surge-reverb-compiled/module.wasm",
  "temporarySource": false
}
